transaction_id,amount,transaction_hour,customer_age,transactions_last_24h,avg_transaction_amount,distance_from_last_transaction,is_new_device,is_international,failed_attempts,merchant_risk,is_fraud
1,1802.11,9,55,2,179.71,14.94,1,0,0,2,0
2,955.02,23,64,4,264.01,103.69,1,0,1,2,0
3,2095.8,16,32,5,1925.24,27.84,0,0,0,1,0
4,5029.27,20,26,0,1363.02,99.29,0,0,0,4,1
5,867.7,1,30,5,752.95,67.83,0,0,0,4,0
6,867.71,5,40,4,2257.85,4.83,0,0,0,5,0
7,5319.92,4,50,4,903.15,83.99,0,1,1,3,0
8,2362.4,3,26,4,679.96,38.81,1,0,1,3,1
9,685.76,1,20,2,225.14,56.6,0,0,1,1,0
10,1886.65,11,47,1,532.73,12.36,0,0,0,4,0
11,689.92,2,26,2,1455.97,0.01,0,0,0,1,0
12,688.33,5,69,5,1041.38,20.3,0,0,0,3,0
13,1396.83,23,42,2,3184.1,10.57,0,0,1,5,0
14,161.86,13,64,1,678.09,28.57,0,0,1,1,0
15,195.41,7,41,5,85.84,4.76,0,0,2,1,0
16,624.98,20,49,3,904.95,112.71,0,1,2,3,1
17,398.29,20,24,1,93.78,6.32,0,0,0,4,1
18,1501.54,13,53,0,453.47,72.24,0,0,4,3,0
19,442.29,2,42,5,1359.13,140.11,0,0,0,5,1
20,267.12,15,37,3,2558.29,8.02,0,0,0,4,0
21,4748.81,14,34,3,290.68,21.27,0,0,0,5,0
22,875.0,6,53,2,915.08,65.66,0,0,0,3,0
23,1173.24,14,43,2,2346.14,62.67,0,0,2,4,0
24,263.82,12,36,3,718.39,1.91,0,0,0,3,0
25,636.27,5,54,2,406.39,3.67,1,0,0,1,0
26,1225.28,14,65,5,2914.83,6.4,0,0,0,1,0
27,346.89,16,20,3,1470.73,41.97,0,0,1,4,0
28,1596.71,3,60,4,701.6,2.83,0,0,0,4,0
29,601.46,21,45,3,195.77,44.39,0,0,0,5,0
30,819.18,21,39,5,500.16,20.96,1,0,1,3,0
31,600.82,13,64,1,370.89,55.34,0,0,1,5,0
32,6990.3,14,36,3,168.29,76.17,1,0,2,3,1
33,1081.93,11,63,4,1957.57,78.37,0,0,0,2,0
34,380.81,18,33,2,1052.07,1.92,0,0,0,5,0
35,2496.25,21,23,1,376.94,147.06,0,0,0,4,0
36,323.49,9,54,1,416.53,44.17,0,1,2,1,0
37,1351.36,5,48,3,460.98,113.02,0,0,0,3,0
38,154.52,8,66,3,299.24,47.74,1,0,0,5,0
39,290.56,1,65,1,6489.01,33.09,0,0,0,3,1
40,1335.23,3,51,6,375.11,65.42,0,0,2,5,0
41,2294.95,8,48,2,514.03,12.39,0,0,1,4,0
42,1301.62,14,28,1,383.66,5.45,0,0,1,2,0
43,976.87,12,53,6,158.55,4.74,0,0,1,5,0
44,811.51,19,23,3,248.13,94.57,0,0,2,3,0
45,250.0,7,44,1,1552.78,121.77,0,0,1,5,1
46,533.87,18,24,2,512.47,84.21,0,0,1,5,0
47,691.84,18,66,2,926.73,117.4,0,0,0,3,1
48,3156.19,15,49,4,958.63,209.24,1,0,0,5,1
49,1546.3,10,25,3,960.6,37.33,0,0,5,1,0
50,188.1,9,50,3,381.83,8.35,0,1,2,2,0
51,1516.38,7,64,5,2569.79,46.82,0,0,0,4,1
52,746.14,0,69,1,1389.85,21.84,0,1,1,2,0
53,557.29,9,61,3,973.52,21.27,0,0,2,5,0
54,2021.66,17,32,5,813.12,65.06,0,0,1,5,0
55,3074.81,2,44,3,220.97,4.75,0,0,2,2,0
56,2782.99,10,47,3,1291.49,1.91,0,0,1,2,0
57,473.8,17,39,2,598.5,59.42,1,0,2,3,0
58,804.96,2,64,4,347.87,15.1,0,0,0,3,0
59,1527.31,7,46,4,293.86,24.35,0,0,1,4,0
60,2908.94,13,58,4,1459.71,18.38,0,0,2,2,0
61,679.14,5,65,0,217.63,47.7,0,0,3,1,0
62,910.82,14,47,4,483.24,8.39,0,0,2,2,0
63,362.73,13,19,2,755.97,63.75,0,1,0,2,0
64,331.55,6,32,2,590.9,129.46,0,0,2,2,0
65,2471.36,9,64,5,928.15,90.43,0,0,1,5,0
66,4256.66,14,44,3,1702.27,118.78,0,1,0,2,0
67,1020.44,9,24,2,1091.1,138.29,0,0,0,2,0
68,2991.51,21,44,5,700.46,23.29,0,0,1,5,0
69,1574.41,16,38,2,465.42,79.42,0,0,0,4,1
70,575.29,18,30,1,211.29,34.14,0,0,3,5,0
71,1574.03,16,34,3,631.85,15.72,0,0,1,4,0
72,5105.31,11,28,3,492.86,68.69,0,1,2,1,1
73,1058.04,14,27,1,1014.88,13.99,0,1,2,1,0
74,5242.97,11,50,3,596.55,5.81,0,0,1,5,0
75,79.86,8,31,1,1527.95,60.97,0,0,0,3,0
76,2494.65,4,54,4,467.7,16.95,1,0,2,3,0
77,1196.37,3,25,3,425.12,18.26,0,0,1,4,0
78,813.21,11,50,4,932.92,106.48,0,0,0,4,0
79,1202.02,15,24,3,724.88,7.28,0,0,0,1,0
80,150.27,8,51,6,901.34,72.38,0,0,0,1,0
81,880.36,2,24,1,598.58,24.41,0,1,2,3,0
82,1567.3,20,24,3,679.16,111.75,0,0,1,1,0
83,4807.32,2,58,5,524.72,29.02,0,0,2,5,0
84,653.1,17,53,2,739.75,26.3,0,1,1,5,0
85,488.58,16,24,3,1788.23,28.09,0,0,3,1,0
86,663.97,9,37,2,442.6,90.91,0,0,1,4,0
87,2739.15,1,35,5,409.58,0.53,0,0,0,2,0
88,1523.48,23,62,0,858.91,61.02,0,0,1,5,0
89,645.64,10,60,1,573.5,11.49,0,1,2,5,0
90,1832.19,23,58,3,2059.2,106.91,0,0,0,1,0
91,1208.43,2,31,3,1164.17,23.57,0,0,0,3,0
92,2888.94,22,57,4,1318.5,20.7,1,0,0,5,0
93,543.45,22,31,4,1416.92,62.35,0,0,1,4,1
94,790.24,1,38,4,393.42,64.09,0,0,2,3,0
95,740.92,8,66,5,727.85,50.22,0,0,0,2,0
96,253.78,18,44,3,1143.52,20.01,1,0,2,4,0
97,1474.57,1,63,4,667.58,47.13,1,0,1,1,0
98,1423.76,18,43,0,324.55,2.79,0,1,2,3,1
99,1102.26,1,44,4,1397.9,155.25,0,0,2,5,0
100,867.32,14,41,4,578.46,30.14,0,0,1,4,0
101,266.3,23,22,1,847.05,18.15,0,1,1,5,0
102,720.07,20,59,5,1059.78,98.58,1,0,0,1,1
103,778.43,2,55,2,2230.85,19.59,0,0,0,4,0
104,491.63,4,45,2,783.17,293.43,1,0,2,1,0
105,933.29,10,59,3,132.57,58.66,0,0,0,4,1
106,1642.63,23,60,4,769.52,52.43,0,0,0,4,0
107,7231.39,6,49,4,833.05,8.24,0,0,1,5,1
108,1305.81,5,41,2,175.11,47.06,0,0,0,5,0
109,1418.78,13,23,1,2160.29,8.43,0,0,0,5,1
110,1017.96,0,27,5,79.98,76.53,1,0,0,4,0
111,160.97,16,63,4,1057.45,7.45,0,0,2,5,0
112,1067.94,16,69,5,195.43,22.22,0,1,0,4,0
113,1164.71,13,20,3,1563.99,32.38,0,0,0,4,0
114,12877.57,9,24,3,1044.82,81.79,0,1,0,3,0
115,904.73,7,46,2,2164.32,50.09,0,0,1,5,0
116,1482.59,7,51,3,1006.89,68.91,0,0,0,1,0
117,1059.22,13,24,1,883.01,13.98,0,0,0,2,0
118,340.81,6,34,2,511.76,13.54,0,1,1,5,1
119,3438.61,5,30,4,165.98,23.95,0,0,2,4,0
120,2326.06,3,38,2,3805.98,0.94,1,0,0,1,0
121,2418.81,0,48,5,451.58,88.81,0,1,1,4,1
122,441.69,14,26,4,871.37,23.1,0,0,2,3,0
123,4459.51,14,62,2,344.25,3.5,0,0,0,1,0
124,269.93,0,64,4,281.92,102.87,0,0,1,1,0
125,1972.11,19,30,1,697.59,171.83,0,0,2,3,0
126,9803.12,2,34,4,927.9,52.01,0,0,1,4,1
127,407.26,22,25,2,2713.34,22.05,0,0,0,3,0
128,622.47,4,26,7,1487.45,26.7,0,0,2,3,0
129,1211.54,4,26,3,832.92,14.8,1,1,1,2,0
130,662.83,3,57,2,633.95,62.11,1,1,0,5,0
131,232.6,16,65,6,876.33,22.01,0,0,0,3,0
132,1174.46,20,69,1,539.64,1.65,0,0,1,1,0
133,379.06,19,47,2,818.29,2.36,0,0,3,1,0
134,1760.92,13,24,4,351.9,47.69,0,0,0,4,0
135,437.28,7,34,7,427.01,17.15,0,0,0,1,0
136,5166.42,1,56,5,638.33,9.23,0,0,0,2,1
137,501.07,7,55,2,861.65,40.19,0,0,2,3,0
138,794.68,0,22,4,604.94,16.32,0,1,0,4,1
139,2473.82,3,34,5,776.26,3.81,0,0,0,2,0
140,320.26,18,57,2,320.57,10.76,0,0,2,5,0
141,1376.72,4,18,2,254.47,75.23,1,0,3,3,1
142,4052.72,4,33,1,639.09,95.53,0,0,1,4,0
143,219.76,20,34,1,172.56,102.84,0,0,1,4,0
144,1319.01,19,47,3,1323.43,38.27,0,0,2,3,0
145,1422.09,23,48,4,221.46,150.75,0,1,2,1,0
146,2396.64,18,52,2,486.63,8.22,1,0,0,3,1
147,318.32,11,62,1,994.73,56.72,0,0,1,4,0
148,292.82,19,25,1,1384.0,60.91,0,0,1,4,0
149,1848.15,0,65,5,1111.7,2.73,0,0,0,4,1
150,1475.84,6,47,1,980.57,16.6,1,0,2,4,1
151,1408.8,16,56,2,5208.01,148.84,0,0,0,3,0
152,1550.68,1,38,2,286.38,71.15,0,0,0,4,1
153,555.56,10,32,1,854.81,2.81,0,1,1,1,0
154,1383.34,6,51,4,1103.62,38.91,0,0,2,4,0
155,1470.08,16,44,2,884.75,52.29,0,0,1,5,0
156,536.81,2,19,2,458.75,180.75,0,1,2,4,0
157,7085.28,21,27,2,1028.62,63.02,0,1,2,2,0
158,1761.34,5,22,4,972.65,50.9,0,0,2,1,0
159,333.18,21,44,8,1799.86,119.59,0,0,1,5,0
160,2114.46,10,21,2,971.32,54.08,0,0,0,2,0
161,413.77,17,64,3,145.46,134.5,0,0,0,1,0
162,2409.28,17,30,3,1250.57,33.94,1,0,0,4,0
163,3493.28,21,34,0,482.45,63.39,0,0,1,4,0
164,482.66,9,38,3,571.23,49.95,0,0,0,4,0
165,2873.76,4,40,3,266.49,40.21,0,0,0,4,0
166,1657.03,22,50,7,741.82,19.59,0,0,1,1,0
167,2495.04,22,67,3,3226.75,117.06,0,0,0,3,0
168,7308.5,20,32,2,1561.77,15.74,0,0,1,2,0
169,858.01,23,31,0,257.79,8.68,0,1,2,4,0
170,516.08,21,26,5,566.94,62.25,1,1,1,4,1
171,450.56,14,61,2,1490.62,39.54,0,1,2,3,0
172,485.02,20,54,2,576.28,15.25,0,0,0,1,0
173,1015.26,19,47,3,129.32,102.13,1,0,0,3,0
174,1542.49,22,46,2,429.72,16.86,0,0,3,4,1
175,1446.19,3,40,1,2006.98,3.3,0,0,0,4,0
176,2507.86,20,51,5,2220.92,0.77,0,0,1,3,0
177,1110.98,20,24,2,577.48,128.1,0,0,1,2,0
178,4691.62,0,26,2,534.02,25.72,0,0,2,1,0
179,841.63,14,67,4,106.11,12.01,0,0,1,5,0
180,16650.06,16,21,1,615.95,41.86,0,0,0,3,1
181,2050.15,18,19,1,421.26,33.46,0,0,1,1,0
182,465.37,13,44,3,146.22,437.85,1,1,0,3,0
183,375.82,18,50,1,310.23,109.69,0,0,0,1,0
184,1776.63,17,49,2,233.11,15.81,0,0,1,2,0
185,877.03,1,61,5,696.72,59.82,0,0,1,2,0
186,2239.48,5,62,3,2300.06,24.48,1,0,0,1,0
187,1760.3,12,63,2,588.73,22.66,0,1,1,1,1
188,1019.61,16,54,1,819.86,22.87,1,0,1,1,0
189,470.22,5,44,4,4769.93,50.98,0,0,0,3,0
190,241.09,20,45,5,144.9,38.61,0,0,1,4,0
191,701.69,21,20,3,775.43,70.34,0,0,1,5,0
192,2582.2,4,53,6,1661.53,8.3,0,0,0,3,0
193,1358.44,6,66,5,854.2,27.71,0,0,2,2,0
194,315.53,0,68,4,181.04,98.42,0,1,0,2,0
195,1303.99,12,60,4,3111.76,0.16,1,0,0,1,0
196,1612.14,18,25,2,1301.41,48.84,0,1,0,2,0
197,453.11,21,61,3,824.6,77.03,0,0,2,1,0
198,1278.86,0,67,6,220.2,24.21,1,0,1,2,0
199,1162.36,12,67,3,4158.61,107.54,0,0,1,3,0
200,349.68,10,58,1,1063.59,66.53,0,0,0,1,0
201,1568.36,6,54,5,950.23,46.58,0,0,3,4,0
202,1921.35,19,66,3,1062.59,11.05,0,0,2,4,0
203,3239.1,2,62,1,1431.45,55.45,0,0,0,5,1
204,3145.73,0,55,2,728.74,89.72,0,1,1,3,0
205,276.53,7,39,2,605.24,65.45,0,0,0,3,0
206,429.31,16,31,1,110.64,42.77,0,0,0,4,0
207,1835.43,12,32,4,354.94,62.69,0,0,0,1,0
208,1833.14,13,63,3,3243.74,188.37,1,0,1,4,1
209,1835.46,4,21,5,342.27,0.54,0,1,1,2,0
210,51675.11,23,35,2,524.51,54.52,0,0,1,3,0
211,1940.87,21,18,2,264.47,78.75,0,0,0,5,0
212,3413.75,22,29,1,999.99,50.93,0,0,0,5,0
213,2846.94,23,58,5,541.96,15.95,0,0,1,3,0
214,2103.57,5,59,4,526.85,86.51,1,0,1,5,0
215,800.1,21,67,3,350.53,122.26,0,0,0,4,0
216,2342.49,5,34,5,928.75,57.52,1,0,1,5,1
217,506.32,20,36,2,2159.17,35.77,1,0,1,2,0
218,865.39,7,53,4,171.75,22.81,0,0,0,1,1
219,674.95,12,65,1,521.76,20.03,0,0,0,5,0
220,1190.2,17,24,0,584.2,64.23,0,0,1,5,0
221,11099.54,22,26,3,361.06,46.71,0,0,0,2,0
222,169.48,3,25,3,1678.0,8.53,1,0,1,2,0
223,2178.21,16,42,6,1694.95,7.6,0,0,2,2,0
224,218.61,4,24,2,799.22,3.69,0,0,1,3,0
225,684.08,2,59,4,386.46,57.52,0,0,1,3,0
226,3258.27,3,25,2,1666.11,18.87,0,0,0,4,0
227,1169.44,22,41,1,525.32,1.02,0,0,1,2,0
228,373.25,4,34,5,1455.1,20.6,0,0,1,4,1
229,536.3,13,29,4,4695.57,89.22,0,0,2,4,0
230,2163.75,14,63,1,665.42,14.23,1,0,1,2,0
231,528.28,19,48,2,754.83,50.19,0,0,1,5,0
232,1361.66,16,29,5,380.5,28.96,0,0,2,5,0
233,1147.76,5,19,1,1502.81,39.8,0,0,1,5,0
234,571.58,9,29,3,787.57,45.29,0,0,1,1,0
235,9357.6,21,44,5,243.22,30.33,0,0,0,3,0
236,2067.14,22,63,2,375.76,2.98,1,0,1,4,0
237,144.73,15,24,2,3186.7,41.93,1,0,5,4,0
238,1321.41,16,30,3,546.52,25.34,0,0,1,1,0
239,565.78,13,53,2,276.77,11.15,0,0,0,2,0
240,2571.99,19,18,3,772.79,113.41,0,0,1,1,0
241,496.45,11,66,2,434.89,66.6,0,0,0,2,0
242,977.76,8,52,4,573.54,16.71,0,0,1,5,0
243,1817.08,14,47,3,1025.58,38.71,0,0,0,4,0
244,2606.48,11,48,4,871.85,165.0,0,0,1,2,0
245,330.2,13,34,5,683.65,14.08,1,0,0,1,0
246,784.85,21,25,3,407.33,147.24,1,0,0,3,0
247,682.02,17,20,1,160.03,57.5,0,0,1,2,0
248,570.59,19,27,1,3092.03,38.92,1,0,1,4,0
249,6408.97,5,51,2,2947.1,204.34,0,0,1,4,1
250,1644.15,3,39,3,678.13,20.3,0,0,0,4,0
251,310.79,22,21,5,1296.91,16.3,0,0,0,3,0
252,2745.89,11,49,2,648.14,20.74,0,0,0,3,0
253,9155.92,12,46,1,358.58,69.49,0,0,0,5,0
254,3079.32,18,63,7,705.55,20.55,1,0,0,5,0
255,240.0,21,28,5,744.49,5.42,0,0,1,3,0
256,675.71,12,63,2,2189.75,51.69,0,0,0,5,0
257,3892.91,11,30,2,717.68,12.61,0,0,2,4,0
258,540.41,19,21,2,2601.15,0.21,1,0,1,1,0
259,1709.27,2,19,2,584.86,11.1,0,0,0,3,0
260,2379.47,2,51,1,422.61,85.5,0,0,0,5,0
261,434.01,13,60,3,2189.76,140.88,1,0,0,2,0
262,1033.26,17,39,2,2029.96,54.23,1,0,1,3,0
263,42.89,18,22,6,707.37,18.59,0,0,1,1,0
264,393.71,9,26,6,874.68,28.68,0,0,0,3,0
265,851.87,16,37,2,835.65,10.82,0,0,1,5,0
266,314.89,14,38,5,787.67,106.34,1,0,1,3,0
267,5610.59,18,34,1,494.1,54.77,0,0,0,2,0
268,262.4,8,29,3,4522.37,4.41,1,0,2,2,0
269,706.24,3,45,5,483.01,22.86,0,0,0,2,0
270,1249.8,14,35,2,1037.78,38.61,1,0,0,4,0
271,4634.45,18,20,2,774.56,79.81,0,0,1,4,0
272,260.9,15,22,0,88.74,126.6,0,0,0,1,0
273,3509.27,7,69,3,730.87,7.12,0,0,0,2,0
274,1107.91,16,31,5,531.02,89.96,0,0,2,5,0
275,410.96,20,65,2,426.14,3.4,0,0,1,4,0
276,1740.81,0,43,4,289.72,13.75,0,0,1,5,0
277,1338.17,6,36,1,2813.74,1.06,0,0,0,4,0
278,601.71,20,58,4,273.05,3.3,1,0,1,5,1
279,1175.92,17,34,3,570.71,1.65,0,0,1,4,0
280,745.97,11,56,5,437.86,7.89,0,0,1,3,0
281,1228.46,15,59,5,285.43,104.59,0,0,1,4,0
282,2126.28,0,21,0,1229.06,16.69,1,1,2,5,0
283,5356.24,14,59,1,949.42,32.67,0,0,0,4,0
284,318.04,6,52,3,446.59,33.39,0,0,0,5,0
285,9256.06,16,41,3,318.53,267.62,1,0,3,1,1
286,155.7,2,58,6,1011.54,22.68,0,0,0,4,0
287,942.2,10,30,0,942.7,15.4,0,1,0,4,0
288,1974.99,5,50,4,592.19,165.17,0,0,0,2,0
289,1452.43,5,32,5,2099.41,44.89,0,1,0,4,0
290,588.34,14,32,1,2336.66,17.09,0,0,0,2,0
291,890.58,6,48,5,442.88,16.95,0,0,1,1,0
292,669.81,10,60,4,3535.77,4.52,0,0,1,1,0
293,608.28,16,45,2,533.67,40.69,1,1,1,2,0
294,2564.71,22,27,7,539.23,64.31,0,0,1,2,0
295,1567.15,17,24,2,1176.67,32.19,0,1,2,1,1
296,548.45,21,50,2,878.57,107.9,0,0,1,4,0
297,2696.2,23,24,2,682.73,33.08,0,0,0,4,0
298,1491.14,20,22,2,143.72,21.26,0,0,2,5,0
299,2472.2,18,43,5,185.52,14.44,0,0,0,4,0
300,2058.29,7,33,3,238.15,13.94,0,0,1,5,0
301,478.67,23,25,0,670.78,19.03,0,0,1,2,0
302,626.29,19,39,0,439.38,241.26,0,0,0,2,0
303,2315.3,7,51,1,491.73,22.38,0,0,4,3,0
304,2019.03,20,57,5,524.82,37.18,0,1,0,4,1
305,1073.95,10,45,5,1453.99,16.06,0,0,3,5,1
306,1233.15,20,63,1,1235.46,7.75,1,0,2,1,0
307,3935.0,2,53,5,476.9,51.9,0,0,1,2,0
308,606.94,22,64,3,521.36,39.4,0,0,4,4,0
309,1895.23,13,24,5,333.44,3.51,0,0,2,4,1
310,895.88,8,69,5,508.24,107.19,0,0,0,3,0
311,882.11,0,57,2,1880.84,35.43,0,0,0,4,0
312,3290.44,0,60,4,1387.41,20.42,1,0,0,2,0
313,2503.43,11,45,1,903.73,75.56,0,0,0,3,0
314,2473.8,10,19,2,281.95,5.94,0,0,1,2,0
315,4045.98,20,26,4,637.57,32.1,0,0,1,3,0
316,1119.91,0,23,5,488.95,39.79,0,0,3,4,0
317,2168.85,19,18,1,588.15,74.61,1,0,0,5,0
318,804.11,11,20,1,1251.67,23.12,0,0,1,1,0
319,1516.51,16,27,1,1575.25,96.54,0,0,0,3,0
320,962.81,14,54,1,4708.86,59.81,0,0,2,5,0
321,1208.33,1,61,1,324.33,73.72,0,0,1,5,0
322,1988.54,17,40,2,1779.72,173.81,0,0,2,4,0
323,483.85,15,50,2,596.26,93.14,0,0,0,2,0
324,8887.38,3,26,5,375.73,21.29,0,0,0,3,0
325,401.01,7,30,2,3784.33,51.9,0,0,3,1,0
326,325.65,1,45,5,2721.9,101.48,0,0,2,5,0
327,3491.58,13,68,4,531.22,37.23,1,0,1,4,1
328,2420.34,14,24,6,373.17,57.41,0,0,1,2,0
329,2046.98,8,43,6,162.76,9.45,0,0,2,4,0
330,2055.65,1,33,6,1814.56,84.62,0,0,0,5,1
331,1083.28,16,57,1,129.36,70.83,0,0,3,4,0
332,447.08,9,43,2,592.05,109.86,0,1,0,1,1
333,1182.99,8,68,5,325.45,61.92,0,0,1,4,0
334,557.15,1,56,5,2028.54,104.74,1,0,3,5,0
335,2907.71,23,49,2,2909.71,8.85,0,0,1,1,0
336,946.66,18,53,5,170.18,84.01,0,1,0,4,1
337,480.34,16,59,4,709.99,152.85,0,0,1,1,0
338,795.22,10,18,3,825.43,84.51,0,0,0,3,0
339,1657.28,16,66,2,528.23,47.76,0,1,0,1,0
340,624.08,9,38,2,398.23,130.52,1,0,1,1,1
341,481.92,17,30,2,2325.26,4.96,1,1,0,1,0
342,1399.24,22,68,2,437.74,0.85,0,0,1,4,0
343,1401.04,5,43,3,3248.85,168.08,0,0,1,4,1
344,660.54,15,62,6,391.67,57.44,0,0,1,2,0
345,684.69,17,26,1,1233.43,6.06,0,0,0,1,0
346,1383.05,19,54,4,1297.57,20.78,1,0,1,1,1
347,257.73,17,40,1,391.38,69.08,0,0,0,3,0
348,268.42,0,18,2,160.36,69.39,1,0,0,5,0
349,534.62,2,19,4,334.49,9.32,1,0,0,4,0
350,885.85,14,60,2,258.91,31.76,0,0,1,2,0
351,1496.53,19,45,2,1285.82,82.33,0,0,0,3,0
352,4795.13,9,53,6,491.1,170.26,0,0,0,2,0
353,2585.46,20,48,4,1996.64,48.72,0,1,0,3,0
354,934.55,4,58,1,1051.8,50.82,0,0,0,4,0
355,1075.98,14,22,1,570.21,31.68,0,0,0,5,0
356,402.41,22,54,3,711.26,38.72,0,0,2,1,0
357,1076.52,13,42,3,230.05,5.21,0,0,0,4,1
358,821.67,14,25,3,569.37,21.51,0,0,0,3,0
359,1514.32,9,51,4,746.07,35.39,0,0,1,4,0
360,479.51,23,56,0,489.09,16.08,0,0,1,2,0
361,1843.36,8,66,3,424.02,22.3,0,1,1,4,1
362,5078.34,11,49,3,1486.84,177.36,1,0,1,5,0
363,983.62,6,28,2,312.75,0.26,0,0,0,3,0
364,1638.79,4,64,5,1061.91,18.02,0,0,2,4,0
365,2186.69,23,42,2,1603.78,43.85,0,1,0,3,0
366,734.2,9,20,4,988.12,16.35,1,0,2,1,0
367,1372.09,7,62,3,253.82,56.42,0,0,1,5,1
368,1110.53,21,67,1,728.71,17.78,0,0,0,3,0
369,1209.15,19,69,1,1359.36,50.83,1,1,0,1,0
370,506.23,15,49,3,527.95,94.81,0,0,1,5,0
371,1123.84,11,69,1,336.02,53.74,0,0,0,2,0
372,1804.43,8,52,3,326.75,2.56,1,0,3,3,0
373,4680.42,9,49,7,860.5,79.29,0,1,0,3,0
374,2861.99,15,51,2,509.81,11.96,0,0,1,5,0
375,9444.45,9,54,4,405.68,50.36,0,1,3,1,1
376,509.1,8,69,2,124.09,52.03,0,0,0,2,0
377,2623.65,2,22,2,2814.75,81.42,0,0,0,3,0
378,1317.3,18,62,2,517.27,35.24,0,0,1,4,0
379,9796.72,10,45,1,1275.71,23.58,1,1,0,2,0
380,488.68,5,45,2,1940.52,36.49,0,0,1,4,0
381,473.56,5,25,4,10142.76,39.46,0,0,0,5,0
382,602.21,14,44,2,1147.7,86.17,0,0,0,3,0
383,131.12,14,33,2,869.68,11.48,0,0,1,1,0
384,648.23,12,35,0,192.52,93.81,0,0,1,3,0
385,513.3,21,42,1,131.44,22.76,0,0,2,4,0
386,1274.61,4,65,3,98.54,68.1,1,1,0,2,0
387,1543.42,13,18,4,580.87,20.45,0,0,2,5,0
388,7159.32,20,25,3,299.34,61.7,1,1,2,1,0
389,2836.78,1,38,4,451.03,80.27,1,0,0,4,1
390,615.91,22,51,3,2100.42,40.83,0,0,0,1,0
391,446.57,11,41,7,1005.67,48.32,0,0,2,2,0
392,1793.49,19,54,1,657.83,61.51,0,0,1,5,0
393,292.88,13,43,3,777.81,58.31,0,0,1,5,0
394,6846.27,18,64,0,380.96,64.99,0,0,1,5,0
395,3566.86,23,31,3,453.48,94.75,0,0,0,3,0
396,685.96,19,46,4,220.0,12.46,0,0,0,4,0
397,197.72,14,47,2,1238.8,12.09,0,0,2,1,0
398,4246.59,19,20,1,2742.29,176.48,0,0,1,2,0
399,977.95,23,24,3,1976.84,95.3,0,0,1,3,0
400,3781.27,16,53,5,678.48,44.79,1,0,1,4,1
401,222.64,13,28,6,1429.99,0.41,0,1,1,5,0
402,602.22,22,49,4,1027.97,96.47,0,0,0,1,0
403,1102.4,17,29,0,763.73,69.64,0,0,1,5,0
404,1149.38,21,32,4,881.51,156.61,0,0,0,3,0
405,699.2,23,55,2,231.69,0.66,0,0,2,4,1
406,2044.38,4,41,2,453.01,1.45,0,0,1,1,0
407,377.05,21,18,2,385.37,36.43,0,0,0,4,0
408,951.1,11,35,3,198.43,96.91,0,0,1,2,0
409,1236.82,9,63,3,1055.22,237.32,0,0,1,5,0
410,1834.34,7,24,4,1166.65,19.28,0,0,2,2,0
411,2234.15,5,59,1,87.56,1.85,1,0,1,4,1
412,356.15,14,58,1,657.35,10.88,1,0,1,3,0
413,236.49,11,19,2,507.13,104.78,0,0,1,1,0
414,3935.04,5,57,3,403.62,31.41,1,0,2,1,0
415,1528.92,11,48,3,178.0,95.97,0,1,2,3,0
416,518.8,14,50,5,698.27,29.34,0,0,1,4,0
417,5172.71,11,69,3,675.17,2.74,0,0,0,4,0
418,1231.11,8,47,0,491.96,48.06,1,1,1,1,1
419,3566.35,18,48,5,1270.11,28.61,0,1,1,4,0
420,1173.23,20,51,1,1226.46,33.8,0,0,1,1,0
421,8610.59,1,24,2,149.84,148.77,0,1,1,1,0
422,6344.48,12,42,5,1224.42,30.54,0,0,3,2,0
423,854.94,12,33,4,309.61,79.61,0,0,0,1,0
424,2897.41,7,39,1,534.72,3.04,0,0,1,1,0
425,2090.95,12,53,4,2486.56,32.6,0,0,2,3,0
426,4309.73,3,44,10,642.53,44.18,0,0,2,5,1
427,417.83,5,34,3,1513.27,6.01,1,0,0,2,0
428,2177.76,5,21,3,542.95,17.99,1,0,1,4,1
429,3160.31,20,52,7,1406.84,67.28,0,0,0,4,0
430,188.91,11,58,4,636.85,10.16,0,0,2,4,0
431,335.88,11,39,2,536.38,6.87,0,0,0,2,0
432,142.7,16,64,5,733.81,17.78,0,0,1,2,0
433,837.64,6,69,3,271.77,97.94,0,0,0,5,1
434,2247.43,14,52,2,440.37,71.97,0,0,0,3,0
435,4926.37,23,61,5,1084.45,74.98,0,0,1,5,1
436,1180.97,16,32,3,1300.35,19.46,0,0,0,3,0
437,5589.33,9,69,5,320.79,5.21,0,0,1,3,0
438,275.86,22,57,4,2639.62,1.62,0,0,0,5,0
439,199.66,19,61,2,2824.61,44.12,0,0,0,3,0
440,1037.38,5,38,3,317.46,60.58,0,1,0,3,1
441,1610.12,8,30,2,461.83,23.73,1,0,1,3,1
442,1061.36,14,64,4,649.11,37.63,0,0,1,4,1
443,138.73,15,28,3,1757.44,16.36,0,0,4,2,0
444,1003.13,20,66,2,1051.98,22.65,0,0,1,3,0
445,297.53,7,44,3,520.63,65.43,0,0,0,3,0
446,2142.38,15,48,2,242.03,63.33,0,0,0,1,0
447,1582.24,4,61,3,139.02,1.42,0,1,1,2,0
448,428.43,17,49,2,836.01,144.33,0,0,0,2,0
449,655.98,19,69,3,2853.58,15.67,1,1,1,5,0
450,380.23,13,47,4,667.17,119.07,1,0,0,3,0
451,1030.01,1,35,2,927.18,35.86,0,0,2,2,1
452,2850.19,22,33,0,787.35,34.58,0,0,0,1,0
453,409.23,22,52,0,179.27,29.95,0,0,0,2,0
454,1815.37,2,26,1,2337.84,127.83,0,0,0,3,1
455,645.32,13,56,2,354.12,11.67,0,1,1,5,0
456,496.27,6,68,1,350.76,47.29,0,0,3,5,0
457,985.32,14,54,1,966.01,19.12,1,0,0,4,0
458,389.46,16,68,4,374.39,123.4,0,0,0,5,0
459,630.4,0,27,0,234.47,9.28,0,0,0,1,0
460,331.0,8,69,3,1442.75,56.38,0,0,1,5,0
461,7822.23,21,29,3,736.81,27.39,0,1,1,4,1
462,1135.99,13,25,1,1432.95,54.12,0,0,2,2,0
463,544.72,15,20,2,495.52,8.58,0,0,0,4,0
464,1358.29,20,36,2,462.3,25.02,1,0,1,2,0
465,980.12,12,28,0,814.12,5.67,0,0,1,4,0
466,879.22,5,25,3,881.13,173.33,1,0,0,1,0
467,2026.71,21,43,3,397.94,12.04,0,0,1,5,1
468,2339.07,0,62,3,361.69,249.73,0,0,1,1,0
469,645.16,20,40,3,1373.94,27.11,0,0,0,1,0
470,616.58,3,27,1,868.78,3.71,0,0,0,5,0
471,832.93,2,35,3,828.66,0.89,0,0,0,1,0
472,109.74,16,29,4,137.0,45.68,0,0,1,3,0
473,241.0,1,56,2,817.63,47.69,1,0,3,1,0
474,4302.17,18,43,2,895.81,37.2,0,0,0,4,0
475,5681.48,19,28,7,514.91,3.44,0,0,0,1,0
476,854.88,22,27,1,1044.87,20.14,0,0,1,5,0
477,1951.9,21,20,10,382.13,22.24,0,0,1,3,1
478,1497.05,7,24,1,874.95,61.01,0,0,1,5,0
479,23834.3,14,21,0,196.35,27.14,0,0,1,2,0
480,3359.59,5,57,3,1371.27,42.54,0,0,0,5,0
481,964.96,22,25,3,358.63,16.87,0,0,1,1,0
482,421.77,19,55,3,941.55,64.73,1,1,0,2,0
483,219.98,1,30,3,1798.36,2.39,0,0,1,5,0
484,1344.08,14,29,4,1465.3,223.29,0,0,1,3,0
485,514.73,19,52,1,938.61,51.29,1,0,0,2,0
486,264.47,11,55,3,1283.72,8.06,0,0,1,4,0
487,574.46,2,68,5,2198.3,63.2,0,0,0,2,0
488,371.84,9,60,2,732.3,77.22,0,0,1,2,0
489,5926.22,13,53,3,1445.5,77.7,1,0,2,1,0
490,2648.21,21,64,2,259.08,15.79,0,0,1,5,0
491,1087.92,13,19,1,373.58,159.27,1,0,1,2,0
492,4817.18,2,32,2,2220.12,0.89,1,0,1,2,1
493,1184.85,0,66,5,545.41,23.89,0,1,0,2,0
494,463.46,19,51,3,437.2,5.5,1,0,0,5,0
495,5029.74,0,56,1,529.27,24.3,0,0,0,3,0
496,1879.78,1,43,1,376.31,2.95,1,0,3,5,0
497,388.68,18,65,5,580.36,51.78,0,0,0,3,0
498,906.56,23,22,2,287.39,3.22,0,0,1,2,0
499,456.86,9,65,3,422.18,47.84,0,0,1,5,0
500,275.12,3,42,5,708.31,13.33,0,0,0,5,1
501,2768.82,3,68,0,2340.1,9.87,1,0,2,5,1
502,7401.34,12,51,5,641.81,21.31,0,0,1,2,0
503,270.81,8,64,3,167.29,51.22,0,0,1,2,0
504,1925.55,6,21,1,1487.5,43.16,0,0,0,3,0
505,572.12,15,51,2,1267.29,57.05,0,0,0,3,0
506,673.76,17,44,3,352.37,125.65,1,0,0,5,0
507,606.44,2,59,4,1250.73,11.36,0,1,1,4,0
508,462.21,19,46,4,598.71,26.67,1,0,1,1,0
509,1151.16,19,22,3,2112.01,15.45,0,0,1,2,0
510,477.73,9,35,2,4492.7,44.14,0,0,0,1,0
511,1437.21,23,21,1,914.8,16.66,0,0,1,1,0
512,1042.9,21,18,6,1229.37,40.82,0,0,0,1,0
513,863.55,15,67,5,2397.9,86.63,0,0,0,3,0
514,442.5,2,37,0,1435.32,40.03,0,1,2,2,0
515,615.99,10,23,1,957.09,91.05,0,0,1,4,0
516,2334.12,9,37,3,609.48,47.25,0,0,2,4,0
517,1809.7,15,37,5,268.43,102.13,0,0,1,4,0
518,412.59,7,63,1,532.86,133.26,1,0,2,5,0
519,1211.16,8,44,3,550.71,35.44,0,0,1,2,0
520,2324.79,14,43,5,676.7,78.19,0,0,1,3,0
521,206.56,20,49,1,153.51,31.63,0,0,0,3,0
522,1888.16,2,27,3,498.57,61.07,0,0,0,5,0
523,565.31,3,35,2,540.66,1.91,0,0,1,3,0
524,1940.3,12,58,5,218.28,170.43,0,0,2,2,1
525,511.19,11,29,4,920.49,112.37,0,0,1,5,0
526,180.39,20,27,1,1395.93,111.88,0,0,2,4,0
527,215.39,8,41,6,662.96,16.51,0,0,1,1,0
528,1150.65,13,41,2,246.31,16.65,0,1,1,4,0
529,1421.86,18,68,2,612.41,25.76,0,0,1,1,0
530,443.94,6,55,4,1195.97,106.09,1,1,1,2,0
531,2076.82,15,63,1,1163.08,97.82,0,1,0,2,0
532,208.2,21,42,3,640.79,17.09,0,0,0,2,0
533,1026.51,19,25,3,923.24,39.02,0,0,0,3,0
534,326.68,4,31,3,400.19,32.23,0,1,1,2,1
535,571.44,9,60,3,1207.19,52.59,0,1,0,5,0
536,1149.86,17,48,4,479.54,12.03,0,0,1,3,0
537,463.86,10,41,4,360.88,4.44,0,0,3,3,0
538,746.54,6,33,3,1424.46,1.38,0,0,0,3,0
539,2999.78,13,37,3,740.04,24.02,0,0,1,3,0
540,615.91,19,55,4,710.38,146.51,1,0,0,4,1
541,2529.29,17,64,3,1019.41,57.73,0,0,1,2,0
542,354.35,10,32,2,630.11,69.14,0,1,1,4,1
543,1862.74,21,31,3,315.61,145.17,1,1,0,5,0
544,4635.82,11,29,3,555.7,27.41,0,0,0,5,0
545,92.61,17,51,2,202.03,32.16,0,0,0,4,0
546,494.28,1,25,3,1699.31,22.28,0,0,1,5,0
547,1952.9,22,36,3,273.88,10.01,1,0,0,4,1
548,895.12,0,63,4,3149.1,72.71,0,0,0,3,0
549,1589.45,22,22,7,353.81,118.59,0,0,0,3,0
550,599.45,9,44,3,1089.08,84.07,0,1,1,1,1
551,1195.82,20,58,4,2987.91,2.44,0,0,0,3,0
552,938.54,0,30,3,819.81,17.77,0,0,1,4,0
553,3525.52,5,49,4,514.04,44.83,0,0,0,5,1
554,1414.34,6,48,4,682.58,19.81,0,0,0,4,0
555,1537.02,16,58,2,332.86,8.13,0,0,1,3,0
556,726.42,8,63,3,131.53,38.65,0,0,1,1,0
557,673.44,6,54,3,1071.61,36.85,0,0,2,4,0
558,711.55,16,19,1,131.5,61.88,0,1,2,4,0
559,1626.93,2,24,1,222.58,446.33,0,0,1,3,0
560,719.83,15,65,2,696.5,52.24,1,0,0,2,0
561,1465.24,4,28,2,392.37,19.05,1,0,0,3,0
562,8737.69,19,28,4,984.86,156.61,0,0,0,3,0
563,2620.51,17,40,2,2390.39,42.35,0,0,2,1,0
564,791.54,0,48,2,541.96,51.89,1,0,0,5,0
565,3645.37,3,61,3,408.97,22.12,0,0,2,2,0
566,729.18,22,62,2,2737.32,30.06,0,0,0,2,0
567,142.86,10,25,1,1149.19,27.12,1,0,0,5,0
568,400.18,19,49,3,1392.82,137.61,0,0,0,5,0
569,168.88,8,65,2,1307.23,82.93,0,0,0,3,0
570,771.62,7,38,2,546.07,4.75,0,0,2,5,0
571,1117.02,7,48,2,492.41,18.83,0,0,2,2,0
572,5863.12,4,18,5,310.83,2.86,1,0,1,1,1
573,1520.7,11,30,2,1189.59,36.36,1,0,0,4,0
574,880.86,0,28,2,905.36,16.39,0,0,1,5,1
575,2513.43,14,46,3,1115.17,3.81,0,0,1,5,0
576,120.16,17,21,3,148.85,73.92,0,0,1,2,0
577,1387.99,5,53,4,1400.56,4.78,1,0,2,3,0
578,2370.52,9,32,3,460.54,15.84,0,0,2,1,0
579,249.99,13,20,4,123.99,73.84,0,0,0,2,0
580,3441.81,20,68,3,235.27,35.83,0,1,0,1,1
581,1538.4,7,46,1,445.44,84.95,0,0,3,5,0
582,723.94,2,38,3,374.88,26.76,1,0,0,4,0
583,2064.79,21,19,3,671.96,84.33,0,0,1,1,0
584,10622.11,21,23,1,959.9,38.63,0,0,2,4,0
585,1315.36,18,48,3,606.94,4.6,0,0,1,2,0
586,1405.6,11,41,2,455.79,31.88,0,0,1,1,0
587,692.73,11,57,0,745.09,40.32,0,0,1,2,0
588,468.79,14,34,0,753.45,47.35,1,0,1,5,1
589,2515.77,6,22,2,1835.38,131.47,1,0,0,5,1
590,465.87,3,19,4,408.03,10.14,0,1,1,1,0
591,1177.99,20,29,2,608.58,46.57,1,0,0,4,1
592,680.17,8,22,4,2485.6,69.72,0,0,0,2,0
593,1770.43,21,59,1,250.73,110.34,1,0,0,2,0
594,1530.98,15,58,3,496.71,37.25,0,1,1,3,0
595,3094.99,12,37,3,320.05,12.04,0,0,0,2,0
596,658.51,3,25,0,243.89,85.1,0,0,1,1,0
597,837.25,23,18,1,796.5,117.72,0,0,2,3,0
598,412.09,8,23,4,1928.14,5.62,0,0,1,2,0
599,703.25,20,28,3,3562.25,13.05,1,0,0,2,0
600,1599.27,17,20,1,643.12,102.58,0,0,0,1,0
601,2337.85,14,48,1,996.11,33.12,0,1,0,2,0
602,436.08,14,45,4,1025.72,9.26,0,0,0,1,0
603,2616.53,5,64,3,564.07,51.82,0,0,0,3,0
604,4254.1,10,60,6,1852.87,30.65,0,0,1,2,0
605,1658.11,7,22,5,583.12,172.04,0,0,0,3,0
606,7163.8,20,43,3,1585.62,12.6,1,0,0,5,0
607,505.84,16,33,3,500.08,22.48,1,0,0,2,0
608,315.87,23,48,2,264.42,9.09,0,0,0,3,0
609,185.17,16,45,2,277.92,2.55,0,0,1,4,0
610,4895.37,23,24,1,182.22,16.0,0,0,1,4,1
611,2109.84,17,55,0,1827.64,85.69,1,0,2,1,1
612,1037.34,3,26,6,1847.8,15.55,1,1,0,4,0
613,1450.94,14,56,1,375.61,59.59,0,0,0,3,0
614,355.85,1,52,4,283.14,37.33,0,0,0,2,0
615,12654.3,1,60,4,357.42,36.67,0,1,0,1,0
616,1247.9,9,44,1,766.94,76.06,0,0,1,1,0
617,1223.41,2,29,5,314.6,48.09,1,0,0,5,0
618,2265.99,7,42,2,1032.66,8.71,0,0,2,1,0
619,1774.03,19,60,4,521.5,12.47,1,1,0,5,0
620,1371.81,6,46,1,1582.88,39.24,0,0,0,4,0
621,497.47,11,48,3,1140.89,93.32,0,0,0,4,1
622,1757.18,18,51,8,271.06,8.26,1,0,2,4,0
623,7201.36,14,50,4,242.64,5.65,0,0,0,1,0
624,4210.85,13,44,0,785.31,36.44,0,0,1,3,0
625,5394.78,15,19,4,575.06,10.45,0,0,0,5,0
626,657.72,13,31,6,1843.15,257.8,0,0,1,5,0
627,407.64,2,30,2,908.59,0.22,0,0,1,1,0
628,967.01,17,41,4,461.18,29.79,0,0,1,3,0
629,1159.48,21,22,1,2553.41,8.87,0,0,1,1,0
630,3275.39,5,51,1,472.02,57.14,1,0,0,5,1
631,201.85,16,40,2,227.96,49.73,0,0,0,3,0
632,5062.17,22,36,2,564.18,82.27,1,0,2,4,0
633,936.35,13,47,4,349.12,41.44,1,1,1,4,0
634,715.6,13,66,3,1465.35,10.5,0,0,0,4,0
635,398.57,19,60,1,269.5,2.74,0,0,1,2,0
636,209.59,12,33,5,1311.92,64.03,1,0,1,2,0
637,2497.81,2,69,6,540.02,28.98,1,0,1,4,0
638,1180.06,12,67,3,187.2,12.57,0,0,0,5,1
639,301.88,23,69,3,935.49,14.51,1,0,0,3,0
640,300.34,1,57,3,1718.5,8.07,0,0,2,5,0
641,783.85,8,51,5,721.97,16.67,0,0,0,2,0
642,5819.8,12,66,2,570.99,78.52,1,0,1,3,0
643,845.91,7,28,3,2942.33,48.47,0,0,3,3,0
644,243.92,15,31,4,1737.05,218.7,0,1,1,1,1
645,857.7,23,65,3,1232.74,37.15,0,1,2,4,0
646,834.87,2,64,3,133.14,36.85,0,0,0,5,0
647,73.93,12,32,3,380.59,10.62,0,0,2,3,0
648,1038.68,3,52,0,560.65,44.15,0,0,0,3,0
649,870.5,17,24,0,963.43,46.87,0,0,0,1,0
650,2199.99,1,46,3,1362.13,11.57,0,0,0,4,0
651,6967.11,19,61,6,289.11,4.6,0,0,1,4,0
652,3383.16,21,39,6,1057.42,23.0,0,1,0,2,0
653,838.08,20,40,2,262.02,9.44,0,0,0,5,0
654,362.66,14,41,5,1174.65,34.98,0,0,0,5,0
655,14376.64,16,52,2,275.24,37.34,0,0,2,1,0
656,1163.54,9,68,3,1797.28,46.84,0,1,1,1,0
657,1112.02,0,27,0,815.22,46.17,0,0,0,1,0
658,1070.49,5,25,2,489.18,56.18,0,0,2,4,0
659,1336.87,2,65,4,848.01,13.1,0,0,1,3,0
660,949.22,18,65,3,394.01,65.62,0,0,0,3,0
661,617.91,6,29,6,677.28,37.2,0,0,0,3,0
662,634.69,12,46,4,299.31,28.75,0,0,2,5,0
663,1061.3,12,46,4,843.32,52.19,0,0,0,3,0
664,636.88,16,40,5,543.48,34.78,0,0,2,5,1
665,537.62,0,43,5,563.91,37.29,0,0,1,2,0
666,1219.79,13,54,0,643.19,1.18,0,0,0,2,0
667,849.82,2,49,4,326.5,80.98,0,0,0,3,0
668,4934.43,13,69,2,3506.28,27.6,0,0,1,2,0
669,77.4,23,55,3,564.89,36.5,1,0,1,1,0
670,3266.61,0,23,5,1602.02,24.71,0,0,1,2,0
671,3812.67,15,25,2,262.01,40.1,1,0,2,1,1
672,137.91,9,34,3,109.59,2.78,0,0,1,2,0
673,778.46,12,29,2,817.09,24.22,1,1,0,3,1
674,756.39,3,39,6,1560.54,55.23,0,1,2,3,0
675,268.4,8,31,1,1758.34,139.39,0,0,0,1,0
676,503.8,13,51,2,1403.86,94.58,0,0,0,2,0
677,361.2,3,36,3,561.74,164.6,1,0,1,1,1
678,6325.03,9,23,4,1054.4,76.05,0,0,1,1,0
679,2795.25,7,35,1,399.73,50.07,0,0,0,4,1
680,3911.03,22,53,2,407.66,27.52,0,1,2,4,0
681,2256.73,2,54,2,792.52,6.57,0,1,1,1,0
682,354.59,22,55,2,804.04,14.44,1,0,0,5,0
683,649.03,6,32,3,435.24,15.82,0,0,0,3,0
684,1788.93,9,55,3,769.66,27.92,0,0,6,3,0
685,323.07,2,57,0,1657.63,47.06,0,0,0,3,0
686,2237.24,1,26,5,327.2,48.2,0,0,2,3,0
687,862.36,14,23,4,1139.64,30.4,1,0,0,4,0
688,753.84,8,19,4,223.34,16.05,0,0,1,4,0
689,2232.68,14,33,0,173.35,2.91,0,0,0,1,0
690,1710.03,16,69,3,847.39,224.75,0,0,1,5,0
691,764.36,6,18,4,631.64,140.31,0,0,0,1,0
692,3495.84,19,47,2,729.43,10.1,0,0,1,5,0
693,372.02,17,65,1,720.03,46.49,0,0,0,2,0
694,2030.29,14,50,2,1429.02,17.52,1,0,0,5,1
695,1984.46,17,18,4,1017.93,10.81,1,0,1,5,0
696,804.69,23,56,3,967.48,57.67,0,0,3,3,0
697,1519.49,22,33,2,2011.64,77.13,0,0,4,5,0
698,313.84,11,34,2,1369.89,26.09,1,1,0,5,0
699,2762.87,22,65,3,767.87,3.04,0,0,1,5,0
700,911.51,20,65,2,1547.69,25.67,0,1,1,3,0
701,650.2,7,55,3,533.45,37.99,0,0,1,3,0
702,3130.69,1,35,1,544.86,111.85,0,0,1,1,0
703,542.21,1,39,5,1904.02,53.47,0,0,0,4,0
704,268.15,4,39,1,554.58,61.98,0,0,0,3,0
705,231.22,0,52,3,919.55,11.32,0,0,1,4,1
706,2010.24,21,48,3,881.3,63.7,0,1,0,3,0
707,304.77,3,57,2,752.99,34.84,0,1,0,1,1
708,6341.02,5,44,2,2808.65,85.85,0,0,1,5,0
709,136.74,22,53,3,602.76,12.19,0,0,1,2,0
710,5981.68,12,21,4,2747.81,36.17,0,0,1,3,0
711,1354.27,18,66,3,281.35,11.75,0,0,0,1,0
712,995.54,10,22,0,640.42,16.84,0,0,0,2,0
713,635.93,12,42,2,549.06,89.25,0,1,1,2,0
714,1634.57,7,48,1,1236.27,58.2,0,0,0,5,0
715,1056.13,6,31,1,224.59,65.19,0,0,1,5,0
716,3305.36,12,47,3,902.71,3.55,0,0,1,5,0
717,1229.33,0,64,2,1393.87,65.24,0,0,2,3,0
718,1274.49,5,29,2,511.96,33.81,1,0,0,5,0
719,762.34,6,44,3,404.61,30.73,0,0,1,1,0
720,1035.93,15,62,2,407.01,26.6,0,0,1,5,0
721,1491.89,14,41,3,987.77,95.46,0,0,1,3,0
722,198.31,19,47,3,187.07,9.77,1,0,0,3,0
723,284.81,1,35,2,233.51,84.13,1,0,2,4,0
724,2305.99,22,31,4,711.02,131.78,0,0,0,2,0
725,1300.97,15,36,2,1061.46,9.21,0,0,0,5,1
726,912.34,16,39,3,828.96,390.7,0,0,0,2,1
727,1117.04,23,43,2,1076.0,233.0,0,0,0,3,0
728,1552.44,14,24,2,287.84,48.55,1,0,0,1,0
729,639.21,2,45,2,164.24,15.64,1,0,0,5,1
730,503.56,3,55,3,1347.9,28.07,0,0,1,2,0
731,1333.88,11,22,3,241.25,9.34,1,0,1,4,0
732,412.25,4,53,3,1004.19,6.4,0,0,0,3,0
733,1649.54,16,35,2,153.99,60.87,1,1,2,1,1
734,199.82,5,31,3,1143.04,43.36,0,0,0,2,0
735,3069.15,9,65,1,664.22,41.46,1,1,1,1,1
736,1759.17,21,40,4,1529.52,14.24,0,0,1,3,0
737,1416.62,17,69,4,1253.66,13.39,1,0,0,1,0
738,2929.8,9,31,2,504.69,228.95,1,0,1,1,0
739,5799.2,5,49,1,429.28,49.55,0,0,1,4,0
740,3024.1,23,22,3,856.53,85.59,0,0,1,2,0
741,174.01,5,39,3,445.3,23.78,0,0,0,2,0
742,305.03,19,45,2,48.36,92.79,0,0,1,2,0
743,587.09,14,60,4,531.34,64.08,0,0,0,2,0
744,1125.62,3,29,4,334.13,21.55,0,0,0,2,0
745,1840.25,15,35,2,433.46,63.24,0,0,1,3,0
746,530.73,21,53,4,843.67,129.93,0,0,1,3,0
747,1321.82,23,48,3,1795.21,12.02,0,1,0,4,1
748,515.23,7,30,1,2893.21,39.66,0,0,1,1,0
749,594.95,6,37,4,984.07,170.04,0,0,1,3,0
750,268.63,18,62,0,413.21,86.13,0,0,1,4,0
751,435.62,16,53,5,1444.47,48.42,0,0,0,3,0
752,283.81,20,24,1,198.58,3.62,0,0,0,4,0
753,413.28,12,40,4,382.76,26.07,0,0,1,2,0
754,3145.23,14,51,2,553.52,52.6,0,0,1,1,0
755,424.37,1,67,1,142.56,26.35,0,0,1,5,1
756,15250.72,9,49,5,810.38,291.87,0,0,0,3,0
757,1796.0,12,38,3,344.56,70.0,1,0,1,1,0
758,1319.27,17,23,2,809.26,10.36,0,0,0,5,0
759,464.82,22,33,2,537.78,33.71,0,0,1,4,0
760,2209.03,10,52,7,339.32,24.22,0,0,0,1,0
761,616.69,12,64,4,299.07,45.05,0,0,2,3,0
762,1238.94,18,37,2,639.88,29.58,0,0,0,3,0
763,14187.05,23,59,0,1187.83,13.58,0,1,1,3,0
764,996.19,23,58,2,1158.83,64.44,0,0,0,2,0
765,3460.86,21,28,1,841.18,5.64,0,0,0,3,0
766,542.84,4,49,2,1051.6,37.98,1,0,2,3,0
767,1058.93,2,31,3,705.89,18.56,1,0,0,3,1
768,6443.33,18,41,3,392.98,169.86,0,0,3,3,0
769,585.83,22,61,3,2045.77,18.09,1,0,1,3,0
770,6717.35,12,56,4,393.82,20.85,0,0,1,4,0
771,2225.53,4,60,1,2346.63,61.39,0,0,0,3,1
772,624.86,11,48,4,1106.6,6.88,1,0,3,2,0
773,2064.01,13,34,4,543.27,19.62,1,0,2,3,0
774,2900.26,5,42,2,237.98,59.52,1,0,2,4,0
775,2042.26,21,26,4,870.84,1.56,0,0,0,2,0
776,228.1,8,39,6,640.32,18.63,0,0,0,4,0
777,529.99,16,62,6,1755.87,0.41,0,0,1,5,0
778,856.18,7,65,2,289.81,8.14,0,0,1,1,0
779,1017.97,12,52,2,1549.29,46.34,0,0,1,5,0
780,2039.93,4,54,0,2164.39,30.51,0,1,1,5,0
781,1309.89,21,34,3,374.1,8.48,0,0,0,2,0
782,288.49,21,45,1,1200.36,4.06,0,1,0,1,0
783,1603.91,16,18,5,2044.58,2.9,0,0,3,1,0
784,2019.46,2,26,5,1976.01,4.46,0,0,0,5,0
785,1919.44,5,66,3,1543.85,5.05,0,0,2,1,0
786,3231.76,13,30,2,2632.97,4.51,1,0,0,5,0
787,2524.81,14,64,3,701.62,2.83,0,1,0,1,0
788,1735.72,13,49,4,641.7,59.71,0,0,0,4,0
789,1022.32,10,45,2,2334.19,141.74,0,0,2,4,0
790,208.31,10,48,3,100.72,96.89,1,0,1,5,0
791,1685.16,8,25,2,529.64,15.45,1,0,1,3,0
792,1349.77,5,25,2,346.16,11.43,1,1,1,5,1
793,1438.82,14,51,1,687.76,2.45,0,0,1,4,0
794,305.9,11,40,1,928.53,8.48,0,0,2,2,0
795,372.02,5,27,5,1063.91,41.94,0,1,1,3,0
796,3143.69,0,54,2,708.2,313.95,1,0,2,1,0
797,1054.1,15,65,5,763.5,97.96,0,0,0,2,0
798,2167.87,19,42,2,1444.31,36.17,0,0,0,2,0
799,1128.13,14,68,1,421.11,27.54,1,0,0,1,0
800,1129.76,1,50,5,504.89,8.0,0,0,1,5,0
801,2802.55,16,62,4,319.81,27.12,0,0,0,4,0
802,654.55,2,21,3,658.31,45.18,0,0,1,3,0
803,1207.27,2,24,1,181.77,45.25,0,0,0,4,0
804,690.71,4,50,6,1881.31,40.77,1,0,0,3,1
805,710.17,16,19,2,1257.19,86.87,0,0,3,4,1
806,804.99,22,65,3,303.22,35.68,0,0,0,4,0
807,1369.41,16,63,0,1786.86,32.01,0,0,1,5,0
808,679.43,19,49,3,537.63,18.25,0,0,1,5,0
809,3849.72,5,22,4,379.6,9.94,0,0,2,1,0
810,448.27,0,63,4,896.87,0.07,0,0,0,2,0
811,909.71,6,34,4,177.52,19.44,0,0,0,5,0
812,706.46,14,29,0,504.17,50.13,0,0,1,3,0
813,4660.97,6,69,4,896.39,40.92,0,0,1,3,0
814,1334.82,18,29,5,2768.45,37.81,1,0,2,4,0
815,3077.41,19,52,3,240.3,74.0,0,0,0,2,0
816,248.25,21,38,2,256.19,13.25,0,1,0,4,0
817,1432.32,10,38,3,548.9,56.74,0,0,0,2,0
818,2669.46,22,19,5,513.5,46.72,0,1,0,4,1
819,1190.68,13,38,0,1245.49,20.7,1,0,0,2,0
820,3182.68,12,32,4,2249.3,12.33,0,0,1,5,0
821,653.74,19,28,1,1512.84,41.36,0,0,0,5,1
822,4488.83,8,27,6,467.29,145.16,0,0,0,5,0
823,10925.97,8,35,3,2124.22,3.97,0,0,0,5,0
824,762.93,15,40,4,625.49,152.86,0,0,0,1,0
825,702.4,11,48,1,1007.2,31.25,0,0,0,3,0
826,4690.92,9,43,4,930.07,61.9,0,0,1,5,0
827,5321.83,5,19,6,951.36,81.28,0,1,2,5,1
828,650.11,17,56,2,1338.22,8.22,0,0,0,1,0
829,720.4,1,24,6,1267.1,2.3,1,0,0,3,0
830,827.34,19,41,4,1188.58,6.88,0,0,0,4,0
831,285.87,8,56,4,437.16,20.85,0,0,1,3,0
832,437.62,18,49,3,331.91,156.81,0,0,0,2,0
833,401.76,5,43,3,1206.49,2.19,0,0,0,4,0
834,508.88,1,40,2,869.42,126.16,0,0,0,4,0
835,1059.25,14,31,3,1343.32,41.2,0,0,2,2,0
836,1386.05,16,46,3,459.44,5.4,1,0,0,5,0
837,5169.34,15,42,3,1203.86,8.29,0,0,1,3,0
838,404.09,20,48,2,521.83,58.45,0,0,0,2,0
839,2934.59,7,19,2,496.7,46.88,0,0,0,3,0
840,885.37,9,19,5,1700.84,9.16,0,0,1,4,0
841,1043.71,9,40,1,1603.26,117.34,1,0,1,4,1
842,2153.43,17,64,2,792.26,7.13,0,1,2,5,0
843,356.84,9,28,6,504.14,35.83,0,0,0,5,0
844,1607.46,8,46,4,622.4,37.57,0,0,1,2,0
845,1295.24,23,59,1,748.52,102.2,1,0,0,3,0
846,1794.45,18,52,3,487.83,1.12,0,0,1,5,0
847,1464.35,0,66,3,860.52,7.34,1,0,1,3,0
848,12775.7,3,26,2,443.85,9.36,0,0,0,1,0
849,579.55,23,49,1,2304.84,3.25,0,0,1,2,0
850,644.84,2,47,4,136.13,49.91,0,1,0,3,0
851,588.08,9,32,5,400.64,13.04,0,0,1,5,0
852,629.25,11,31,2,1234.47,42.98,0,1,0,5,0
853,579.76,17,68,1,2348.61,76.3,0,0,2,3,0
854,3601.18,22,34,4,412.13,26.26,0,0,1,4,0
855,4539.19,19,39,3,553.21,73.23,0,0,1,1,0
856,619.71,5,69,5,960.7,75.22,0,0,2,2,0
857,477.06,20,47,2,991.86,15.29,0,0,0,3,0
858,1757.09,1,34,1,741.5,0.79,0,1,2,5,1
859,631.3,9,33,2,1242.06,5.45,0,0,1,2,0
860,2065.1,1,69,1,842.75,86.73,1,0,1,3,1
861,1343.35,8,25,7,856.52,25.99,0,0,0,5,0
862,240.87,9,56,2,2332.42,91.35,0,1,1,1,0
863,5153.88,1,48,6,582.43,39.65,0,0,1,3,0
864,6606.95,7,29,3,548.34,10.99,0,0,0,3,0
865,594.2,23,50,1,521.5,62.28,0,0,1,2,0
866,744.19,16,29,4,414.94,40.84,0,0,1,2,0
867,1459.52,16,42,7,606.55,21.68,1,0,1,5,0
868,1532.2,3,55,0,406.56,4.59,0,0,0,4,0
869,2118.67,17,65,5,962.3,5.4,1,0,1,1,0
870,8186.2,11,35,3,972.69,10.44,0,1,0,5,0
871,918.79,16,36,5,807.09,55.88,1,0,1,5,1
872,493.59,8,20,3,914.97,65.09,0,0,0,2,0
873,276.08,18,52,2,1273.67,49.84,0,0,3,5,0
874,527.99,13,22,3,292.85,20.57,0,0,3,1,0
875,1060.9,13,52,2,827.38,29.03,0,1,3,3,0
876,6598.24,16,68,5,2404.6,61.82,0,0,1,4,0
877,653.53,1,44,3,434.7,53.92,0,0,1,4,0
878,1371.68,7,54,4,4939.53,74.14,0,0,1,3,0
879,1078.77,4,63,2,522.14,13.8,0,0,0,2,0
880,3598.94,6,38,1,811.26,0.22,0,0,1,5,0
881,13724.43,21,33,5,840.36,15.49,1,0,1,4,0
882,644.92,15,45,4,211.69,21.38,0,0,2,2,0
883,672.2,15,42,5,350.87,161.59,0,0,0,5,1
884,3115.55,16,50,5,1128.2,12.28,1,1,0,4,0
885,2168.72,21,34,3,552.5,87.55,0,0,2,4,0
886,6951.46,6,60,5,331.73,48.71,0,0,1,3,0
887,1966.34,19,47,2,1759.16,9.17,0,0,0,2,0
888,765.64,7,58,1,851.51,25.83,0,0,0,1,0
889,1979.61,7,21,3,594.03,35.68,0,0,3,4,0
890,3323.27,22,19,6,4136.42,21.09,0,0,0,5,0
891,2491.11,10,26,4,298.94,12.82,0,1,0,2,0
892,1821.24,14,48,1,291.11,14.57,0,0,0,4,0
893,3186.49,17,42,6,483.82,44.0,1,0,1,1,0
894,3530.86,5,54,3,831.44,58.25,0,0,0,1,0
895,4368.43,21,53,2,954.93,31.65,1,0,1,4,0
896,2097.94,11,22,0,371.73,142.14,0,0,0,3,1
897,927.86,14,41,4,218.41,65.2,0,0,0,4,0
898,1269.93,22,41,1,1061.29,111.17,0,0,0,4,0
899,3664.73,5,46,4,467.14,32.28,1,0,0,5,1
900,484.47,17,67,2,669.4,0.75,0,0,2,5,0
901,1585.53,23,62,6,712.69,44.83,1,0,1,3,0
902,740.01,19,48,2,1429.52,85.26,0,0,0,5,0
903,1128.61,8,54,2,441.37,38.45,0,0,1,4,0
904,3938.09,7,36,6,2370.86,41.96,0,0,1,3,0
905,1327.56,13,40,5,591.52,184.39,0,1,1,5,0
906,1148.76,18,52,1,227.3,22.8,0,0,0,5,1
907,281.5,18,67,4,296.95,80.94,0,0,2,4,0
908,2312.89,7,23,1,286.46,35.17,0,0,0,3,0
909,2091.18,1,23,4,371.42,31.15,0,0,0,5,0
910,9540.06,3,54,3,817.72,7.87,0,0,0,2,0
911,806.11,5,47,3,1487.59,68.99,1,0,0,4,0
912,1365.33,2,18,3,112.49,86.66,0,0,3,2,1
913,1407.24,2,25,1,1361.02,28.18,0,0,0,1,0
914,5310.56,18,45,3,2060.29,72.1,0,0,0,5,0
915,996.95,10,42,2,3432.39,43.51,0,0,1,2,0
916,1449.57,9,50,3,930.55,14.89,0,0,0,1,0
917,2014.04,11,55,3,160.36,128.66,0,0,1,4,1
918,1321.61,13,69,1,227.0,59.66,0,0,0,2,0
919,701.74,17,31,3,1358.13,105.32,0,0,0,3,0
920,1331.54,23,28,4,716.7,16.53,0,0,0,4,0
921,3208.73,8,19,3,401.81,124.06,0,0,0,4,0
922,392.87,14,47,4,201.61,22.68,0,0,1,3,0
923,1252.59,23,47,4,281.12,0.48,0,0,2,4,1
924,544.51,2,21,2,1012.22,3.9,0,1,0,1,0
925,3622.96,22,30,2,975.87,4.68,0,0,2,5,1
926,239.08,10,24,0,1440.95,11.61,0,0,0,4,0
927,627.08,9,55,2,1911.97,10.32,1,0,1,2,0
928,1599.12,17,20,4,329.59,2.98,0,0,0,4,0
929,5247.59,3,26,3,1391.69,112.88,0,0,1,3,0
930,1026.85,12,31,2,367.4,88.1,0,0,1,2,0
931,629.42,5,69,6,601.85,71.95,0,1,1,3,0
932,7195.11,20,28,1,370.16,32.61,0,0,1,4,0
933,257.75,12,54,2,1231.6,27.68,0,1,2,1,0
934,121.66,19,31,6,418.35,27.7,0,0,2,2,0
935,1702.77,4,36,1,1116.67,15.17,0,0,0,4,0
936,663.78,19,25,2,975.6,46.86,0,0,0,4,0
937,394.95,13,24,5,1654.2,3.04,0,0,0,3,0
938,2226.88,12,24,3,1061.65,53.76,0,0,0,4,0
939,1399.4,13,20,7,2967.03,36.06,0,1,0,1,0
940,623.86,7,20,2,397.8,84.78,0,0,1,2,0
941,304.81,15,35,2,1256.38,180.12,1,1,1,4,1
942,2624.01,12,62,1,916.89,104.62,0,0,0,3,0
943,2101.07,23,50,0,363.71,63.63,1,0,0,1,0
944,993.09,14,54,2,1429.93,28.35,0,0,0,5,0
945,6950.97,18,45,2,1313.93,12.07,0,0,1,1,0
946,376.12,0,53,4,397.02,54.66,0,0,0,4,1
947,238.53,21,33,1,174.63,11.26,0,0,2,4,0
948,549.0,1,32,6,611.85,1.02,0,0,0,2,0
949,1047.76,17,46,3,384.31,42.58,0,0,1,4,1
950,1398.76,18,35,6,757.74,25.05,1,0,1,1,0
951,861.58,7,66,5,671.01,104.38,1,0,2,5,1
952,1559.4,2,63,1,2766.25,51.89,0,0,2,1,0
953,313.71,22,63,3,368.67,52.1,0,0,0,4,0
954,4646.01,13,36,5,1067.82,77.53,1,1,1,4,0
955,1010.14,8,46,1,225.56,20.45,0,0,1,5,1
956,3351.94,7,23,4,303.92,158.71,1,0,2,5,1
957,1544.92,16,62,3,466.84,12.51,0,0,0,2,0
958,1731.52,22,67,1,338.22,102.66,1,1,0,5,1
959,1938.69,22,64,2,943.01,120.87,0,1,2,3,0
960,1715.93,23,44,3,650.43,1.99,0,0,0,4,0
961,2085.41,15,24,2,1286.51,49.96,0,0,3,2,1
962,4142.91,9,44,3,292.66,69.2,0,0,1,1,0
963,1334.78,20,36,3,767.38,153.77,0,0,3,2,0
964,2228.32,9,34,3,366.77,14.48,0,0,0,4,1
965,1002.51,23,58,3,1840.63,41.26,1,1,2,4,1
966,4629.1,5,28,2,292.68,74.17,0,0,0,5,1
967,557.58,21,22,1,163.02,8.03,1,0,0,5,1
968,6640.49,16,19,1,415.93,95.86,0,0,1,3,0
969,1053.47,15,64,4,271.19,25.85,0,0,2,3,0
970,262.23,14,29,2,745.88,51.05,0,1,0,4,0
971,1246.51,21,59,1,1059.45,2.15,0,0,1,4,0
972,554.99,13,59,2,1192.52,12.61,0,0,2,3,0
973,2541.84,3,69,4,120.5,32.52,0,0,0,3,0
974,570.99,3,28,1,1185.38,17.07,1,0,2,5,0
975,701.92,1,27,4,797.7,158.32,0,0,1,2,1
976,165.75,10,45,3,1165.84,79.22,0,0,0,5,0
977,697.63,3,24,3,1344.21,100.08,0,0,0,3,0
978,97.14,20,31,2,406.0,31.4,0,0,0,1,0
979,225.0,20,30,1,322.51,32.09,1,1,0,3,1
980,2345.88,15,22,3,864.4,81.79,0,0,0,1,0
981,2406.19,20,68,0,1439.25,24.51,0,1,4,5,0
982,1678.17,3,59,2,244.36,32.78,1,1,0,5,0
983,416.97,0,25,4,699.65,37.6,0,0,0,5,1
984,1045.54,23,67,1,439.21,46.72,0,0,2,4,0
985,1092.69,18,18,0,437.94,52.49,0,1,1,4,0
986,344.34,1,22,0,486.97,57.09,0,0,0,5,0
987,4931.5,8,28,4,1123.3,29.35,1,0,2,2,1
988,2636.91,22,69,1,1056.81,17.49,0,1,0,4,0
989,879.22,12,60,3,326.87,126.38,0,0,0,2,0
990,1126.52,17,65,4,221.62,87.64,1,0,0,4,0
991,1350.71,15,27,1,1571.14,0.17,0,0,0,3,0
992,142.35,15,32,3,1263.89,35.97,1,0,3,5,0
993,856.47,9,56,2,1791.63,16.05,1,0,1,4,0
994,554.47,8,64,3,1030.95,51.46,0,0,0,3,0
995,402.78,10,46,2,1932.23,34.92,0,0,1,2,0
996,827.91,3,42,2,104.29,1.07,0,0,1,4,1
997,6618.91,9,65,2,606.19,65.06,0,0,2,2,1
998,2081.5,2,23,2,381.77,16.11,0,0,1,5,0
999,619.44,5,28,4,3255.83,15.07,0,0,1,4,0
1000,1944.16,2,34,3,254.83,1.62,0,0,2,5,0
1001,4444.2,8,32,2,227.1,88.11,0,1,1,1,0
1002,2764.55,2,33,3,402.75,43.24,0,0,1,5,0
1003,1164.01,17,19,4,436.98,33.16,0,0,1,2,0
1004,574.25,7,53,4,492.21,56.32,1,0,1,2,0
1005,2204.43,21,36,3,1370.4,21.18,1,0,0,5,1
1006,1625.36,7,55,5,2176.66,42.14,1,0,0,4,0
1007,2684.35,14,67,0,1445.24,14.34,0,1,1,4,0
1008,2069.73,12,38,1,4830.16,3.25,0,0,0,2,0
1009,3132.39,6,28,2,1857.66,41.2,0,1,1,2,0
1010,642.11,18,58,4,400.9,12.5,0,0,1,3,0
1011,4094.48,7,20,3,607.91,69.32,0,0,0,4,0
1012,1336.22,9,51,4,1252.26,30.06,0,0,1,3,0
1013,8736.46,16,35,2,263.7,14.41,0,1,1,2,1
1014,550.49,0,32,0,518.33,46.87,0,0,1,2,0
1015,6222.73,12,42,1,1119.4,6.2,0,0,2,3,0
1016,1336.64,12,67,4,3070.71,71.65,1,0,0,4,0
1017,571.68,23,68,2,683.12,30.09,0,0,0,4,0
1018,675.95,15,32,3,776.17,83.74,0,0,2,2,0
1019,796.04,8,47,6,1005.32,7.43,0,0,1,1,0
1020,1676.0,9,34,3,166.12,24.11,0,0,0,1,0
1021,1849.8,5,35,2,498.32,9.92,0,0,0,2,0
1022,617.88,4,48,2,335.69,3.16,0,0,0,1,0
1023,1070.25,1,67,2,1238.85,155.44,0,0,3,2,0
1024,9341.95,10,60,5,468.3,64.85,0,0,2,4,0
1025,6170.55,8,35,3,1759.72,19.7,1,0,0,4,1
1026,1696.5,5,52,1,942.71,14.13,0,0,1,1,0
1027,1139.11,7,30,5,585.54,11.43,1,0,3,1,0
1028,1236.49,8,31,3,424.19,2.2,0,0,1,4,0
1029,2025.39,8,53,3,375.8,5.42,0,0,0,5,0
1030,394.34,7,35,2,2415.89,5.43,0,0,0,5,0
1031,847.78,11,22,2,130.51,54.87,0,0,1,3,0
1032,206.73,7,31,4,622.08,45.16,1,0,0,3,0
1033,1634.71,2,42,3,712.3,41.99,0,0,1,1,0
1034,2094.76,12,61,6,109.16,66.3,1,0,0,3,1
1035,676.42,18,56,0,1895.34,14.46,1,0,2,5,0
1036,5292.19,1,29,3,787.33,20.96,0,0,0,2,0
1037,321.9,16,57,4,1193.69,6.77,0,0,0,2,0
1038,253.57,15,45,2,1205.89,44.3,0,0,0,5,0
1039,1372.59,3,52,2,1377.76,135.08,1,0,1,2,0
1040,3124.71,17,18,2,1271.22,99.44,1,0,0,3,0
1041,5907.2,13,20,2,1270.66,40.48,0,0,2,1,0
1042,693.06,1,60,1,909.02,51.73,0,0,0,5,0
1043,3224.98,12,67,5,1467.18,243.39,0,0,0,4,0
1044,1055.21,20,24,2,5887.23,36.42,1,1,1,4,1
1045,922.76,19,26,2,335.9,102.24,1,0,0,1,0
1046,2653.57,16,53,1,1004.01,34.72,0,0,0,2,0
1047,2105.53,14,40,6,1301.02,2.45,1,0,1,4,1
1048,226.7,19,41,2,194.23,136.41,1,1,1,4,1
1049,4800.81,4,27,2,3024.45,5.93,0,0,1,5,0
1050,4359.41,6,67,3,1119.21,60.9,0,0,1,2,0
1051,586.66,17,65,5,853.59,13.59,1,0,1,2,0
1052,1629.13,23,29,1,498.8,115.65,1,0,1,1,0
1053,1797.28,10,36,6,1308.31,11.19,0,0,1,5,0
1054,1423.22,17,49,5,272.2,7.55,0,0,2,1,0
1055,632.51,4,41,6,2654.66,28.88,0,0,1,3,0
1056,560.25,12,39,5,1538.01,34.33,0,0,1,1,0
1057,1068.96,17,20,3,602.84,85.44,1,1,1,3,0
1058,3543.0,1,57,3,2107.15,71.86,0,0,1,2,1
1059,1888.62,19,44,2,165.28,19.89,1,0,1,1,0
1060,757.02,3,36,3,297.1,24.3,0,1,2,5,0
1061,2372.5,12,26,6,699.26,42.98,0,0,2,4,0
1062,63.53,23,68,5,723.37,40.1,0,1,2,5,0
1063,3459.11,15,66,2,955.94,99.04,0,0,3,4,0
1064,192.54,5,30,1,787.81,31.98,1,0,1,4,1
1065,763.23,7,19,7,1808.61,111.98,0,0,1,1,1
1066,357.93,15,53,4,208.0,11.48,0,0,0,5,0
1067,300.46,12,46,2,144.27,101.11,0,0,0,2,0
1068,3501.08,22,28,3,218.14,18.14,0,0,0,5,1
1069,686.98,3,51,5,236.43,77.86,0,0,3,4,1
1070,1550.77,1,21,2,690.29,41.67,0,0,3,2,0
1071,1046.37,8,21,2,599.45,104.2,1,0,1,2,0
1072,1767.0,17,69,3,870.14,13.15,0,1,2,3,0
1073,1184.2,16,18,5,900.5,60.45,0,0,2,3,0
1074,303.99,7,42,3,841.95,94.51,0,0,1,3,0
1075,2969.85,14,43,3,197.56,74.96,0,0,0,4,0
1076,669.31,8,28,2,569.7,41.74,0,0,0,3,0
1077,231.23,16,40,4,450.53,56.26,1,1,1,2,0
1078,714.72,22,19,7,1809.54,10.94,0,0,0,1,0
1079,4918.5,1,36,1,900.09,12.2,0,0,1,5,1
1080,2566.3,5,46,3,3019.3,15.55,0,1,2,3,0
1081,773.83,4,57,3,309.39,88.02,0,0,1,5,0
1082,773.36,16,69,3,536.83,9.16,0,0,0,4,0
1083,795.02,1,21,2,1418.39,17.76,0,0,2,2,1
1084,8749.47,17,33,1,459.08,126.56,0,0,0,4,0
1085,1606.7,9,64,4,922.68,70.37,0,0,0,1,0
1086,1685.88,9,54,4,419.86,66.05,0,0,0,4,0
1087,3072.61,5,44,6,1735.3,30.36,0,0,1,3,0
1088,1392.41,11,22,3,222.07,60.59,0,0,0,2,0
1089,846.37,16,32,3,3164.68,41.7,0,0,0,1,0
1090,901.13,12,40,3,1265.08,3.71,1,0,2,3,0
1091,1020.86,19,66,3,1018.0,42.96,0,1,0,5,0
1092,1056.56,15,20,6,936.8,30.1,0,0,1,5,0
1093,2270.21,9,35,5,392.36,6.05,0,0,0,3,0
1094,1155.1,20,60,5,1206.54,21.1,1,0,0,3,0
1095,2281.62,1,43,3,452.53,112.59,1,0,0,5,0
1096,1011.59,1,23,4,127.34,81.41,0,0,0,1,0
1097,1186.35,22,61,2,738.26,122.61,0,1,1,2,1
1098,148.68,6,34,1,378.17,63.13,0,0,1,5,0
1099,2741.68,5,63,1,770.26,50.06,0,1,2,5,0
1100,1550.74,0,55,3,677.02,7.5,0,0,0,2,0
1101,2975.03,11,59,0,220.75,5.67,1,1,2,2,0
1102,60.57,12,65,4,2464.59,14.17,0,0,0,3,0
1103,8851.79,11,67,2,402.33,18.86,0,0,2,4,0
1104,953.76,18,44,6,1609.99,46.7,0,0,1,2,0
1105,3321.54,8,37,4,387.3,104.9,1,1,1,2,0
1106,387.65,9,23,2,692.28,110.7,0,0,2,4,0
1107,2023.88,16,68,5,857.04,57.34,1,0,0,4,0
1108,382.44,17,52,1,134.39,42.66,0,1,2,4,0
1109,587.71,7,29,7,416.56,14.01,0,0,0,3,0
1110,7435.58,6,65,2,842.29,138.99,0,0,1,1,0
1111,906.25,8,20,1,714.58,55.6,0,1,2,5,0
1112,1362.99,9,65,5,701.52,38.12,0,0,1,5,0
1113,2617.74,11,21,3,1414.6,5.49,0,0,2,1,0
1114,1800.25,14,69,1,356.85,87.4,0,0,1,1,0
1115,1274.64,14,62,6,719.06,21.46,0,0,0,4,0
1116,1579.65,3,21,5,229.49,115.42,0,0,0,4,0
1117,12129.74,3,21,4,453.59,9.22,1,0,0,4,0
1118,1035.23,22,56,4,1814.92,2.49,0,1,0,3,0
1119,1340.9,0,38,3,685.55,28.52,0,0,1,1,0
1120,3135.85,11,61,4,464.87,4.08,0,0,1,1,0
1121,3312.72,1,19,2,353.13,3.19,0,0,0,3,0
1122,3594.03,14,33,3,224.33,62.54,0,0,0,1,0
1123,2077.1,16,24,0,1450.38,14.88,0,0,0,4,0
1124,349.67,6,36,3,3676.38,50.92,0,0,1,4,0
1125,5616.32,5,60,3,479.06,42.3,1,0,0,4,0
1126,348.51,11,50,2,157.36,7.58,0,0,1,4,0
1127,1484.21,18,26,3,2300.86,24.37,1,0,2,4,0
1128,515.8,0,54,3,326.57,3.42,0,1,1,2,0
1129,1028.51,20,34,1,907.58,27.38,0,0,0,4,0
1130,1523.5,13,44,1,1016.87,10.07,0,0,1,2,0
1131,1512.26,3,50,1,1641.88,5.06,1,0,0,3,1
1132,1672.24,4,66,2,554.8,19.06,0,0,2,3,0
1133,5506.65,0,29,2,965.96,0.17,0,0,0,2,0
1134,1725.95,0,62,1,513.38,70.89,0,0,1,1,0
1135,859.06,20,28,3,135.24,8.61,0,1,0,4,1
1136,2875.8,5,30,3,477.45,49.15,0,1,0,5,0
1137,3602.81,4,48,0,897.34,89.36,0,1,2,1,1
1138,321.31,1,30,2,299.27,124.59,1,0,0,1,1
1139,1993.01,20,55,2,716.09,40.77,1,1,0,5,1
1140,2210.94,4,43,6,825.88,77.63,0,0,1,5,1
1141,814.39,8,48,4,1944.32,30.33,0,0,3,4,0
1142,4340.34,18,39,2,317.04,33.68,0,0,0,2,0
1143,943.83,20,23,5,809.09,39.57,0,0,1,4,0
1144,1243.36,14,37,2,277.69,55.45,0,0,1,4,0
1145,922.35,12,38,5,115.88,55.42,0,0,3,4,1
1146,1113.85,11,27,3,454.32,76.94,0,0,1,4,0
1147,366.4,4,36,2,429.43,47.98,0,0,1,1,0
1148,259.81,1,52,2,875.45,107.12,1,0,0,1,0
1149,5401.89,3,43,4,1683.93,61.76,0,0,2,2,0
1150,470.14,17,24,3,724.84,132.22,0,0,0,5,0
1151,406.92,20,54,4,395.73,69.4,0,0,3,3,0
1152,127.31,9,25,7,344.52,67.11,0,0,0,2,0
1153,578.85,12,22,4,1689.8,98.45,0,1,0,4,0
1154,292.05,11,61,5,1152.36,53.33,0,0,2,4,0
1155,5664.73,1,53,1,328.11,9.9,0,0,2,1,0
1156,3010.37,14,68,2,223.0,4.33,1,0,2,2,1
1157,551.06,13,45,4,327.7,18.98,0,0,1,5,0
1158,10429.94,9,67,0,1467.23,84.21,1,0,1,3,1
1159,2927.09,21,20,3,312.55,1.1,0,0,3,2,0
1160,792.48,7,56,1,961.05,8.13,0,0,1,5,0
1161,90.07,14,25,2,2576.77,5.61,0,0,0,4,0
1162,10839.4,12,32,2,351.92,1.89,1,0,1,3,0
1163,273.26,7,44,3,491.98,83.11,0,0,1,3,0
1164,211.58,20,66,3,648.62,16.4,0,0,2,5,0
1165,3049.0,20,68,3,184.15,65.27,1,0,1,2,0
1166,12578.6,21,53,3,376.9,7.65,0,0,0,2,0
1167,4377.67,13,33,2,766.93,26.29,0,1,1,2,0
1168,1927.37,0,43,3,305.53,6.19,0,1,3,3,1
1169,1987.74,12,62,1,3677.34,0.12,0,0,0,5,1
1170,2574.51,7,61,3,448.55,47.49,0,1,0,1,1
1171,2342.39,17,21,3,577.07,32.79,0,0,2,3,0
1172,1452.72,21,29,5,420.15,26.95,0,0,0,3,0
1173,1217.07,8,34,6,547.6,4.1,0,0,1,2,0
1174,1030.1,12,58,1,373.19,44.36,0,0,1,1,0
1175,515.96,2,61,2,126.43,75.71,0,1,0,1,0
1176,828.26,17,43,5,498.58,3.48,0,0,1,4,0
1177,201.75,9,48,3,2822.93,26.68,0,0,1,1,0
1178,993.92,4,32,3,2447.92,18.67,1,0,3,2,0
1179,408.06,5,69,3,286.05,111.22,0,1,1,4,0
1180,363.73,7,51,0,185.51,15.24,0,0,0,1,0
1181,1312.77,23,46,0,128.73,144.37,0,0,1,5,0
1182,4411.64,6,26,1,305.4,88.13,0,0,1,4,0
1183,2747.14,20,31,3,426.42,5.28,0,0,1,4,0
1184,228.04,17,53,4,917.67,32.76,0,0,2,2,0
1185,407.63,13,21,3,477.18,52.35,0,0,0,1,0
1186,2809.53,14,55,2,1343.03,44.96,0,0,1,1,0
1187,410.56,9,54,3,1069.25,56.85,0,0,2,3,0
1188,876.0,20,41,1,877.46,27.78,0,0,1,2,0
1189,1900.84,11,34,1,603.57,117.56,0,1,0,1,0
1190,416.4,6,30,1,1465.66,15.76,0,0,2,5,0
1191,1218.5,6,37,3,1104.88,4.94,0,0,0,3,0
1192,288.87,10,34,3,206.87,190.78,1,0,1,5,0
1193,601.02,12,68,3,1015.1,52.77,0,0,0,4,0
1194,1509.87,14,44,5,420.0,53.82,1,0,0,2,0
1195,222.96,17,50,5,1387.46,85.06,1,0,3,5,0
1196,1703.56,6,38,5,1125.06,27.36,0,0,1,2,0
1197,1075.31,5,34,3,2631.4,24.41,0,0,0,4,0
1198,1905.48,22,39,1,134.52,148.94,1,0,1,4,0
1199,1371.85,10,42,2,850.4,24.45,1,0,1,3,0
1200,4290.42,7,20,2,395.36,4.09,1,0,0,5,0
1201,1242.93,19,44,0,3656.23,18.4,1,0,1,4,0
1202,713.79,0,44,2,58.68,103.39,0,0,0,5,1
1203,1239.29,7,63,2,943.63,4.99,0,0,0,2,0
1204,1888.05,7,29,1,1038.61,63.06,0,0,1,3,0
1205,1151.55,18,32,2,120.27,15.49,0,0,1,4,0
1206,1142.06,2,55,2,1007.67,68.48,1,0,0,5,1
1207,543.49,4,37,4,132.44,36.13,0,0,0,4,0
1208,565.15,2,39,1,372.69,50.61,0,0,0,5,0
1209,269.72,14,19,7,922.56,13.93,1,0,2,3,0
1210,6308.02,13,21,5,304.34,9.2,0,1,1,5,0
1211,316.12,20,62,2,707.18,3.27,0,1,3,3,0
1212,548.45,14,30,1,661.52,87.31,0,0,0,2,0
1213,534.64,23,49,2,1020.33,61.98,0,0,2,2,0
1214,2683.63,16,39,4,282.94,17.36,0,0,1,2,0
1215,816.52,17,42,1,1394.64,90.67,0,0,1,4,0
1216,3818.99,1,44,3,65.88,89.7,0,0,1,3,0
1217,559.2,11,34,8,2242.16,7.41,0,0,0,5,0
1218,1449.53,15,23,2,541.55,62.53,0,0,0,1,0
1219,475.64,3,60,3,587.63,17.29,1,0,0,2,1
1220,9368.88,1,68,2,851.17,31.48,0,0,1,4,0
1221,334.42,13,33,2,774.89,28.12,1,0,3,2,1
1222,1494.91,10,25,4,663.74,45.84,0,1,0,2,0
1223,2066.84,12,50,9,1804.16,21.32,0,0,0,4,0
1224,1658.72,6,27,3,196.06,3.8,0,0,0,3,0
1225,911.15,9,51,5,309.88,55.84,0,0,1,4,0
1226,963.12,23,36,3,940.87,161.66,1,0,0,2,0
1227,1145.75,0,31,1,496.03,55.11,0,0,0,4,0
1228,946.71,20,20,2,1868.15,38.78,0,0,0,5,0
1229,2875.2,3,58,2,3987.41,8.93,0,0,1,2,0
1230,10001.83,17,40,5,667.84,49.07,0,0,1,5,0
1231,627.98,5,57,5,167.92,47.22,0,1,1,5,0
1232,278.72,1,28,2,328.84,48.22,0,0,0,1,0
1233,1003.97,2,64,2,129.79,111.43,0,0,0,1,0
1234,14468.21,13,23,6,1091.38,63.0,0,0,0,2,0
1235,490.94,7,51,2,311.87,76.49,0,0,3,4,0
1236,5648.34,15,18,6,585.57,18.8,0,0,2,2,0
1237,5870.53,18,52,3,527.69,15.76,0,0,2,5,0
1238,630.44,17,42,2,1642.28,11.58,0,0,0,2,0
1239,1937.17,5,46,3,695.61,75.34,1,0,1,3,0
1240,5588.11,13,40,2,535.63,59.96,0,0,0,4,0
1241,750.6,2,35,5,318.58,20.93,0,0,1,4,1
1242,894.64,15,31,1,1078.29,7.61,1,0,1,4,0
1243,612.97,0,34,4,275.66,93.76,0,0,2,5,0
1244,397.52,11,19,4,243.91,24.25,0,0,1,5,0
1245,572.91,13,48,5,413.69,10.52,0,0,0,3,0
1246,322.49,18,36,4,3524.36,7.8,0,0,0,5,1
1247,1134.65,21,49,3,614.43,126.09,0,0,1,2,0
1248,507.77,18,45,3,638.46,6.97,0,0,1,1,0
1249,1385.46,8,58,2,858.09,22.29,0,0,1,1,0
1250,231.39,6,25,1,801.3,50.01,0,0,0,3,0
1251,1526.73,13,59,2,558.85,26.22,0,0,1,4,0
1252,2523.82,4,58,5,306.58,32.45,0,0,0,3,0
1253,149.35,17,57,4,468.01,81.13,0,0,1,3,0
1254,1594.09,8,56,2,563.77,358.75,0,1,1,3,0
1255,3743.1,20,39,3,214.36,31.48,0,0,1,1,0
1256,327.13,6,41,2,559.7,23.81,0,0,1,3,0
1257,5840.5,8,55,6,777.69,26.11,1,0,1,4,0
1258,1667.4,3,19,4,433.27,23.03,0,0,1,5,0
1259,541.85,16,58,6,1791.51,32.1,0,1,1,5,0
1260,1037.15,11,58,3,828.9,20.26,0,0,2,1,0
1261,1916.64,5,36,0,361.63,31.05,0,0,1,4,0
1262,1183.23,17,58,2,477.79,145.44,0,1,1,5,0
1263,1879.49,7,19,5,1777.01,16.86,0,0,2,1,0
1264,436.73,20,45,4,406.24,52.76,0,1,0,3,0
1265,1299.01,14,49,2,350.08,33.37,0,0,0,5,0
1266,266.74,2,36,1,338.13,65.91,0,0,0,5,0
1267,981.2,1,33,4,705.9,31.96,0,0,1,5,0
1268,444.12,23,47,6,793.02,8.75,0,0,0,3,0
1269,525.56,22,39,8,1145.48,102.95,0,0,2,1,0
1270,3774.76,8,31,2,371.83,56.31,0,0,1,5,0
1271,3265.96,7,69,1,2240.51,37.31,0,0,2,3,0
1272,2016.54,3,18,3,1000.69,88.92,0,1,0,3,1
1273,367.85,1,62,2,476.66,186.87,0,0,1,1,0
1274,799.18,13,19,4,1288.91,26.33,1,1,0,1,0
1275,3688.95,1,39,2,3049.94,21.78,0,0,0,1,0
1276,1263.6,1,63,6,981.29,70.04,1,0,1,1,0
1277,11151.5,21,50,2,2717.34,30.31,0,0,1,3,0
1278,1625.09,6,32,0,296.7,4.48,0,0,2,2,1
1279,1328.82,11,67,4,142.21,21.88,0,0,2,5,0
1280,805.03,5,58,3,1018.7,82.68,0,0,0,3,0
1281,1253.31,17,39,3,1650.27,61.33,0,0,0,4,0
1282,941.55,3,57,1,230.11,99.33,1,0,2,2,0
1283,2226.33,18,56,5,1797.38,7.93,0,0,0,4,0
1284,2854.64,12,58,4,468.98,13.98,0,0,1,5,0
1285,499.7,19,58,2,1083.14,12.09,0,0,4,4,1
1286,289.68,20,28,4,821.76,177.6,1,0,2,3,0
1287,174.83,22,21,4,964.72,9.25,0,1,0,5,0
1288,1822.55,1,24,2,1046.89,45.56,0,0,0,3,0
1289,363.81,7,38,4,620.73,50.11,0,0,1,4,0
1290,127.37,18,24,3,470.96,48.23,0,0,1,1,0
1291,1617.41,8,21,3,876.1,58.83,0,0,1,4,0
1292,13266.53,3,29,1,533.16,33.07,0,0,0,4,1
1293,1090.0,15,44,4,381.98,4.37,0,0,2,1,0
1294,2536.37,18,34,3,857.89,60.41,0,0,2,1,0
1295,1190.14,9,37,2,412.42,16.5,1,0,0,1,0
1296,993.38,5,48,3,569.18,3.95,0,0,1,4,1
1297,2749.23,15,43,3,434.92,9.3,0,0,0,2,0
1298,820.35,9,48,2,2317.59,16.93,0,1,1,5,1
1299,1432.81,12,52,4,723.72,28.32,0,1,0,3,0
1300,1512.77,8,26,0,187.27,98.78,0,1,0,5,0
1301,562.23,6,22,1,1802.43,38.45,0,0,2,4,0
1302,2957.33,3,69,4,155.98,31.93,0,1,1,3,1
1303,920.61,18,65,2,3682.03,10.61,0,0,0,4,0
1304,515.05,3,25,5,686.51,160.03,0,0,1,2,0
1305,1875.27,18,38,3,403.71,119.58,0,0,3,3,0
1306,446.54,18,33,6,497.29,84.66,0,1,2,4,0
1307,1127.98,11,68,3,186.06,19.52,0,0,0,3,0
1308,1086.68,12,33,3,612.25,41.23,0,0,1,5,0
1309,3248.33,3,35,3,465.62,24.62,0,1,0,5,1
1310,1762.87,9,64,2,632.7,25.78,0,0,0,2,0
1311,1069.53,20,45,3,1366.22,3.74,0,0,1,2,0
1312,2484.35,6,35,1,847.92,7.54,0,1,2,2,0
1313,4403.73,4,31,5,263.77,162.43,0,1,0,2,0
1314,1915.65,16,65,2,301.2,47.09,0,0,0,2,0
1315,1108.05,17,54,0,813.22,0.32,0,0,0,2,0
1316,295.35,10,57,9,984.6,82.82,0,0,3,5,1
1317,378.0,14,33,3,627.85,4.55,0,1,0,2,0
1318,808.17,20,38,5,1037.25,61.58,0,0,1,1,0
1319,596.15,21,18,1,745.7,48.49,0,0,1,4,0
1320,909.62,6,28,4,762.73,3.25,0,0,0,5,0
1321,1160.55,17,28,4,1302.18,37.85,1,0,1,4,0
1322,1862.53,5,19,3,3095.67,2.43,0,0,0,5,0
1323,1021.98,17,49,4,844.83,3.33,0,0,0,5,1
1324,1783.8,15,36,2,7835.04,2.63,1,0,0,4,0
1325,1169.67,1,22,3,746.6,14.75,0,0,0,2,0
1326,152.1,18,20,5,737.01,80.92,0,0,2,5,0
1327,428.66,0,45,2,3174.12,22.51,1,0,0,3,0
1328,949.48,10,43,3,582.9,51.02,0,0,1,2,0
1329,327.11,19,40,2,156.21,6.67,0,0,1,4,0
1330,1998.05,4,47,4,277.12,135.05,0,0,0,4,0
1331,5068.25,15,25,1,1372.02,35.08,0,1,1,5,0
1332,3709.91,22,53,1,982.92,1.25,0,0,3,5,0
1333,885.86,0,46,3,316.38,38.55,0,1,1,3,0
1334,4869.4,18,30,2,138.88,10.2,1,0,1,1,1
1335,1272.41,13,42,3,490.58,10.9,1,0,0,3,0
1336,782.83,2,39,5,1734.54,45.86,0,0,0,3,0
1337,593.83,1,63,2,607.41,12.83,0,0,1,2,0
1338,810.4,23,50,1,500.34,12.04,0,0,5,3,0
1339,743.84,4,54,4,276.03,38.93,0,1,0,1,0
1340,1300.39,16,24,3,513.29,13.42,0,0,1,5,0
1341,1287.65,17,40,6,1018.47,5.86,0,0,1,4,0
1342,1099.98,0,23,3,570.85,26.23,0,0,1,4,0
1343,1697.54,14,32,4,580.99,2.67,1,0,1,1,0
1344,3607.05,21,32,1,1630.83,117.86,1,0,1,5,0
1345,2834.31,8,57,6,356.6,30.03,0,0,0,2,0
1346,248.42,22,51,4,968.56,0.66,1,0,2,5,1
1347,85.29,4,31,4,586.53,12.72,0,0,0,2,0
1348,2791.46,12,46,4,2469.68,158.29,0,0,1,2,0
1349,279.53,18,33,4,1329.28,34.3,0,0,1,2,0
1350,875.88,23,46,1,1939.13,22.23,1,0,0,5,0
1351,340.32,9,40,2,1087.84,18.92,0,0,1,2,0
1352,180.91,19,27,5,449.08,26.98,0,0,0,5,0
1353,1884.58,20,64,2,2065.02,11.9,0,0,1,3,0
1354,2342.92,13,21,5,886.89,69.14,0,1,0,4,1
1355,616.15,21,29,2,796.3,35.49,0,0,1,5,0
1356,82.18,20,59,0,353.02,69.6,0,0,0,4,0
1357,635.08,11,51,3,1202.41,14.68,0,0,0,5,1
1358,1622.63,10,21,4,472.75,0.07,0,1,0,2,0
1359,249.91,22,37,1,435.79,169.41,0,0,1,4,1
1360,1317.33,6,45,1,844.61,35.88,0,0,1,2,0
1361,1079.97,16,45,4,405.49,4.15,0,1,2,3,0
1362,1957.24,17,23,3,362.23,5.48,0,0,1,4,0
1363,1235.93,6,31,3,314.35,28.52,1,0,1,3,0
1364,414.44,23,52,3,1514.85,59.42,0,0,0,2,0
1365,3628.49,19,64,2,2091.19,25.26,0,0,0,1,0
1366,935.86,5,18,2,3071.4,85.78,0,0,1,3,0
1367,1067.1,10,36,3,1405.06,19.95,0,0,0,3,0
1368,431.27,11,18,2,104.49,2.33,0,0,0,3,0
1369,703.96,15,30,4,859.41,0.42,1,0,0,3,0
1370,452.69,18,25,2,545.98,98.11,0,0,2,2,0
1371,922.47,22,35,3,4497.77,208.22,0,0,1,1,0
1372,6073.61,18,52,1,910.81,7.12,0,0,0,5,0
1373,278.13,10,40,4,342.19,3.2,0,0,2,5,0
1374,218.42,15,67,2,372.06,122.91,0,0,2,5,0
1375,4775.1,22,69,4,164.4,5.31,1,0,0,2,1
1376,889.51,11,43,3,629.01,12.96,0,0,2,2,0
1377,561.68,7,58,4,189.34,80.89,0,1,0,1,0
1378,3102.32,2,55,5,132.23,310.34,1,0,0,5,1
1379,598.47,1,37,5,315.72,33.28,0,0,1,5,0
1380,6809.06,5,19,3,293.06,11.83,0,0,1,5,0
1381,2160.13,15,43,2,704.42,94.1,0,0,0,4,0
1382,673.23,19,53,2,907.12,25.07,0,0,1,5,0
1383,9483.5,23,42,1,667.42,15.92,0,0,0,4,0
1384,598.42,14,47,3,608.3,33.71,0,0,0,4,0
1385,2303.29,13,35,3,909.69,96.83,0,0,2,2,0
1386,1479.25,1,24,1,1673.23,13.26,0,1,2,1,0
1387,4030.89,19,44,0,299.71,27.57,1,0,1,5,0
1388,5226.57,17,28,2,864.95,29.37,0,0,1,4,0
1389,1132.3,13,54,1,678.77,89.42,0,0,3,2,0
1390,516.25,17,25,5,922.27,56.35,0,1,0,5,1
1391,1737.1,1,28,4,570.44,75.82,0,0,0,4,0
1392,556.84,0,41,3,326.57,59.11,0,0,0,3,0
1393,8212.29,19,47,6,595.01,44.91,0,0,3,1,1
1394,1257.07,1,47,5,371.43,7.1,0,0,1,3,0
1395,761.03,8,69,3,301.5,89.47,0,0,2,2,0
1396,1319.07,8,69,6,1717.37,46.73,1,1,0,3,0
1397,285.11,15,32,4,750.87,60.39,0,0,0,1,0
1398,415.04,10,52,1,136.98,75.42,0,0,1,5,0
1399,3642.46,22,56,5,47.62,18.68,0,0,0,3,1
1400,568.56,5,41,8,589.05,28.75,0,0,0,4,1
1401,384.94,11,25,2,401.03,38.97,0,0,1,5,0
1402,1875.54,2,60,2,677.8,20.99,0,0,0,2,0
1403,3589.27,11,59,4,807.55,14.96,0,0,0,5,0
1404,2250.6,22,37,4,658.43,74.99,0,0,0,2,0
1405,2969.2,0,58,1,356.19,70.07,0,0,0,5,0
1406,514.5,8,64,0,1446.82,89.13,0,0,0,3,0
1407,264.59,19,43,3,261.98,59.65,0,0,0,1,0
1408,4921.33,21,69,2,1760.69,18.68,0,1,0,4,1
1409,794.19,5,41,6,1060.16,19.8,0,0,0,5,0
1410,853.35,10,39,2,393.19,37.52,0,0,3,5,0
1411,4138.94,2,22,2,945.89,90.27,0,0,3,4,0
1412,1912.62,3,32,3,500.12,21.25,0,0,1,3,0
1413,1730.02,9,53,4,1984.64,72.61,1,0,1,2,0
1414,9556.74,18,54,4,399.81,18.24,0,0,4,3,0
1415,576.22,5,46,1,1266.04,20.66,0,0,1,3,0
1416,2773.43,0,32,2,241.51,69.79,1,0,1,5,0
1417,1160.97,7,44,8,871.66,56.75,0,0,2,2,0
1418,1434.53,7,66,3,844.59,11.67,1,0,0,1,0
1419,5056.7,5,25,3,1105.69,87.73,0,0,0,2,0
1420,1822.27,16,46,3,987.15,76.77,0,0,2,4,0
1421,1878.63,18,36,2,521.35,79.83,0,0,2,2,0
1422,3205.13,0,48,2,140.86,31.78,0,1,0,4,1
1423,761.32,14,26,2,227.24,19.92,0,0,0,5,0
1424,473.8,12,27,1,127.6,94.78,0,1,2,4,0
1425,385.75,20,54,5,536.63,44.36,0,0,0,5,0
1426,153.49,2,27,6,1646.28,133.67,0,0,2,1,0
1427,8571.58,1,50,3,367.74,14.64,1,0,0,2,1
1428,363.87,2,42,6,484.5,185.71,0,0,2,1,0
1429,878.97,8,21,2,414.32,23.84,0,0,1,1,0
1430,831.46,15,22,3,811.63,24.26,0,0,1,3,0
1431,1491.3,23,40,2,764.2,13.64,0,1,0,2,0
1432,2479.31,12,56,3,475.56,167.66,0,0,0,3,0
1433,2592.75,18,22,5,306.03,2.03,0,1,0,4,1
1434,612.12,17,69,3,1097.97,32.06,0,0,2,5,0
1435,927.86,20,25,3,1597.36,22.74,0,1,3,4,0
1436,1454.74,11,34,3,1264.15,8.67,0,0,1,3,0
1437,855.18,11,18,5,265.98,62.46,0,0,2,4,0
1438,5471.71,0,67,4,107.7,114.3,1,0,2,5,1
1439,1791.8,19,29,3,549.53,13.96,0,0,1,5,0
1440,2286.73,7,52,1,2000.72,34.42,0,0,0,4,0
1441,2127.88,16,69,4,135.31,43.16,1,0,1,2,0
1442,3545.64,20,31,1,478.57,24.75,0,0,0,1,1
1443,1314.25,19,65,7,2410.23,127.26,0,0,2,5,1
1444,299.82,21,35,5,1457.84,30.95,0,0,1,2,0
1445,1635.47,6,27,4,800.28,203.08,0,0,1,4,1
1446,571.72,8,32,7,256.01,17.49,0,0,2,1,0
1447,646.38,16,59,4,2194.73,3.8,0,1,4,5,0
1448,1971.13,9,50,7,573.3,42.78,0,0,0,1,0
1449,3783.04,3,36,4,110.06,86.68,1,1,1,2,0
1450,1120.21,21,51,3,2115.06,24.58,0,0,0,2,0
1451,1493.43,6,62,1,290.1,10.23,0,0,0,2,0
1452,6016.22,6,42,3,8476.64,67.02,0,0,1,3,0
1453,1395.14,7,33,1,574.54,15.8,0,0,0,5,1
1454,14789.65,23,25,4,933.32,73.43,0,1,2,4,0
1455,1930.45,23,52,3,716.53,15.21,1,0,2,4,1
1456,188.53,7,38,3,537.79,40.74,0,1,0,5,0
1457,2329.34,15,36,3,1254.71,109.32,0,0,1,2,0
1458,1605.45,11,63,2,781.14,11.45,0,0,4,2,0
1459,3982.85,14,28,4,698.39,85.93,0,0,0,3,0
1460,2149.91,7,61,6,291.82,15.42,0,0,0,2,0
1461,954.84,21,28,1,590.37,54.04,1,0,3,1,0
1462,322.37,8,28,6,259.76,13.97,0,0,0,3,0
1463,889.78,2,39,7,920.08,6.08,0,0,0,2,0
1464,468.47,21,38,2,872.87,54.54,0,1,0,5,0
1465,613.68,20,44,3,765.99,45.18,0,0,3,4,0
1466,1975.5,15,35,1,1797.62,25.67,0,0,1,4,0
1467,5824.94,14,59,2,1264.07,1.87,0,1,0,2,0
1468,1627.29,23,65,2,3526.63,32.24,0,0,0,2,0
1469,331.66,3,57,3,1462.19,8.05,0,0,1,4,1
1470,1710.61,19,55,3,753.88,22.27,0,0,0,3,0
1471,3628.71,15,47,4,524.31,44.12,0,0,3,4,0
1472,595.99,9,68,0,214.96,140.13,1,1,0,1,0
1473,959.09,10,62,2,1998.6,35.8,0,0,0,3,0
1474,1112.86,4,64,3,1049.79,10.83,0,0,0,4,1
1475,500.25,10,62,4,463.06,146.15,0,1,1,5,0
1476,2097.04,12,50,1,852.17,1.31,1,1,2,3,0
1477,971.7,14,38,1,741.27,51.48,1,0,1,2,0
1478,1668.25,5,19,3,618.17,15.22,0,1,1,5,0
1479,451.47,15,30,3,1394.65,70.84,1,0,1,3,0
1480,708.07,14,19,3,192.73,20.12,1,0,0,3,0
1481,2258.33,10,60,4,1315.84,28.0,1,1,1,3,0
1482,755.34,19,62,2,1910.03,73.57,0,0,0,3,0
1483,6166.98,1,48,4,273.17,114.05,1,0,0,2,1
1484,735.36,1,27,5,138.96,10.08,0,0,2,1,0
1485,1372.91,11,40,5,965.01,17.57,0,0,3,2,1
1486,2786.64,15,39,5,1440.37,0.22,0,0,2,5,0
1487,265.51,18,64,1,328.83,97.1,0,0,2,1,0
1488,188.52,1,46,1,217.2,146.99,0,0,1,5,0
1489,238.49,16,50,1,147.77,16.39,0,0,1,1,0
1490,3876.1,13,48,5,1582.15,24.27,0,1,1,1,0
1491,631.53,23,31,5,611.58,28.01,0,1,0,1,0
1492,14160.32,15,27,5,1887.07,26.36,1,0,1,3,0
1493,623.75,4,35,1,72.15,24.95,0,1,1,4,0
1494,1318.9,9,28,2,710.98,32.3,0,0,0,1,0
1495,5126.15,16,56,3,1621.8,8.35,0,0,0,3,0
1496,8152.61,12,64,3,313.73,2.97,0,0,1,3,0
1497,8617.1,15,20,3,1201.55,64.28,0,0,1,1,0
1498,3671.54,8,19,3,286.0,93.72,0,0,1,4,1
1499,3053.56,23,25,1,311.51,83.09,0,0,0,3,0
1500,1983.32,3,48,2,703.91,49.26,0,0,2,4,1
1501,2388.36,23,25,1,409.74,173.38,0,0,0,5,0
1502,631.95,15,60,3,1989.82,0.08,0,0,1,1,0
1503,483.86,22,65,6,669.84,19.25,0,0,1,4,0
1504,1092.94,10,19,4,2049.43,18.55,0,0,1,5,0
1505,925.02,6,39,5,1140.15,21.51,0,0,3,1,0
1506,696.99,16,22,3,320.8,80.47,0,0,0,3,0
1507,2200.38,21,24,1,794.92,21.65,1,1,2,1,1
1508,2850.66,12,37,2,341.52,37.44,0,0,0,5,0
1509,1198.0,3,45,5,1674.6,47.59,0,0,1,2,0
1510,4805.57,13,30,7,2134.31,93.34,0,0,0,2,0
1511,350.13,9,19,5,166.86,47.84,0,0,0,1,0
1512,903.56,9,49,3,1046.21,24.01,0,0,1,3,0
1513,535.49,9,43,4,1752.47,59.33,0,0,2,2,0
1514,169.6,11,20,2,1359.1,36.24,0,0,0,5,0
1515,1009.61,1,58,3,612.51,37.58,0,0,2,3,0
1516,970.93,22,59,4,5978.39,20.41,0,0,1,3,0
1517,4981.32,8,30,1,803.41,0.08,0,1,2,5,0
1518,2060.72,4,38,4,203.06,21.99,1,0,1,4,0
1519,393.79,7,62,4,1157.97,18.03,0,0,1,3,0
1520,7002.99,20,54,1,1593.86,5.29,0,0,0,2,0
1521,3718.34,13,40,0,1067.46,11.07,1,0,0,3,0
1522,1962.74,6,24,2,784.2,197.88,0,0,0,1,0
1523,874.38,6,34,3,218.75,16.41,0,0,1,5,0
1524,420.13,8,45,4,177.27,36.51,1,0,2,3,0
1525,755.81,2,64,3,306.47,39.85,1,0,1,2,0
1526,3257.61,13,47,3,97.02,41.05,0,0,0,5,1
1527,7219.83,16,22,2,2260.54,2.42,0,0,0,5,0
1528,5131.96,17,41,3,703.81,73.8,0,0,0,4,1
1529,672.6,11,24,4,508.46,65.53,0,0,3,3,0
1530,357.95,21,51,6,210.53,189.03,0,0,1,2,0
1531,1262.55,13,67,3,237.99,10.21,0,1,0,2,0
1532,187.08,12,59,5,675.82,40.35,0,0,1,4,0
1533,1515.0,13,50,3,527.67,81.44,0,0,0,3,0
1534,946.15,8,44,3,739.05,6.64,1,1,1,5,1
1535,688.12,18,31,2,229.77,77.93,1,0,0,3,0
1536,222.58,1,36,3,903.77,15.73,0,0,1,4,0
1537,1832.8,10,65,2,1852.83,16.48,0,0,0,1,0
1538,643.74,16,68,2,529.12,145.57,0,1,2,3,0
1539,340.39,1,55,5,1245.48,18.83,0,0,0,1,0
1540,62.04,18,29,4,578.74,43.88,0,0,0,1,0
1541,1066.87,6,20,0,488.88,29.0,1,0,1,1,0
1542,6452.68,17,24,2,937.51,4.07,0,0,2,3,0
1543,5774.8,12,52,4,457.87,150.27,0,0,1,3,1
1544,694.3,4,42,5,402.67,12.02,0,0,0,2,0
1545,600.52,17,66,2,1580.42,15.58,0,0,0,2,0
1546,1752.46,22,32,2,155.29,23.68,0,0,4,5,0
1547,404.08,23,36,4,714.88,34.51,0,0,3,1,0
1548,1482.95,23,36,3,285.43,7.79,0,0,0,2,1
1549,2359.21,15,40,4,2822.01,49.7,0,0,0,4,0
1550,3740.35,14,28,2,1374.09,36.15,0,1,0,2,0
1551,992.12,7,38,4,1850.17,18.05,0,0,4,5,0
1552,894.55,14,69,2,778.68,58.99,0,0,0,4,0
1553,455.78,0,51,0,1102.49,36.09,1,0,0,5,0
1554,479.68,16,56,3,787.24,91.84,0,0,1,4,0
1555,874.39,14,68,3,423.88,96.69,1,0,1,4,0
1556,1583.46,13,24,5,2743.27,195.87,0,1,1,4,1
1557,2734.17,13,59,6,1167.7,3.49,0,1,3,5,0
1558,491.19,9,61,2,344.01,25.97,0,0,1,2,0
1559,4878.97,1,44,10,190.09,34.81,1,0,0,2,1
1560,836.21,5,67,3,294.89,13.32,0,0,2,2,0
1561,1073.45,16,40,1,695.77,127.57,0,0,0,1,0
1562,519.46,4,55,5,394.95,4.61,0,0,2,5,1
1563,97.1,4,37,3,1403.65,27.98,0,1,2,3,0
1564,2654.59,14,44,2,831.44,10.24,1,0,1,4,0
1565,2291.23,14,25,2,544.86,57.31,0,0,2,2,0
1566,827.72,19,54,6,665.91,61.04,0,1,1,3,0
1567,1172.61,10,20,1,602.73,102.99,1,0,1,2,1
1568,1837.09,4,19,2,551.67,26.29,0,1,1,5,1
1569,229.86,0,39,5,905.31,74.61,0,0,0,3,0
1570,646.1,10,23,2,440.95,39.88,1,0,0,3,0
1571,2426.64,10,56,4,261.39,83.64,0,0,0,3,0
1572,312.85,5,57,3,1209.9,4.46,0,0,0,4,0
1573,1470.79,22,53,3,351.94,31.13,1,0,0,2,0
1574,282.43,7,61,3,1794.19,8.16,0,0,0,2,0
1575,1748.35,1,41,1,582.95,78.12,0,0,0,1,0
1576,1058.24,14,29,1,465.29,8.28,1,0,1,2,0
1577,218.08,22,34,4,314.93,0.4,0,1,0,4,0
1578,3514.81,21,39,4,519.38,132.62,0,0,1,3,1
1579,526.06,8,36,2,880.0,33.14,0,0,1,5,0
1580,487.72,14,26,4,353.65,210.63,0,0,0,5,0
1581,1340.19,7,29,2,1198.85,30.17,0,1,0,1,0
1582,3458.66,15,49,2,274.35,44.68,0,0,1,1,0
1583,397.1,13,48,3,1382.91,68.16,0,0,1,3,0
1584,1166.4,14,34,3,726.37,16.48,0,0,1,4,0
1585,1683.81,19,40,2,463.94,7.13,0,0,1,3,0
1586,2193.18,12,27,2,904.22,54.11,0,0,0,4,1
1587,1308.24,8,47,2,2397.88,35.74,1,0,1,1,0
1588,759.74,0,36,1,1673.27,87.67,1,0,0,4,0
1589,479.34,5,43,2,890.28,2.31,0,0,2,3,0
1590,1195.29,7,43,3,1406.47,39.35,0,0,1,3,0
1591,375.35,19,28,1,474.01,10.27,0,0,0,2,0
1592,59.07,17,37,3,401.86,48.03,1,0,2,4,0
1593,1696.9,17,62,1,1175.58,71.45,1,0,1,1,0
1594,2707.92,16,21,1,804.51,15.26,0,0,1,5,0
1595,103.24,20,64,3,527.37,32.87,1,0,0,2,0
1596,399.52,15,29,4,1268.19,27.25,0,1,0,1,0
1597,2036.84,12,42,7,688.89,70.3,0,0,3,1,0
1598,8582.63,21,27,2,1858.48,45.8,0,0,1,1,0
1599,1119.67,3,39,3,122.5,6.43,0,0,0,4,0
1600,529.53,3,24,2,443.82,188.07,0,0,0,1,0
1601,913.34,20,41,4,1392.42,121.71,0,0,1,5,0
1602,4336.73,13,19,1,2494.57,43.22,0,0,0,5,0
1603,574.81,4,49,3,1923.46,75.14,1,0,0,3,0
1604,493.15,15,38,6,400.87,1.01,0,0,1,2,0
1605,676.72,13,24,1,1833.44,11.25,0,0,1,5,0
1606,422.7,13,25,4,156.07,73.02,1,0,2,4,0
1607,1239.76,13,68,3,318.63,5.61,1,0,1,2,0
1608,5567.37,23,55,3,540.92,2.18,0,0,0,4,1
1609,1514.86,13,38,2,956.37,47.82,0,0,0,5,0
1610,852.05,18,25,3,303.39,1.74,0,0,1,2,0
1611,819.09,2,42,4,595.58,10.11,0,0,1,5,1
1612,229.71,16,45,1,1978.59,4.17,0,1,0,1,1
1613,2652.11,13,45,3,259.83,38.21,0,0,1,2,0
1614,1014.51,9,48,4,244.03,56.49,0,0,0,5,0
1615,915.55,12,69,4,353.52,10.12,0,0,0,4,0
1616,26718.4,21,53,3,4492.39,31.63,0,0,0,2,0
1617,1478.46,3,42,2,930.17,1.02,0,0,0,2,0
1618,517.09,10,69,4,334.89,15.37,0,0,0,2,0
1619,715.97,14,58,6,1387.87,9.9,0,0,2,3,0
1620,3458.0,14,54,3,153.09,9.07,0,0,1,1,0
1621,1228.16,23,55,7,599.0,12.75,0,0,2,2,0
1622,260.27,1,68,3,740.69,81.83,0,0,1,5,0
1623,2749.65,10,29,2,1619.2,149.54,0,0,0,4,0
1624,562.2,1,54,2,210.15,61.22,0,0,0,5,0
1625,7138.78,22,54,5,1858.25,3.75,1,1,0,3,0
1626,3229.39,4,48,4,1511.35,49.47,0,0,0,2,0
1627,701.12,12,35,1,1937.24,66.23,0,0,1,1,0
1628,3948.21,0,43,3,254.58,5.89,0,0,1,4,0
1629,1173.63,6,23,1,2664.49,17.43,0,0,1,3,0
1630,2572.86,6,26,5,147.64,27.96,0,0,3,2,0
1631,1780.65,9,28,4,244.28,18.61,1,0,1,1,0
1632,470.43,5,48,0,767.05,36.52,0,0,0,4,0
1633,576.2,19,63,2,491.67,7.02,0,0,3,4,0
1634,3071.62,11,19,2,227.54,29.42,0,0,0,4,1
1635,784.64,12,46,3,4406.56,66.08,1,0,1,4,0
1636,732.42,23,63,6,171.13,30.9,1,0,0,1,0
1637,421.95,10,68,3,165.86,11.81,1,0,1,2,0
1638,1675.05,17,59,3,863.1,81.0,0,0,0,2,0
1639,8625.9,1,22,3,636.83,25.08,0,0,0,1,0
1640,377.08,15,40,3,206.45,27.68,0,1,0,4,0
1641,1123.52,1,53,2,3803.88,22.13,1,0,0,5,0
1642,4501.75,18,24,1,722.5,17.11,0,0,1,4,0
1643,1012.68,5,30,1,421.89,46.06,0,1,0,2,0
1644,1723.95,0,59,2,664.73,10.4,0,0,0,1,0
1645,379.03,10,27,1,188.99,73.32,0,0,1,4,0
1646,1682.96,17,53,4,1588.38,32.86,0,0,0,1,0
1647,909.46,9,33,5,819.41,107.53,0,0,2,4,0
1648,2938.72,17,32,5,545.29,139.75,0,0,2,5,0
1649,3595.31,0,60,2,664.38,24.14,0,0,0,1,0
1650,14611.49,18,36,4,326.94,8.65,0,1,1,5,0
1651,1957.91,15,38,2,1650.05,35.19,0,0,0,1,0
1652,1518.98,6,52,4,394.36,15.77,0,0,0,4,0
1653,1331.93,14,32,4,426.29,27.8,1,0,1,1,0
1654,770.34,0,65,7,779.84,23.7,0,0,1,5,1
1655,1538.38,22,31,2,133.67,29.93,0,0,0,2,0
1656,816.15,20,46,2,1033.38,34.51,0,0,0,5,0
1657,1297.85,8,22,9,650.27,49.37,0,0,3,4,1
1658,4095.31,1,66,4,1017.89,0.19,0,1,1,2,1
1659,400.8,16,35,5,548.32,14.81,1,0,0,2,0
1660,3428.5,23,68,1,339.1,9.33,1,0,0,5,0
1661,4093.33,9,18,0,728.91,61.97,1,0,0,2,0
1662,974.51,5,44,4,1471.82,89.29,0,0,1,4,0
1663,131.39,4,44,3,426.91,64.69,0,1,0,1,0
1664,597.16,7,42,1,1292.06,183.78,1,0,0,5,0
1665,4011.8,7,58,6,523.85,4.02,0,0,1,4,1
1666,1071.84,4,38,1,461.6,31.25,0,0,2,4,0
1667,403.71,11,31,0,1350.83,114.82,0,0,1,1,0
1668,661.97,6,69,1,877.58,19.22,0,0,0,5,0
1669,2541.78,12,37,1,222.36,81.05,1,1,1,1,1
1670,1894.54,12,45,6,566.27,41.25,0,0,0,1,0
1671,863.56,16,38,3,262.61,192.12,0,0,3,5,0
1672,759.89,3,40,2,1014.33,23.18,0,1,1,3,0
1673,741.18,17,28,7,321.17,26.99,0,0,1,2,0
1674,435.98,9,19,4,756.47,8.94,0,0,1,3,0
1675,5515.82,2,37,2,1007.56,8.7,1,0,0,5,1
1676,794.47,11,41,2,1015.78,98.66,1,0,0,3,0
1677,3703.96,0,42,3,429.32,26.15,0,0,2,5,0
1678,5020.66,10,54,1,691.67,48.44,0,0,1,3,0
1679,2975.93,17,39,1,380.66,69.77,1,0,1,3,0
1680,712.21,12,41,2,473.83,28.83,0,0,1,4,0
1681,1642.1,16,32,3,311.4,153.72,0,0,1,2,0
1682,1070.42,7,29,3,695.55,139.17,0,0,0,1,0
1683,444.21,19,63,6,974.97,56.99,0,0,0,4,0
1684,1516.8,18,48,8,338.73,267.04,0,0,1,5,0
1685,337.3,16,60,2,340.15,0.13,0,0,0,5,0
1686,3596.37,1,48,2,2383.58,0.46,0,0,1,1,0
1687,689.1,2,47,2,339.64,3.5,0,1,0,4,1
1688,1340.98,2,58,1,1182.28,143.69,0,0,0,4,1
1689,1455.77,5,37,3,1488.75,46.42,0,0,1,2,0
1690,846.49,9,25,1,835.32,131.36,0,0,2,4,1
1691,1971.78,23,61,4,890.54,6.8,0,0,1,4,1
1692,682.05,21,47,4,704.38,1.63,1,0,1,5,0
1693,2620.96,17,52,4,223.28,39.18,0,1,1,2,0
1694,285.44,17,38,2,1566.66,9.63,0,0,0,2,0
1695,1244.36,13,64,1,465.29,98.25,0,0,1,4,1
1696,7623.03,15,57,2,1294.76,27.27,0,0,1,4,0
1697,403.3,6,45,2,653.22,73.58,0,0,0,1,0
1698,556.83,0,56,5,975.54,36.33,0,0,0,4,0
1699,1833.36,16,34,3,826.81,37.61,0,0,0,3,0
1700,1312.36,22,29,2,457.82,57.26,0,0,0,5,0
1701,1557.18,4,69,6,1252.71,20.43,0,1,2,3,0
1702,1788.6,0,67,4,228.44,148.65,0,0,0,2,0
1703,2068.79,20,35,4,1779.84,25.58,0,0,2,5,1
1704,3326.58,16,64,2,1606.57,25.38,1,0,0,3,1
1705,1652.13,9,45,1,537.96,61.45,0,0,2,4,0
1706,861.56,11,20,2,813.28,50.56,0,0,2,3,0
1707,2148.6,19,68,5,543.24,273.42,0,0,0,3,0
1708,7331.11,1,32,3,342.42,94.93,1,0,0,4,1
1709,960.42,22,33,4,621.08,16.75,0,0,0,5,0
1710,413.84,15,39,1,827.39,5.35,1,0,0,1,0
1711,3317.88,14,66,4,1929.19,5.64,1,0,1,4,0
1712,972.26,12,48,5,567.11,22.44,1,0,1,4,0
1713,124.88,17,48,3,670.52,32.43,1,0,0,5,0
1714,2559.13,19,18,1,1890.57,50.68,0,0,2,2,0
1715,642.05,21,28,3,998.53,97.5,0,0,0,4,0
1716,1001.71,13,23,2,217.6,228.01,1,0,0,1,0
1717,1528.41,17,40,5,649.19,26.27,0,0,2,1,0
1718,1326.77,1,26,3,1298.98,39.44,0,0,0,4,0
1719,2229.32,1,69,2,4750.46,45.91,0,0,1,4,0
1720,709.47,2,33,3,771.49,40.89,0,0,0,4,1
1721,1831.89,4,55,1,125.72,4.73,0,1,1,4,0
1722,845.94,15,61,1,154.98,6.11,0,0,0,2,0
1723,2295.74,21,36,4,383.92,109.8,0,0,0,4,1
1724,2029.14,14,62,5,311.51,56.29,0,0,0,5,0
1725,430.33,11,30,1,1289.91,56.78,0,0,1,5,0
1726,3248.61,8,49,3,2970.37,84.31,0,0,0,2,0
1727,641.65,13,53,3,1237.09,4.39,1,0,1,3,0
1728,2460.35,20,26,2,1374.08,26.85,1,0,2,2,0
1729,1583.33,15,63,2,1129.23,14.16,0,0,0,4,0
1730,6892.46,10,63,4,889.19,54.06,0,0,1,3,0
1731,877.02,5,66,4,361.93,12.1,0,0,0,3,0
1732,773.31,9,54,1,1249.87,58.9,0,0,1,1,0
1733,1075.54,7,48,2,496.67,24.54,0,0,0,5,0
1734,809.83,15,48,3,1289.62,28.94,1,0,0,2,0
1735,2440.46,2,36,0,940.43,85.19,1,0,1,2,0
1736,217.82,1,19,1,665.2,21.4,0,0,0,2,0
1737,382.34,15,62,7,367.08,14.83,0,0,1,4,1
1738,376.98,18,49,3,628.24,94.94,0,0,0,4,0
1739,2836.45,8,60,2,417.55,57.82,1,0,1,1,1
1740,6066.96,15,51,7,167.33,25.87,0,0,1,2,0
1741,987.87,21,18,4,273.9,34.51,0,0,1,3,0
1742,926.28,3,38,1,840.86,21.37,0,0,2,5,0
1743,1176.21,9,20,3,82.84,40.06,0,0,2,4,1
1744,3504.76,18,44,2,4451.56,7.47,0,0,0,3,0
1745,433.83,12,61,3,444.55,109.66,0,1,0,1,0
1746,1391.82,17,24,11,1321.49,40.38,0,0,2,2,0
1747,2907.93,14,50,4,118.0,24.33,0,0,0,1,0
1748,1810.02,3,26,1,303.76,42.38,1,0,1,3,1
1749,1325.55,8,47,2,1554.42,8.79,0,0,0,1,0
1750,2984.08,3,35,3,928.78,4.09,1,1,2,4,1
1751,73.46,15,43,2,484.71,39.72,0,1,2,3,0
1752,2160.03,20,37,2,3262.17,3.66,0,0,2,3,0
1753,570.16,14,55,2,214.84,54.07,1,1,2,5,1
1754,175.8,23,58,2,1597.61,80.53,1,0,0,5,0
1755,1828.41,1,48,2,471.76,222.7,0,0,3,4,1
1756,4331.45,13,25,7,337.59,73.32,0,0,0,4,0
1757,955.8,2,40,3,137.93,182.72,0,0,1,4,0
1758,2843.74,21,67,0,154.68,1.12,0,0,0,1,0
1759,5498.76,22,42,5,743.86,40.92,0,0,2,5,0
1760,4084.34,3,64,2,706.91,9.0,0,1,0,3,0
1761,5653.13,0,18,4,361.98,14.06,1,0,1,2,1
1762,2303.37,22,63,2,564.89,66.31,1,1,0,2,0
1763,1182.56,8,35,3,590.56,14.57,1,0,1,1,0
1764,220.97,16,36,3,456.56,9.91,0,0,0,2,0
1765,857.43,13,68,8,298.6,23.25,0,0,0,1,0
1766,471.89,16,59,5,1014.79,4.35,0,0,1,4,0
1767,9613.68,0,69,7,1801.66,7.92,1,0,1,5,0
1768,919.76,9,23,3,897.9,7.92,0,0,0,4,0
1769,1240.42,22,34,2,942.61,12.81,1,0,1,1,0
1770,1903.57,15,63,4,1217.83,102.28,0,0,0,3,1
1771,1145.51,18,62,4,552.04,17.49,0,0,2,3,0
1772,5973.28,23,25,3,397.75,16.0,0,0,1,4,0
1773,588.37,2,59,3,135.36,6.73,1,0,0,2,0
1774,1332.23,11,26,0,427.37,0.81,0,0,2,3,0
1775,521.93,2,54,3,401.68,8.74,0,0,1,1,0
1776,292.94,14,44,1,286.69,64.18,0,0,0,2,0
1777,594.8,16,53,1,802.49,175.07,1,1,0,1,0
1778,1056.76,17,23,3,569.93,68.09,0,1,1,4,1
1779,713.87,6,23,2,935.85,95.94,0,0,1,2,0
1780,548.71,18,62,3,270.48,77.26,1,0,0,3,0
1781,268.72,6,21,3,196.47,17.55,1,0,2,3,0
1782,1009.18,4,39,1,1135.19,65.69,1,0,0,5,0
1783,243.54,7,57,3,1287.7,69.43,1,1,1,4,0
1784,2345.04,20,44,3,339.35,14.96,0,0,2,2,0
1785,1190.87,15,54,4,499.94,126.7,0,0,1,5,1
1786,255.3,15,19,1,828.16,309.43,1,0,1,1,0
1787,804.96,18,26,1,1057.78,41.2,0,1,1,4,0
1788,516.9,14,28,2,163.15,19.03,0,0,0,3,0
1789,1508.96,6,37,2,1462.13,22.13,0,1,3,1,0
1790,4189.98,4,69,2,229.77,43.67,0,0,0,1,1
1791,168.15,22,60,3,216.47,0.39,0,0,2,1,0
1792,1230.32,10,56,0,477.75,18.43,0,0,0,1,0
1793,934.37,9,31,6,470.35,2.51,0,0,0,4,0
1794,2145.96,20,43,2,680.29,48.93,1,0,1,5,1
1795,1357.22,22,55,5,754.04,46.32,0,0,3,4,0
1796,516.99,8,47,0,2583.19,44.71,0,1,3,3,0
1797,797.07,0,53,2,320.62,8.18,0,0,1,2,0
1798,494.71,19,55,5,1558.71,144.62,0,0,1,3,0
1799,3216.37,0,52,4,203.97,38.2,0,0,1,2,1
1800,1120.26,7,23,2,247.24,40.58,0,0,1,3,0
1801,7340.71,2,20,2,313.49,39.29,0,0,1,5,0
1802,1032.09,1,18,3,142.0,37.16,1,0,1,3,0
1803,540.01,3,35,1,951.58,139.38,0,0,2,2,0
1804,241.36,18,40,3,1764.51,46.07,0,0,3,4,0
1805,180.7,10,49,6,1374.0,33.19,0,0,0,2,0
1806,224.95,4,46,2,193.71,72.72,1,0,0,5,0
1807,1432.43,23,40,3,4121.17,14.48,1,0,0,2,0
1808,1823.89,9,53,1,727.27,10.66,0,0,1,1,0
1809,225.61,23,23,0,2289.11,28.92,0,0,0,2,0
1810,2683.93,22,34,2,594.94,0.79,0,0,1,2,0
1811,676.5,7,35,3,600.06,17.37,0,0,1,3,0
1812,1270.03,12,48,6,492.41,27.24,0,0,2,3,0
1813,5498.45,4,23,1,3472.14,43.22,0,0,0,4,0
1814,2688.77,11,51,2,2018.81,39.18,0,0,0,1,0
1815,838.38,12,61,4,634.82,22.9,0,0,1,4,0
1816,449.8,21,61,3,514.42,21.02,1,1,2,1,0
1817,127.51,7,44,6,1207.14,0.07,0,0,0,2,0
1818,534.24,14,53,2,149.78,106.48,0,1,0,1,0
1819,887.91,12,65,4,116.87,13.15,0,0,0,5,0
1820,408.63,0,69,6,290.4,22.16,0,0,1,2,0
1821,961.74,21,59,2,898.33,1.02,1,0,2,1,0
1822,1184.23,5,42,3,1554.84,157.15,0,0,2,1,0
1823,875.81,10,27,1,245.82,34.12,0,0,0,3,0
1824,572.49,12,56,6,2277.07,1.18,0,0,0,1,0
1825,1298.1,20,63,4,433.13,14.46,0,0,0,4,0
1826,1706.06,19,56,2,935.74,105.71,0,1,1,5,1
1827,368.56,0,29,4,431.94,23.56,0,0,0,3,0
1828,4495.95,10,28,4,605.81,58.46,0,1,2,2,0
1829,993.68,10,66,2,2821.59,47.58,0,0,2,4,0
1830,1117.5,7,60,5,433.17,31.93,0,0,1,2,0
1831,2226.56,21,20,2,313.23,89.55,0,0,0,4,0
1832,1384.67,2,68,2,1133.83,2.06,0,0,1,3,0
1833,2844.48,18,39,3,1449.93,121.76,0,0,1,2,0
1834,1461.36,11,21,4,199.09,63.3,1,0,1,4,0
1835,594.41,5,25,2,892.46,99.65,0,0,0,2,0
1836,1574.2,22,31,3,1021.84,0.85,1,0,3,4,1
1837,349.42,7,37,5,2686.83,4.43,0,0,0,5,0
1838,1222.39,4,41,4,482.08,11.53,1,0,1,3,0
1839,1060.79,9,31,2,1953.72,45.02,1,0,0,5,0
1840,890.59,21,45,4,756.78,4.85,0,0,0,5,0
1841,964.36,15,33,2,523.47,134.08,0,0,2,1,0
1842,167.03,11,49,3,367.23,69.03,0,0,2,2,0
1843,633.51,16,64,2,989.5,82.41,0,0,0,5,0
1844,1203.33,5,29,2,261.28,43.84,0,1,2,4,0
1845,1286.73,8,33,4,277.56,49.84,0,0,1,3,0
1846,392.42,9,69,0,1079.22,12.49,1,0,2,1,0
1847,3888.22,19,36,1,2915.78,120.42,0,0,1,3,0
1848,461.2,13,22,6,213.8,52.34,0,0,1,1,0
1849,2891.29,13,29,3,370.21,27.04,0,0,0,4,1
1850,1681.08,16,46,4,840.83,106.71,0,0,1,5,0
1851,574.66,15,22,6,427.49,99.69,0,0,2,5,0
1852,6472.46,3,59,4,147.8,0.03,0,0,0,1,0
1853,332.41,1,34,3,335.66,129.41,1,0,2,5,1
1854,2749.44,15,64,2,984.08,22.58,0,0,0,4,0
1855,2982.69,0,25,6,531.62,27.42,0,0,3,5,1
1856,560.81,2,57,8,892.11,4.46,0,0,2,2,0
1857,4413.69,22,57,5,223.34,105.01,0,0,1,5,0
1858,854.02,10,47,2,870.29,38.74,0,0,0,1,0
1859,1463.66,15,27,1,124.46,118.07,0,1,1,1,0
1860,1422.71,17,37,6,1242.77,75.89,0,0,2,5,1
1861,958.81,14,62,3,1986.74,114.13,0,0,0,5,1
1862,2467.12,8,33,1,218.21,148.07,1,1,0,4,0
1863,2424.76,11,58,2,420.93,108.54,0,0,1,2,0
1864,190.85,17,33,1,203.18,11.78,0,1,0,5,0
1865,4041.37,4,59,5,715.83,3.63,1,0,1,2,0
1866,207.99,23,20,3,751.68,48.41,0,1,0,1,0
1867,3079.57,7,40,2,228.06,8.42,0,0,2,4,0
1868,3383.63,2,39,4,418.57,99.43,0,0,0,5,1
1869,368.35,1,45,5,1573.86,147.31,0,0,2,3,0
1870,727.19,18,63,3,1038.06,6.46,1,1,1,3,0
1871,362.96,7,62,2,777.79,13.45,0,0,1,1,0
1872,884.55,1,53,6,1600.54,49.07,0,0,1,1,0
1873,805.9,18,21,0,2819.65,64.6,1,0,0,3,0
1874,2391.46,0,55,2,742.84,35.9,0,1,1,3,0
1875,4065.57,21,41,6,850.43,23.03,0,1,1,2,0
1876,4427.91,12,36,3,530.45,18.27,0,0,2,1,0
1877,625.05,22,28,4,762.34,54.83,0,0,1,3,0
1878,889.61,19,57,1,378.37,68.24,0,0,1,3,0
1879,203.68,16,63,4,172.66,17.04,0,0,0,4,0
1880,489.87,2,57,2,1260.2,19.73,0,0,0,3,0
1881,2878.0,8,63,1,1162.08,30.82,1,0,0,3,0
1882,5516.96,4,56,2,703.52,29.91,0,0,2,3,0
1883,319.15,5,35,3,735.91,92.47,0,1,1,5,0
1884,606.4,3,29,3,381.06,28.72,0,0,1,3,0
1885,1068.05,16,31,3,1741.12,191.77,1,0,1,1,0
1886,1451.22,20,64,4,251.67,18.62,0,0,1,5,0
1887,488.04,20,35,3,2052.92,59.02,0,0,2,5,0
1888,1675.83,20,61,4,1061.27,71.13,0,0,0,4,0
1889,682.77,15,59,3,840.21,49.77,0,0,0,5,0
1890,1080.9,15,29,1,880.89,22.87,0,0,2,3,0
1891,1893.69,21,57,1,1496.33,14.88,1,1,0,4,1
1892,1103.7,10,44,1,424.35,46.35,0,1,0,4,0
1893,708.83,1,23,4,1247.24,53.74,0,0,1,2,0
1894,982.78,16,41,3,483.29,14.89,0,0,1,5,0
1895,1003.89,14,68,7,964.96,20.51,0,0,1,4,0
1896,757.47,17,50,7,188.83,99.05,1,0,0,2,0
1897,846.58,9,62,4,387.66,83.17,0,0,0,4,0
1898,5424.32,5,33,4,2706.77,10.15,0,0,4,5,0
1899,1921.61,20,67,3,1930.32,135.42,0,0,3,5,1
1900,816.09,15,29,10,2487.69,49.45,0,0,0,1,0
1901,2201.63,4,48,3,1656.68,34.33,0,0,0,3,0
1902,785.39,11,54,4,400.49,11.21,0,0,0,3,0
1903,3544.4,5,30,2,442.44,65.5,0,0,2,3,1
1904,1587.07,13,25,5,1467.63,126.79,1,0,0,1,0
1905,985.06,22,55,2,1578.13,3.36,0,0,0,1,0
1906,1715.94,15,20,3,2015.93,36.78,0,0,1,2,0
1907,227.95,6,37,2,776.34,104.83,1,0,1,3,0
1908,355.4,1,21,3,631.53,152.38,0,0,4,2,1
1909,332.31,5,61,4,1731.97,3.74,0,0,2,2,0
1910,1265.15,8,62,2,195.96,78.28,0,0,1,4,0
1911,6201.3,6,19,5,581.08,16.52,1,0,0,3,0
1912,10211.81,1,68,3,541.25,38.99,0,0,1,1,0
1913,2075.69,18,53,3,546.35,76.56,1,0,0,2,0
1914,1809.57,7,40,4,1920.09,39.39,1,0,0,3,0
1915,181.08,10,62,4,1091.25,5.83,1,0,1,5,0
1916,637.35,3,36,4,734.25,44.65,0,0,2,3,0
1917,498.81,15,57,0,196.16,6.27,1,0,1,2,0
1918,589.43,17,25,2,268.45,21.34,0,1,2,5,0
1919,926.91,12,33,6,1269.26,40.85,0,0,1,3,0
1920,683.97,4,60,2,815.24,237.89,0,0,0,5,0
1921,151.52,1,35,4,1776.89,64.9,0,0,0,2,0
1922,2316.73,10,53,3,376.4,18.07,0,0,0,4,0
1923,375.12,0,41,4,688.39,104.6,0,0,0,3,1
1924,1393.04,12,18,3,581.63,12.82,1,0,1,4,1
1925,8726.18,4,18,2,1350.33,24.22,0,0,0,5,0
1926,437.3,17,63,2,3460.25,52.07,0,0,2,3,0
1927,87.33,13,53,1,424.09,26.43,0,0,2,1,0
1928,823.86,12,28,3,130.46,65.39,0,0,2,4,1
1929,3297.63,6,35,1,982.23,52.58,0,0,1,4,0
1930,7772.5,7,33,6,926.49,55.02,0,0,0,5,0
1931,320.68,17,34,1,155.56,27.26,0,0,2,2,0
1932,1802.08,6,41,0,302.03,2.84,0,0,2,1,0
1933,688.62,19,51,4,468.0,103.06,0,0,0,2,0
1934,986.39,16,21,1,1661.31,3.85,1,0,2,3,0
1935,15434.23,15,52,4,291.65,31.18,0,0,1,2,0
1936,243.97,10,32,1,536.8,17.97,0,0,0,4,0
1937,1413.38,18,19,3,137.68,17.57,1,0,0,1,1
1938,1750.56,0,68,3,982.19,12.85,0,0,1,3,0
1939,3247.97,20,48,2,246.2,15.85,0,0,1,3,0
1940,1209.53,7,26,4,3784.62,155.44,1,0,1,4,0
1941,1492.27,0,27,5,336.88,178.87,0,0,1,2,1
1942,741.26,8,42,1,1421.68,42.31,0,0,0,3,0
1943,1435.3,18,68,3,1021.35,37.19,0,0,0,3,0
1944,778.06,20,22,6,332.58,2.48,0,0,0,3,0
1945,2041.77,8,31,1,1616.52,81.41,0,0,0,1,0
1946,757.78,20,59,3,131.92,9.35,0,0,1,4,0
1947,1598.95,9,65,1,651.73,7.69,0,0,1,3,0
1948,1065.01,23,55,3,1170.01,27.59,0,1,1,1,0
1949,3381.42,22,57,4,548.4,21.35,0,0,0,1,0
1950,1041.7,10,19,4,266.33,5.08,1,0,0,5,0
1951,186.23,0,35,3,2353.78,8.0,0,0,0,3,0
1952,3873.53,19,46,3,600.64,243.57,1,0,1,5,0
1953,443.31,7,37,3,426.62,66.37,0,0,1,5,0
1954,570.34,19,25,1,274.74,45.63,0,0,0,1,0
1955,604.46,11,54,2,718.05,18.09,1,0,1,3,0
1956,4334.83,0,66,4,560.87,27.97,0,0,1,1,0
1957,129.58,9,65,2,527.52,49.44,1,1,0,2,0
1958,25279.49,3,43,5,2492.16,76.69,0,0,0,3,0
1959,3152.83,14,54,0,2456.22,146.32,1,0,0,2,0
1960,1370.92,18,66,3,812.51,6.54,0,0,1,2,0
1961,1038.06,5,21,2,1152.85,10.64,1,1,0,4,1
1962,1459.07,4,50,5,202.08,41.92,0,0,1,2,0
1963,1846.64,4,39,6,715.53,139.43,0,0,1,2,1
1964,2090.62,17,23,3,824.23,30.12,1,0,2,5,1
1965,1911.43,2,50,1,559.12,50.25,1,0,0,3,0
1966,1199.4,21,45,4,469.06,17.39,0,0,0,2,0
1967,900.24,1,41,1,353.74,83.5,0,0,0,5,0
1968,942.68,3,21,4,684.21,46.48,0,1,2,1,0
1969,902.43,17,19,1,1662.38,24.05,0,0,1,1,0
1970,3407.62,8,30,4,1898.47,39.11,0,0,2,3,0
1971,1985.36,18,63,1,665.13,59.33,0,0,2,2,0
1972,57.95,9,66,5,1560.72,12.01,0,0,0,4,0
1973,2113.08,21,28,2,315.36,20.89,0,0,1,4,1
1974,1332.4,14,52,5,1044.14,14.42,0,0,1,2,0
1975,1076.31,0,56,2,607.85,161.14,0,1,1,1,0
1976,743.58,10,27,3,385.46,2.2,0,0,2,1,0
1977,3374.87,13,60,2,3732.35,2.9,0,0,1,5,0
1978,2828.57,9,27,1,455.59,21.98,0,0,1,5,0
1979,506.3,18,25,7,496.68,38.61,0,0,1,4,0
1980,1647.56,23,22,4,460.47,19.94,0,0,2,5,0
1981,415.03,20,40,3,877.19,97.22,0,0,0,2,0
1982,275.99,15,51,6,1956.36,9.28,0,0,0,5,0
1983,585.98,7,64,1,264.85,22.68,0,0,0,3,0
1984,2597.73,1,49,3,974.04,33.47,0,0,3,4,0
1985,2844.45,22,33,5,878.54,11.29,0,0,3,1,0
1986,1831.86,6,21,3,183.39,17.13,1,1,0,5,0
1987,2264.47,18,45,3,1959.76,147.26,0,0,1,3,1
1988,1837.53,6,65,1,824.91,36.72,1,0,0,1,0
1989,577.39,14,61,4,1185.98,101.88,0,0,3,5,0
1990,1689.05,7,31,4,126.62,15.69,0,1,0,2,0
1991,2441.6,13,29,5,2146.26,47.39,0,0,1,4,0
1992,2331.56,0,38,2,3456.04,72.04,0,0,1,1,1
1993,3600.81,12,65,2,589.78,27.37,0,0,0,1,0
1994,2226.76,2,33,2,372.9,49.0,1,0,1,3,1
1995,1558.45,20,61,3,93.77,99.47,0,0,1,4,1
1996,3197.58,5,19,3,235.61,7.59,0,0,2,4,0
1997,1067.93,18,40,2,1299.08,21.91,0,0,0,3,0
1998,454.01,14,46,2,648.04,86.84,0,0,0,5,0
1999,931.63,3,63,2,197.61,13.13,1,1,0,3,1
2000,520.66,20,60,5,2253.56,40.61,0,0,0,1,0
2001,558.26,2,26,2,389.44,28.81,1,1,3,1,0
2002,949.07,3,24,3,203.68,54.67,0,1,1,2,0
2003,496.5,4,46,4,689.47,55.13,0,0,1,4,0
2004,805.96,17,61,2,1000.41,43.19,0,0,0,1,0
2005,165.07,9,34,1,227.77,146.67,1,0,0,1,1
2006,1357.36,7,26,5,523.15,9.64,0,1,1,4,0
2007,1097.96,11,23,4,2277.45,90.12,0,1,0,5,0
2008,484.4,21,61,4,225.02,33.61,0,0,2,4,0
2009,2120.16,2,37,3,880.64,54.21,1,0,1,1,1
2010,2800.55,17,27,3,516.15,15.99,0,0,1,4,1
2011,219.74,22,26,6,1021.66,4.97,0,0,1,5,1
2012,511.46,7,29,1,287.68,75.19,1,1,1,1,0
2013,508.19,0,50,5,801.91,14.5,1,0,1,5,1
2014,428.42,13,49,5,310.2,24.74,0,0,0,2,0
2015,2513.61,21,51,5,134.18,2.43,0,0,0,5,1
2016,903.41,22,36,6,215.2,52.52,0,0,1,1,1
2017,841.75,12,50,2,558.72,58.15,0,0,1,4,1
2018,147.84,11,65,3,801.99,115.97,0,1,0,5,0
2019,2070.24,2,33,6,1752.1,110.83,0,0,2,4,0
2020,317.58,17,67,1,885.84,61.06,0,0,0,1,0
2021,1164.37,20,67,2,2314.45,19.44,1,0,1,4,1
2022,1447.19,12,40,4,566.29,23.47,0,0,2,1,0
2023,4275.51,14,43,1,1034.26,24.04,0,0,1,1,0
2024,296.24,9,62,2,303.33,6.94,0,0,1,5,0
2025,53.54,0,61,3,855.38,147.14,1,0,1,2,1
2026,1317.97,5,58,0,493.39,85.23,1,0,0,3,0
2027,6637.64,8,54,3,452.07,7.85,1,0,1,5,0
2028,3785.55,9,26,2,703.96,146.37,0,0,0,2,1
2029,1352.43,14,47,0,213.91,92.65,0,0,2,5,0
2030,670.73,8,30,2,866.87,125.57,0,0,1,5,0
2031,2458.05,22,65,3,1168.74,16.82,1,0,2,1,0
2032,414.24,13,59,0,378.74,20.44,0,0,3,2,0
2033,1765.8,10,33,2,769.94,31.74,0,0,0,3,0
2034,1817.96,6,63,3,1808.26,12.69,0,0,0,4,0
2035,3165.95,23,19,1,1216.34,31.31,0,0,0,1,0
2036,17320.74,1,48,6,597.86,0.46,0,0,0,5,0
2037,1623.62,13,68,3,913.17,105.0,0,1,0,4,0
2038,659.21,5,60,1,2195.39,8.85,0,0,3,5,1
2039,1068.94,4,36,2,814.75,34.74,0,0,1,1,0
2040,186.97,4,28,4,1418.84,132.13,1,0,1,5,0
2041,547.46,18,31,1,1257.14,86.01,0,0,0,1,0
2042,728.3,18,64,5,717.63,74.83,0,0,0,5,0
2043,649.31,5,42,5,1867.09,46.5,0,0,0,4,0
2044,1277.11,9,24,1,296.08,28.66,0,0,0,1,0
2045,481.82,22,32,2,936.63,29.53,0,0,0,2,0
2046,3364.49,13,47,2,427.39,4.55,0,0,0,4,0
2047,1096.86,16,48,4,1358.05,3.35,0,0,3,1,0
2048,1086.48,2,41,2,655.83,92.72,0,0,0,1,0
2049,790.06,0,42,2,1427.81,26.27,0,1,1,2,0
2050,1280.74,9,25,3,1227.11,2.78,0,0,1,5,0
2051,2502.63,2,47,6,475.19,54.39,0,0,0,3,1
2052,460.76,4,53,2,1022.39,57.49,0,0,1,1,0
2053,567.86,18,67,3,959.08,12.9,1,1,0,4,1
2054,809.38,9,31,3,564.81,26.44,0,0,1,5,0
2055,285.47,15,46,3,1330.6,42.6,0,0,0,4,0
2056,483.35,0,44,3,609.23,45.35,0,0,0,1,0
2057,681.15,5,67,4,356.6,35.78,0,0,1,2,0
2058,2629.08,8,53,1,836.43,22.64,0,0,0,2,0
2059,1425.9,4,51,2,957.38,3.57,0,0,0,2,0
2060,1330.87,13,38,0,61.44,1.13,0,1,0,5,0
2061,2568.04,9,55,2,4528.38,30.77,0,0,1,2,0
2062,955.88,1,28,6,6402.54,11.34,0,0,2,5,0
2063,1620.46,4,50,4,341.11,139.43,0,1,0,1,1
2064,989.08,0,32,3,1088.49,51.14,0,1,0,1,0
2065,1429.9,9,29,4,282.99,44.04,0,0,0,3,0
2066,612.31,21,41,2,175.98,26.09,0,0,3,4,0
2067,95.7,8,67,0,460.8,19.99,0,0,0,1,0
2068,958.84,2,54,3,219.44,9.91,0,0,0,5,0
2069,4549.39,14,28,0,1019.74,3.1,0,0,1,5,0
2070,2768.93,3,36,2,1343.97,50.32,0,0,0,5,0
2071,2879.57,12,18,3,2720.2,75.53,0,0,1,2,0
2072,3774.91,5,34,3,690.83,97.51,0,0,0,4,0
2073,1198.3,19,57,3,1326.82,64.42,0,0,1,3,0
2074,1335.84,16,33,6,908.64,113.63,0,0,1,4,1
2075,591.31,22,43,2,837.45,203.16,0,0,1,4,0
2076,799.45,4,60,5,299.2,163.07,0,0,0,1,0
2077,2029.96,14,68,6,549.12,44.85,0,0,1,2,0
2078,3655.12,7,60,4,495.8,12.69,0,0,1,1,0
2079,953.9,4,32,3,1066.81,5.62,1,0,2,2,0
2080,699.11,23,25,3,123.25,255.18,1,0,0,3,0
2081,1097.21,12,47,2,1543.12,18.44,0,0,2,1,0
2082,2000.61,0,31,4,537.55,1.73,0,0,1,2,0
2083,258.82,0,50,6,390.29,24.8,0,0,0,2,0
2084,110.37,6,59,3,876.53,68.94,0,0,2,5,1
2085,632.36,21,24,3,652.84,110.73,0,0,0,1,0
2086,323.53,4,35,2,755.2,32.46,1,1,2,2,0
2087,659.75,13,29,6,1894.6,17.41,1,0,0,5,1
2088,945.98,14,19,2,158.8,75.35,0,0,0,5,0
2089,696.98,20,67,3,218.65,35.04,0,0,1,5,1
2090,4686.62,16,46,3,427.09,4.5,0,1,0,1,1
2091,1520.42,23,38,1,2035.42,109.35,0,0,1,3,0
2092,1481.0,17,24,1,1252.01,53.33,0,0,0,4,0
2093,2043.07,6,69,2,602.55,1.88,0,0,0,5,0
2094,351.13,21,44,1,1079.48,0.45,0,1,0,1,0
2095,3099.86,17,29,5,1302.32,4.59,0,0,0,2,0
2096,1016.62,18,37,0,1006.71,86.29,0,0,1,2,0
2097,2144.11,19,31,3,1583.38,32.82,0,1,1,4,1
2098,375.46,6,27,5,765.36,20.42,0,0,1,1,0
2099,231.88,7,58,2,984.48,14.34,0,0,2,2,0
2100,2484.66,12,40,3,989.04,35.35,0,0,1,4,0
2101,1597.84,17,47,4,479.05,4.33,0,0,2,5,0
2102,444.94,23,64,3,597.54,48.01,0,0,0,4,0
2103,459.59,10,48,2,999.07,23.94,0,0,1,3,0
2104,3379.34,8,69,4,304.67,97.75,1,0,0,5,1
2105,333.82,22,27,1,372.53,70.21,1,0,1,2,0
2106,5668.46,0,36,1,539.59,0.93,0,0,0,4,0
2107,445.58,21,36,4,694.63,9.11,0,1,1,1,0
2108,2076.4,7,61,2,654.77,32.13,0,0,2,1,0
2109,789.49,20,40,4,655.97,53.75,0,0,0,2,0
2110,2004.58,11,61,2,740.79,62.79,0,0,1,5,0
2111,636.44,1,58,1,551.54,84.71,0,0,0,4,0
2112,931.88,14,49,3,385.25,2.52,1,0,0,3,0
2113,1142.44,20,37,2,684.62,0.93,0,0,0,5,0
2114,402.55,23,21,2,1108.79,45.88,1,1,2,3,1
2115,2300.37,17,50,4,1324.06,64.34,0,0,2,4,1
2116,656.41,16,65,6,135.31,77.25,0,0,1,1,0
2117,872.53,14,18,4,300.9,8.46,0,1,0,1,0
2118,405.71,19,30,3,1415.11,173.26,0,0,0,1,0
2119,84.58,19,20,3,531.84,13.03,1,0,2,1,0
2120,905.94,8,29,3,153.23,14.41,0,0,0,2,0
2121,12241.85,2,46,1,1767.55,8.38,0,0,0,5,0
2122,2403.31,19,48,0,1487.39,2.21,0,0,0,4,0
2123,1075.71,18,58,2,258.2,82.96,0,1,1,5,0
2124,843.12,17,53,1,260.36,0.28,0,0,1,2,0
2125,1121.55,19,19,3,7228.32,31.16,0,0,1,1,0
2126,1895.27,7,39,1,319.37,4.82,1,1,1,5,0
2127,336.7,0,39,6,1760.59,2.29,0,0,0,2,0
2128,3341.99,23,58,2,2288.34,136.41,0,0,0,4,0
2129,2242.58,23,48,3,208.17,87.26,0,0,1,5,0
2130,2248.88,14,69,3,320.83,25.12,0,0,0,3,1
2131,1700.16,18,62,0,1518.08,30.68,0,1,3,5,1
2132,1118.36,9,31,3,223.61,101.29,1,0,0,2,1
2133,2149.22,11,46,3,282.31,79.69,0,0,1,3,0
2134,1981.91,5,52,2,568.68,58.82,0,1,0,1,0
2135,769.67,12,67,3,601.77,38.45,0,0,1,3,0
2136,617.94,3,26,1,1591.65,46.8,0,0,0,1,0
2137,1214.22,12,64,3,1043.56,24.99,1,0,2,1,0
2138,5161.69,16,49,3,784.67,37.55,0,0,1,1,0
2139,317.63,0,44,7,591.22,38.79,0,1,0,2,0
2140,252.77,4,27,0,287.01,100.06,0,0,2,5,0
2141,1293.05,23,42,6,1759.89,12.34,0,0,0,1,0
2142,1153.88,16,66,4,743.45,14.16,0,0,1,2,0
2143,1304.2,17,62,4,1123.81,11.85,0,0,3,5,0
2144,1399.62,6,50,3,793.92,43.28,0,0,1,1,0
2145,877.26,15,28,7,727.79,59.4,0,0,1,1,0
2146,4865.2,7,54,3,722.84,13.62,0,0,0,1,1
2147,221.21,11,26,2,667.33,56.5,0,0,1,3,0
2148,478.91,13,24,6,593.98,49.46,0,0,2,2,0
2149,989.05,18,24,2,411.91,19.36,0,0,0,1,0
2150,212.05,10,51,2,1017.72,13.06,1,0,1,4,0
2151,919.79,11,36,5,1635.14,106.77,0,0,0,5,0
2152,5776.02,12,37,2,806.29,42.16,0,0,1,1,0
2153,1119.78,7,67,1,2401.45,60.85,0,0,0,4,0
2154,1381.19,0,59,5,460.32,129.74,1,0,2,5,0
2155,311.01,8,42,0,3705.21,11.5,0,1,1,1,1
2156,592.08,1,22,3,948.11,21.58,0,0,2,1,0
2157,753.56,13,65,1,72.41,28.5,0,0,0,5,0
2158,798.14,12,46,3,3070.93,13.26,0,0,0,1,0
2159,3950.68,15,44,3,310.68,91.76,0,0,0,4,0
2160,1915.42,1,42,3,786.26,4.35,0,0,1,5,0
2161,360.88,3,54,2,1001.11,13.67,0,0,0,2,0
2162,1403.19,11,32,5,703.03,10.6,1,0,0,1,0
2163,1804.83,15,65,6,607.69,153.3,0,1,0,4,0
2164,3429.43,9,21,5,398.22,49.36,0,1,0,5,1
2165,5326.98,2,31,2,441.29,62.98,0,0,2,2,1
2166,397.39,3,66,2,1721.24,5.74,0,0,1,4,0
2167,487.43,5,34,7,294.86,10.78,0,0,2,4,1
2168,311.82,22,38,3,694.29,83.01,1,1,1,3,1
2169,867.82,4,33,4,1173.69,41.94,0,0,0,2,1
2170,1748.23,17,43,2,286.12,2.31,0,0,0,5,0
2171,2943.44,2,26,2,966.55,41.7,0,1,2,5,0
2172,1016.43,9,19,2,1538.4,32.25,0,0,1,1,0
2173,796.44,10,60,7,882.16,8.34,0,0,0,1,0
2174,1276.35,18,32,0,1636.7,44.94,0,0,1,5,0
2175,475.73,13,52,8,643.51,9.55,0,0,2,5,0
2176,8862.1,20,41,5,337.7,83.42,0,0,1,2,1
2177,219.72,10,65,4,588.51,48.18,1,0,0,5,0
2178,1319.15,20,68,6,223.24,102.52,1,0,3,4,1
2179,8296.64,3,55,2,4450.23,27.64,0,0,0,4,1
2180,1104.12,23,31,5,660.87,35.86,0,0,0,4,1
2181,906.84,21,54,3,147.6,71.48,0,0,1,3,0
2182,767.05,5,54,2,394.9,39.51,0,0,2,2,0
2183,915.63,16,23,6,566.49,42.43,0,0,2,5,0
2184,4327.95,21,35,5,239.2,40.3,0,0,0,1,0
2185,120.08,18,39,5,236.9,33.8,1,0,0,3,0
2186,5081.87,12,35,3,505.07,81.92,0,1,3,2,0
2187,264.02,21,68,3,1025.13,33.2,0,0,2,1,0
2188,839.95,9,19,3,1422.1,115.53,0,0,1,4,1
2189,713.91,10,49,4,1623.83,82.67,0,0,1,3,0
2190,1975.45,5,34,3,415.14,58.95,0,0,1,2,0
2191,221.82,1,18,2,78.27,114.46,0,0,0,4,0
2192,1740.93,0,26,2,2759.35,38.51,0,0,1,2,0
2193,8302.48,10,30,1,558.9,86.25,0,0,2,1,0
2194,280.57,15,53,1,468.93,13.84,0,0,1,4,1
2195,1325.71,2,54,3,1793.61,3.79,0,1,0,5,1
2196,565.67,4,47,5,518.24,57.76,0,0,0,5,0
2197,1678.89,14,48,2,984.94,17.95,1,0,0,5,0
2198,1117.83,14,40,3,809.84,50.34,0,0,1,4,0
2199,577.39,3,67,5,247.19,4.03,0,0,2,2,0
2200,1786.25,22,45,2,278.73,155.78,0,0,2,5,1
2201,6663.15,3,27,2,556.93,36.19,1,0,2,5,0
2202,906.05,7,42,3,656.37,0.48,0,0,2,3,0
2203,2252.41,6,53,3,404.5,32.32,0,0,0,4,1
2204,300.88,16,43,1,401.62,77.97,0,0,0,3,0
2205,421.39,14,43,5,627.94,100.21,0,0,1,1,0
2206,1758.83,4,62,5,378.79,30.93,1,0,0,3,0
2207,4837.32,12,30,1,1358.28,6.73,0,1,0,4,0
2208,1564.96,3,34,4,847.0,118.31,0,0,2,3,0
2209,801.87,21,57,5,436.16,198.62,0,0,1,5,0
2210,1095.86,16,21,3,1065.21,3.26,0,0,1,3,0
2211,314.06,21,40,1,1927.66,4.06,1,0,1,5,0
2212,2007.24,16,52,5,766.67,41.69,0,0,3,1,1
2213,2650.05,13,28,5,209.28,38.17,0,0,1,3,0
2214,697.78,13,29,4,2340.52,44.42,0,1,1,4,0
2215,685.37,16,26,3,2528.78,19.07,0,1,0,3,0
2216,1430.64,7,32,3,1793.38,2.58,0,1,1,1,0
2217,708.59,1,62,3,1101.24,43.42,0,1,1,3,1
2218,1026.46,12,54,2,998.13,8.21,0,0,1,5,0
2219,8952.8,21,22,2,745.5,20.87,0,0,3,2,0
2220,856.6,15,36,4,718.63,43.67,1,0,3,4,0
2221,766.37,15,28,1,262.54,11.69,0,0,2,1,0
2222,573.9,5,26,2,266.91,39.09,0,1,1,4,0
2223,2308.13,21,52,3,329.09,62.71,1,0,0,3,0
2224,914.86,23,67,0,133.37,3.4,0,1,0,5,0
2225,572.85,3,44,2,245.18,48.31,0,0,1,2,0
2226,4110.52,2,30,2,662.1,35.61,1,0,1,2,1
2227,4535.1,5,29,2,111.33,5.13,0,0,0,5,1
2228,601.59,3,26,4,310.53,61.27,0,1,0,3,0
2229,169.6,17,59,3,552.68,18.62,0,1,1,5,1
2230,3003.44,5,45,1,360.42,10.06,0,0,0,4,0
2231,553.01,4,30,5,508.8,16.6,0,1,1,4,0
2232,2417.83,8,37,4,835.81,39.5,0,0,0,3,0
2233,152.92,10,69,5,1434.86,43.38,0,0,2,5,0
2234,2677.39,5,30,3,368.77,9.3,0,0,1,5,1
2235,326.63,15,44,3,521.15,137.94,0,0,2,1,0
2236,2277.34,18,43,2,113.38,19.95,0,0,0,2,0
2237,1112.4,10,46,2,1068.81,15.62,0,0,0,1,0
2238,422.45,20,46,3,333.73,10.33,0,0,3,3,0
2239,729.94,14,39,1,875.1,6.42,0,0,1,2,0
2240,2178.34,23,26,2,516.93,201.1,1,0,1,3,0
2241,1219.13,8,41,7,3965.56,56.15,0,1,0,5,0
2242,1967.29,23,59,2,2876.81,77.33,0,0,0,1,0
2243,7914.41,18,36,3,1099.81,25.67,0,0,1,3,0
2244,229.47,18,55,3,935.9,26.77,0,0,2,1,0
2245,5525.96,23,48,4,815.53,216.73,0,0,1,5,0
2246,1217.26,8,56,3,460.32,11.2,0,1,0,3,0
2247,446.4,22,32,3,358.53,19.8,0,1,0,5,1
2248,289.94,3,49,5,313.35,10.86,0,0,1,3,0
2249,907.67,9,68,1,400.7,16.61,0,0,1,5,0
2250,2756.32,8,63,2,930.7,54.47,0,0,2,2,0
2251,965.31,18,65,2,549.6,18.47,0,0,0,2,0
2252,4969.9,14,63,4,129.52,104.18,1,0,0,3,0
2253,256.94,18,46,1,5178.31,2.49,1,0,0,3,0
2254,1083.46,1,69,2,583.68,21.9,0,0,1,2,0
2255,313.44,9,51,1,3713.81,98.56,0,0,0,3,0
2256,1577.56,18,26,3,482.11,48.56,0,0,0,1,0
2257,2662.14,16,52,2,546.19,73.69,0,0,1,4,0
2258,719.99,19,23,1,1396.91,19.55,0,0,1,4,0
2259,81.11,23,54,4,523.62,23.05,1,0,1,2,0
2260,1338.02,20,31,4,917.29,109.57,0,0,0,1,0
2261,1697.21,1,64,1,511.22,69.23,0,0,0,4,1
2262,1643.03,18,67,0,453.78,24.25,0,1,1,5,0
2263,3773.59,16,66,1,2273.6,12.13,0,1,0,1,0
2264,375.76,17,26,2,253.36,5.62,0,0,2,1,0
2265,2165.09,16,36,2,442.2,98.96,0,1,0,2,0
2266,3613.77,1,40,3,2866.24,59.81,0,0,0,4,1
2267,185.2,18,58,3,511.04,46.74,0,0,1,5,0
2268,1509.68,0,45,4,205.02,74.94,0,0,0,3,1
2269,662.37,10,33,3,1087.77,123.25,0,0,1,3,1
2270,1010.78,9,43,2,646.5,71.69,0,0,0,2,0
2271,1552.58,4,55,2,953.0,27.29,0,0,2,1,0
2272,673.69,15,57,3,701.01,9.71,0,1,2,5,0
2273,557.96,23,42,3,274.73,62.56,0,1,0,3,0
2274,1134.73,4,52,7,805.18,14.17,1,0,0,3,0
2275,369.72,23,22,2,1832.78,76.3,0,0,0,2,0
2276,370.25,22,24,2,445.45,20.68,0,0,1,1,0
2277,2163.26,11,40,4,327.47,8.53,0,0,2,3,0
2278,347.65,3,42,2,578.97,14.69,1,0,0,5,0
2279,2135.19,22,18,5,562.67,15.51,0,0,1,3,0
2280,1741.66,5,39,3,514.39,23.81,1,0,1,2,0
2281,195.23,18,21,4,1786.88,14.87,1,0,1,4,0
2282,556.93,8,45,2,807.45,12.78,0,0,0,3,0
2283,3619.57,11,65,4,2504.74,24.86,0,0,1,2,0
2284,411.1,14,31,2,797.64,101.29,0,0,0,3,0
2285,689.24,15,50,3,887.7,3.65,0,1,1,1,0
2286,1740.73,12,21,3,3803.71,17.57,0,0,0,2,0
2287,2400.4,20,59,3,875.2,41.31,0,0,0,4,0
2288,852.75,23,28,7,542.25,103.76,0,0,1,3,0
2289,603.35,6,56,2,313.16,16.71,0,0,1,3,0
2290,4547.67,22,49,6,335.79,21.44,0,0,1,1,0
2291,6241.02,19,21,0,476.44,79.96,0,0,2,2,0
2292,2918.6,3,18,3,544.64,23.3,0,0,1,2,0
2293,1194.3,10,43,4,127.66,95.38,1,0,0,3,1
2294,488.69,7,50,2,656.63,30.37,0,0,0,3,0
2295,477.97,5,34,2,75.01,42.09,1,0,1,4,1
2296,1849.21,9,44,3,1847.04,41.15,0,0,0,3,0
2297,1666.36,6,59,4,146.85,6.35,0,0,1,2,0
2298,4454.18,6,22,4,771.05,21.92,0,0,0,2,0
2299,2101.59,3,24,0,747.33,13.83,0,0,2,4,0
2300,243.94,2,42,0,1946.6,57.45,0,0,0,3,0
2301,3139.9,23,25,4,742.04,135.64,1,0,1,5,1
2302,404.21,6,51,5,614.38,11.94,0,0,1,1,0
2303,746.97,3,58,4,855.87,4.78,0,0,1,5,0
2304,1408.39,12,21,4,436.24,35.32,0,0,0,2,0
2305,8068.05,19,29,6,441.5,24.78,0,0,0,3,0
2306,24585.66,16,48,2,789.35,1.82,0,0,0,4,0
2307,2011.68,6,28,3,525.98,127.31,0,0,0,3,0
2308,913.06,16,54,2,1111.08,140.8,0,0,1,4,0
2309,1871.52,3,61,1,328.63,94.99,0,0,2,4,0
2310,2664.19,10,53,7,1424.59,16.46,0,0,1,4,1
2311,795.79,2,62,3,968.93,6.53,0,0,0,2,1
2312,6602.55,10,39,2,678.89,44.89,0,0,0,3,0
2313,1380.32,2,18,5,193.99,16.53,0,0,0,4,0
2314,1803.97,11,67,4,1300.05,11.26,0,0,1,2,0
2315,2134.36,0,21,5,3197.14,51.26,0,0,0,3,0
2316,1671.68,3,53,2,458.88,69.39,0,1,0,3,0
2317,2537.51,13,25,3,1322.51,37.46,0,0,1,2,0
2318,591.55,0,42,0,606.85,19.28,0,0,0,1,0
2319,627.47,13,45,7,276.56,35.93,0,0,1,2,0
2320,364.98,12,69,7,360.04,45.78,1,0,0,2,0
2321,1701.9,12,55,2,610.53,2.66,0,0,2,5,0
2322,2389.73,23,53,2,955.93,29.33,0,1,1,4,0
2323,1733.28,14,53,3,206.8,45.61,0,0,2,4,0
2324,5851.73,16,60,4,378.39,6.93,0,0,0,2,0
2325,1090.51,11,58,2,682.92,29.79,0,0,2,4,0
2326,2140.39,21,63,5,242.69,21.29,0,0,1,2,0
2327,368.08,22,21,1,910.37,101.2,0,0,1,2,0
2328,744.64,13,30,0,2641.32,33.61,0,0,1,3,0
2329,2198.52,11,55,4,613.24,27.78,0,0,2,1,0
2330,2563.43,17,62,1,1197.6,13.98,0,0,1,3,0
2331,817.32,3,42,1,239.69,157.88,1,0,0,1,0
2332,1020.86,13,20,2,401.61,162.42,1,0,0,2,0
2333,240.36,18,49,1,1473.89,22.84,0,0,1,2,0
2334,767.37,12,56,1,223.33,132.28,0,0,1,4,0
2335,2671.47,22,18,1,376.96,48.2,1,0,1,4,0
2336,1949.26,17,28,3,1659.58,75.94,0,0,0,3,0
2337,1809.25,10,19,4,408.31,4.71,0,0,0,2,0
2338,1152.6,5,22,3,134.3,1.08,0,1,2,3,0
2339,1104.41,8,39,2,423.7,36.09,1,0,1,1,1
2340,566.61,11,63,3,2684.0,3.95,0,1,0,2,0
2341,2205.76,18,30,2,2104.4,111.14,1,0,0,4,0
2342,1670.66,13,65,3,624.42,85.78,0,0,1,5,1
2343,1793.67,14,40,2,551.88,62.73,0,0,0,2,0
2344,648.05,10,64,4,4390.82,1.59,1,0,1,3,0
2345,127.31,5,48,2,314.6,30.66,0,1,1,4,0
2346,3285.1,13,52,4,398.07,4.07,0,0,1,1,1
2347,679.37,2,55,1,1552.31,132.0,0,0,0,1,0
2348,462.77,18,58,2,332.59,47.42,1,0,4,1,0
2349,2193.99,19,52,4,891.92,8.51,0,0,0,4,0
2350,740.99,10,62,4,247.37,41.12,0,0,0,3,0
2351,3165.09,23,30,2,2191.07,6.31,0,1,0,2,0
2352,2032.47,16,24,7,470.65,7.87,1,0,0,4,1
2353,2172.36,16,22,2,395.56,4.22,0,0,1,5,0
2354,279.79,22,46,1,338.84,102.68,0,0,1,2,0
2355,3684.7,2,25,0,265.11,39.45,0,0,0,4,0
2356,1424.04,13,25,3,502.95,19.87,0,0,2,2,0
2357,758.03,6,24,2,100.82,0.03,0,1,1,3,0
2358,1265.71,18,36,2,278.07,31.94,0,0,0,5,0
2359,185.63,2,56,4,674.19,35.95,0,0,1,2,1
2360,1650.2,1,40,1,713.76,20.52,0,0,0,5,0
2361,391.75,16,53,2,628.61,33.11,0,0,1,3,0
2362,283.53,8,59,2,362.42,5.31,0,0,1,2,0
2363,239.28,21,49,3,2232.56,127.59,1,0,1,5,1
2364,3336.54,5,62,1,1333.23,14.94,1,0,1,1,0
2365,584.49,23,21,3,611.99,148.31,1,0,0,2,0
2366,5083.36,20,47,2,606.56,33.95,1,1,0,5,1
2367,641.75,8,68,6,455.12,97.15,1,0,1,3,0
2368,198.87,4,59,4,397.64,43.04,1,1,1,1,0
2369,359.05,1,56,4,586.77,93.03,0,1,1,3,0
2370,3773.7,21,22,2,1416.83,0.51,0,0,3,4,0
2371,938.33,14,20,1,465.23,10.32,0,1,3,4,0
2372,633.79,8,39,9,1852.66,21.84,0,0,0,3,0
2373,1286.93,18,45,6,395.15,17.56,0,0,1,5,1
2374,1811.27,9,39,3,2193.13,146.62,0,0,0,4,0
2375,3352.29,3,39,4,524.35,25.1,0,0,1,3,0
2376,4668.06,9,51,3,1146.31,178.98,1,0,2,2,0
2377,765.27,7,46,4,4107.8,52.64,0,0,0,1,0
2378,291.18,21,60,5,4603.81,90.26,0,1,0,4,1
2379,725.26,12,59,2,227.29,25.03,0,0,1,2,0
2380,1422.66,6,30,2,1520.76,10.54,1,1,2,4,1
2381,418.32,6,24,4,312.52,2.59,0,1,1,1,0
2382,421.09,3,27,1,898.01,53.41,0,0,0,2,0
2383,1546.56,14,45,7,983.44,178.42,0,0,1,4,0
2384,1044.56,11,21,2,1324.75,6.29,0,1,3,1,0
2385,1133.2,15,49,5,238.94,73.87,0,0,2,3,0
2386,513.63,5,39,5,259.07,22.68,0,0,0,5,0
2387,870.96,8,37,5,343.12,251.51,0,0,1,5,0
2388,435.18,2,65,1,1060.58,102.02,0,0,1,3,0
2389,2670.97,7,37,5,809.54,13.12,0,0,1,4,0
2390,3087.91,6,23,5,924.45,72.57,0,0,0,5,0
2391,173.09,3,26,2,259.52,66.26,0,0,0,4,0
2392,432.89,12,45,4,760.49,72.07,0,0,2,3,0
2393,245.54,18,30,5,392.64,4.32,0,0,0,4,0
2394,572.48,6,48,6,406.51,82.88,0,0,0,3,0
2395,1008.85,9,56,3,600.41,15.15,1,0,2,2,0
2396,257.33,11,67,3,197.81,44.63,0,0,0,5,0
2397,436.22,2,31,4,1016.8,6.13,0,1,3,5,0
2398,401.84,23,39,1,211.33,40.84,0,0,0,5,0
2399,1349.2,11,54,2,478.68,118.45,0,0,2,2,0
2400,1175.38,18,62,10,1204.03,9.75,0,1,1,1,0
2401,532.86,14,41,5,198.5,96.57,0,0,2,5,1
2402,1308.74,7,25,3,216.54,28.59,0,1,2,4,0
2403,634.81,11,32,3,1523.04,19.45,0,0,2,5,0
2404,835.76,19,68,2,281.49,2.94,0,0,0,3,0
2405,5845.64,5,58,3,1442.67,37.59,0,0,0,2,0
2406,4190.02,9,23,2,945.24,11.15,0,0,0,1,0
2407,298.99,1,40,5,227.71,140.75,0,1,1,5,0
2408,2514.26,23,42,2,762.78,13.6,0,0,1,2,0
2409,2468.58,12,48,5,955.64,44.19,0,0,2,5,0
2410,347.84,6,63,3,217.99,40.88,0,0,0,4,0
2411,2486.86,7,46,2,698.29,20.54,1,0,0,5,0
2412,5104.78,22,40,4,1298.01,95.55,0,0,0,5,0
2413,356.9,15,27,3,623.03,10.12,0,0,1,2,0
2414,438.12,10,26,4,749.85,84.93,0,0,0,4,0
2415,3034.07,3,66,3,594.64,11.63,0,0,0,3,0
2416,1438.7,16,30,2,1508.37,1.99,0,0,0,3,0
2417,1903.55,15,49,5,615.42,143.99,0,0,1,5,0
2418,1541.62,18,66,2,380.62,50.71,0,0,1,2,0
2419,1620.83,22,68,1,555.78,49.78,0,0,1,2,0
2420,291.06,10,62,4,190.37,15.4,0,0,1,2,0
2421,3125.4,6,58,2,59.66,7.49,0,0,0,5,0
2422,3531.9,12,18,5,342.98,61.22,0,0,1,4,0
2423,871.84,18,18,3,2251.47,36.57,0,0,1,4,0
2424,1049.98,16,54,4,1502.77,19.13,0,0,1,5,0
2425,237.2,21,57,2,178.67,19.05,0,0,0,2,0
2426,1834.0,12,35,1,287.36,110.03,0,0,0,3,1
2427,1943.13,11,53,3,403.78,110.21,0,0,2,4,0
2428,1030.51,6,48,3,570.88,16.05,0,0,0,5,0
2429,3375.68,0,18,5,291.67,79.03,1,0,0,4,1
2430,785.19,0,64,5,407.48,12.85,0,0,2,2,1
2431,1928.71,19,69,1,1509.94,82.5,0,0,0,5,0
2432,395.57,22,53,2,298.93,6.75,0,1,1,1,1
2433,1071.11,13,26,6,1042.66,70.97,0,0,2,3,0
2434,921.17,14,39,1,1223.58,40.56,0,1,1,3,1
2435,1373.76,10,45,3,4531.91,6.26,0,0,1,3,0
2436,757.84,23,43,3,383.81,47.82,0,0,0,5,0
2437,961.53,8,69,4,271.91,10.68,0,0,1,1,0
2438,2505.01,16,27,4,168.02,10.79,1,1,0,1,0
2439,708.56,3,64,5,1128.2,29.65,1,0,1,2,0
2440,219.95,19,20,2,937.16,166.61,0,0,1,1,0
2441,6308.06,18,19,1,612.28,111.39,0,1,0,1,0
2442,4365.35,6,54,1,861.36,87.57,0,0,0,1,0
2443,301.19,0,48,3,710.79,95.24,0,0,1,2,0
2444,2185.74,8,50,4,479.66,34.39,0,0,1,5,0
2445,663.17,12,49,5,508.48,23.48,0,0,1,5,0
2446,1427.22,23,60,6,615.58,107.7,1,0,2,5,0
2447,1471.77,1,29,5,4727.07,4.22,0,0,3,4,1
2448,867.48,1,20,2,1378.0,277.27,0,0,0,2,1
2449,500.81,23,65,4,261.89,40.26,0,0,2,5,0
2450,549.75,14,43,3,913.9,38.88,0,0,0,5,0
2451,438.7,16,31,3,661.42,17.26,0,0,0,5,0
2452,477.32,12,29,4,2820.51,9.34,1,0,1,1,0
2453,1025.38,6,69,1,1820.82,57.02,0,0,0,3,0
2454,536.06,8,43,1,613.65,22.45,0,0,2,3,0
2455,2169.07,11,33,6,650.25,18.01,0,0,1,3,0
2456,4852.48,2,25,1,267.93,8.86,0,0,0,5,0
2457,613.97,22,66,2,1123.25,38.3,0,0,1,1,0
2458,1393.26,21,66,2,1664.42,44.37,0,1,0,2,0
2459,1807.47,14,45,2,733.19,29.27,1,1,0,2,1
2460,1758.12,6,24,4,821.9,0.61,0,0,1,3,0
2461,1183.17,22,32,6,512.24,33.83,0,0,1,5,0
2462,2304.65,0,58,5,1346.72,15.87,0,0,1,2,0
2463,1776.23,13,53,2,227.48,7.46,1,0,2,4,0
2464,318.09,18,25,3,271.83,43.09,0,0,0,2,0
2465,2615.36,15,27,4,1398.66,55.62,0,0,1,5,0
2466,2663.22,9,32,2,215.2,36.57,0,0,1,2,0
2467,511.18,0,35,4,400.7,47.63,0,0,0,5,0
2468,1139.04,4,63,1,532.29,46.64,0,0,1,1,0
2469,2171.84,2,54,0,969.66,6.63,0,0,1,2,0
2470,889.52,16,58,3,752.3,12.16,0,0,1,2,0
2471,3206.64,17,62,4,56.7,0.48,0,0,1,3,1
2472,11659.45,20,68,1,1058.7,200.6,1,0,3,5,1
2473,499.7,18,60,5,557.37,11.86,1,0,1,1,0
2474,275.6,21,61,2,1561.23,84.29,0,0,0,1,0
2475,1485.96,21,52,1,306.17,75.99,0,1,0,3,0
2476,2256.48,17,19,2,2346.31,61.04,1,0,0,5,0
2477,870.56,15,39,4,259.71,29.87,0,0,0,3,0
2478,4690.34,1,32,2,459.39,43.84,1,1,1,3,0
2479,287.55,14,54,0,1822.81,10.31,0,0,1,5,0
2480,2192.77,12,56,1,4039.96,5.61,0,0,0,3,0
2481,598.33,12,53,2,260.09,21.67,0,0,0,2,0
2482,6120.37,15,22,5,4888.75,87.32,0,0,0,5,0
2483,8042.66,7,65,3,99.11,41.51,0,0,1,4,1
2484,509.46,10,32,4,1217.72,72.17,0,0,0,5,0
2485,632.98,7,44,2,2722.04,110.51,0,0,1,1,0
2486,2590.45,21,33,3,291.32,41.11,0,0,2,2,0
2487,744.62,9,53,1,1777.75,22.89,0,0,3,2,1
2488,1047.95,22,55,0,441.86,96.79,0,0,1,4,0
2489,1124.83,0,35,0,365.08,13.04,0,0,0,2,0
2490,160.83,11,52,3,224.78,1.25,0,1,0,2,1
2491,1081.56,8,42,1,624.48,2.6,0,0,1,2,0
2492,550.19,4,39,4,745.8,43.64,0,0,0,4,1
2493,669.73,8,48,1,255.94,111.44,0,0,1,4,0
2494,4645.4,15,54,4,2078.71,41.54,0,0,0,4,0
2495,312.15,17,51,2,409.02,26.31,0,0,3,2,0
2496,2473.04,7,40,1,644.97,43.03,0,0,0,5,0
2497,829.68,22,33,1,800.6,55.6,0,0,0,5,0
2498,829.02,10,23,3,7307.43,71.04,0,0,1,1,0
2499,2417.22,19,32,1,1855.91,21.33,1,0,2,5,0
2500,1540.79,18,35,4,1277.25,24.46,0,1,1,3,0
2501,1940.33,3,55,3,467.25,1.2,0,0,1,5,0
2502,2887.61,19,30,5,897.04,52.44,1,0,1,4,0
2503,787.36,9,41,1,974.27,74.97,0,0,1,3,0
2504,594.53,23,30,5,648.93,35.76,0,0,2,2,0
2505,370.5,12,18,3,1431.5,23.62,0,1,0,4,1
2506,480.39,19,65,5,8142.41,20.26,1,0,1,5,0
2507,20933.26,13,53,2,273.68,51.79,0,0,0,2,0
2508,3807.32,20,66,6,926.2,20.08,0,1,0,1,0
2509,283.99,1,35,2,909.5,45.7,0,0,0,4,0
2510,292.23,3,65,3,550.24,130.84,0,1,0,3,0
2511,1775.55,6,50,2,389.34,20.07,1,0,1,4,1
2512,1895.55,18,55,5,373.55,3.54,1,1,1,3,0
2513,1898.62,16,60,2,3996.36,103.58,0,0,1,3,0
2514,849.84,15,23,3,755.09,15.98,0,1,0,1,0
2515,967.34,12,34,4,1496.09,223.56,0,0,1,3,0
2516,1522.15,23,21,5,531.71,91.67,0,0,0,2,0
2517,1194.99,23,31,1,940.47,27.83,0,0,2,3,0
2518,119.19,21,47,4,1005.49,49.47,0,1,2,3,0
2519,871.49,22,63,3,549.34,16.25,0,0,2,3,0
2520,468.06,17,37,7,821.54,4.4,0,0,2,4,0
2521,1306.64,20,25,3,1857.6,37.31,0,0,0,3,0
2522,21704.16,11,19,4,273.09,27.64,0,1,2,4,0
2523,1583.64,22,54,3,796.79,175.19,0,0,0,4,0
2524,801.49,0,21,6,1051.35,45.5,0,1,1,5,0
2525,2756.73,14,27,3,1259.82,68.75,1,0,1,1,0
2526,1777.01,2,37,1,1433.55,7.27,1,1,1,1,0
2527,1669.19,5,52,2,1187.19,64.31,0,0,1,1,0
2528,2011.93,13,65,3,1729.54,2.9,1,0,0,3,0
2529,8574.46,22,27,1,480.87,47.47,0,0,2,5,0
2530,353.93,5,45,4,2136.33,91.18,0,0,0,5,0
2531,1760.99,0,32,2,734.28,32.99,1,0,1,1,0
2532,434.25,19,53,2,1337.86,12.11,0,0,1,1,0
2533,1911.25,5,18,4,233.41,29.32,0,0,0,1,0
2534,437.6,7,39,2,1130.53,91.98,0,0,0,4,0
2535,722.44,14,44,2,752.49,62.66,0,0,1,4,0
2536,816.4,13,46,3,522.94,46.5,1,1,0,3,0
2537,2909.73,15,32,1,1873.28,59.18,1,0,0,2,0
2538,2747.52,19,27,0,795.96,89.85,1,0,0,4,0
2539,315.54,22,37,7,781.58,8.24,0,0,1,5,0
2540,1158.56,15,39,4,212.11,92.23,0,0,0,4,0
2541,539.38,18,67,5,384.19,82.15,1,1,0,5,1
2542,311.53,23,65,3,770.62,32.46,0,1,2,5,0
2543,882.7,0,26,3,387.82,25.78,0,1,0,4,0
2544,805.54,3,68,0,2125.1,134.82,0,0,0,4,1
2545,12415.69,23,49,1,525.99,85.58,1,0,0,1,1
2546,1690.8,9,34,1,307.58,224.0,0,0,1,5,0
2547,276.55,19,59,6,272.32,51.33,0,1,2,3,0
2548,623.42,17,36,4,597.84,1.6,0,0,0,2,0
2549,3045.39,1,57,2,1314.29,8.36,0,0,0,4,0
2550,8852.39,3,44,3,313.7,85.83,0,0,0,1,0
2551,224.53,14,68,4,288.21,50.94,0,0,0,2,0
2552,167.35,3,54,4,419.51,11.04,0,0,0,3,0
2553,7122.15,15,51,1,630.22,0.6,0,0,0,4,0
2554,1619.08,14,64,3,285.53,15.25,0,0,1,1,0
2555,460.22,17,66,3,732.9,7.4,0,0,0,1,0
2556,1871.75,6,27,6,2310.27,104.47,1,0,1,4,0
2557,78.59,14,47,1,657.89,107.19,0,1,0,5,1
2558,1100.34,21,38,2,479.91,92.36,0,0,1,4,1
2559,1522.06,10,38,3,1627.23,4.97,0,0,2,1,0
2560,2763.55,18,51,2,264.68,7.25,0,0,3,3,0
2561,397.86,7,26,5,1016.89,7.28,0,0,1,3,0
2562,1194.74,23,51,3,679.56,14.95,1,0,0,3,0
2563,434.66,0,67,1,2576.07,3.78,0,0,3,1,0
2564,1415.71,2,29,3,1813.99,199.68,0,0,3,4,1
2565,447.94,4,64,2,139.13,96.6,0,1,2,4,0
2566,729.16,17,38,3,786.41,3.58,0,0,0,4,0
2567,405.12,11,37,2,206.97,7.76,1,0,2,5,0
2568,2103.03,11,23,4,1656.6,15.21,0,0,1,5,0
2569,2587.51,20,67,2,310.35,74.59,1,1,0,4,0
2570,867.3,18,62,2,1248.38,62.61,0,0,1,5,0
2571,1139.38,8,53,5,1671.02,49.78,0,0,3,5,0
2572,257.6,10,29,3,154.87,121.63,0,0,0,4,0
2573,812.67,16,58,1,2162.09,1.85,0,1,2,4,0
2574,1042.94,15,48,4,1633.25,8.79,0,0,1,1,0
2575,15075.0,3,19,3,286.38,10.52,1,0,0,4,1
2576,360.7,9,33,3,1684.21,3.08,1,0,0,4,1
2577,4741.82,21,18,1,254.92,48.15,0,1,1,4,1
2578,2971.61,14,21,3,1375.88,11.77,0,0,0,4,0
2579,1451.91,18,64,5,618.33,32.95,0,0,0,2,0
2580,6365.32,2,69,2,213.63,57.83,1,0,0,2,0
2581,1590.98,20,18,0,2166.59,45.24,1,1,0,3,0
2582,1618.34,22,69,3,2162.33,17.13,1,0,1,4,1
2583,1039.9,4,64,4,775.85,26.74,1,0,0,5,0
2584,3727.78,10,52,3,677.21,20.76,0,1,1,2,0
2585,3282.86,23,30,3,482.58,95.68,1,0,2,2,0
2586,586.59,4,67,5,1035.44,27.23,0,0,0,1,0
2587,293.17,6,62,2,922.48,3.18,0,0,0,5,0
2588,895.18,5,59,2,2255.42,48.29,0,0,1,5,1
2589,492.73,12,48,2,786.95,11.01,1,0,1,2,0
2590,1029.14,1,37,3,2038.33,20.67,0,0,0,1,0
2591,3779.84,18,24,2,150.15,19.85,1,0,0,3,0
2592,694.16,10,57,4,1272.01,3.76,0,0,4,4,0
2593,1050.66,19,50,3,766.91,150.74,0,0,0,5,0
2594,1162.15,4,45,1,886.42,39.6,1,0,1,4,0
2595,2561.71,8,67,3,2849.15,8.49,0,0,0,4,0
2596,115.94,5,61,5,1612.75,40.57,0,0,0,4,0
2597,597.83,16,67,5,502.57,30.04,0,0,0,3,0
2598,1354.63,18,61,3,336.36,21.15,0,0,1,4,0
2599,3641.24,22,37,4,143.59,31.98,0,0,1,3,0
2600,670.55,7,49,5,953.64,55.38,0,0,0,2,0
2601,167.91,6,26,3,1779.24,11.13,0,0,0,2,0
2602,2037.97,4,51,3,1834.38,38.6,1,0,0,1,0
2603,580.93,14,31,0,481.61,83.83,0,0,0,5,0
2604,333.73,9,21,4,1809.28,12.58,0,0,0,1,0
2605,587.37,23,46,3,1838.08,36.24,0,0,1,5,0
2606,911.85,15,32,3,1440.52,168.68,1,0,1,5,1
2607,599.0,8,34,1,693.67,80.6,0,0,0,2,0
2608,120.84,6,36,1,641.48,44.95,0,0,0,1,0
2609,2689.38,10,55,3,1020.48,69.14,0,0,1,3,0
2610,3924.03,8,26,3,1148.05,37.29,1,0,0,3,0
2611,2103.85,16,44,1,455.02,215.51,1,0,0,5,0
2612,351.54,8,66,5,497.98,9.27,1,0,0,3,0
2613,896.51,2,32,3,824.85,63.57,1,0,0,2,0
2614,1089.5,21,54,2,405.52,0.3,0,0,0,1,0
2615,1995.79,7,45,2,442.89,6.72,0,0,0,3,1
2616,2139.53,18,67,6,162.73,63.97,0,0,1,5,0
2617,526.28,19,21,3,296.71,71.22,1,0,0,1,0
2618,1190.34,15,38,1,1206.59,2.01,0,0,2,3,0
2619,1732.43,6,51,3,1488.68,20.31,0,0,1,3,0
2620,4702.37,6,36,0,644.58,6.29,0,0,0,4,0
2621,2218.32,19,54,3,1252.16,110.43,1,1,0,1,0
2622,2414.04,12,21,3,111.61,30.25,0,0,2,5,0
2623,1192.52,2,54,3,936.78,29.22,0,0,2,1,1
2624,4493.82,11,68,1,206.98,86.83,0,0,2,5,0
2625,1652.03,23,49,5,339.69,59.43,0,0,1,5,1
2626,463.55,7,62,10,1118.11,127.74,0,0,0,5,1
2627,4462.08,12,65,0,1280.85,139.57,1,0,1,2,0
2628,2203.72,19,29,3,144.86,18.79,0,0,1,3,0
2629,704.13,15,58,5,175.22,52.26,1,1,0,3,0
2630,678.92,6,33,4,388.9,39.02,0,0,1,3,0
2631,1475.24,3,31,5,158.63,45.29,0,0,1,2,0
2632,1742.69,11,18,5,477.67,49.08,0,0,0,3,0
2633,1335.81,16,69,0,1330.53,3.09,0,0,0,4,0
2634,1497.14,0,49,3,192.16,112.72,1,0,0,2,1
2635,6002.66,16,38,2,3328.12,7.56,0,0,1,2,0
2636,3202.04,1,21,4,539.94,27.62,0,0,0,3,0
2637,1326.95,5,26,1,895.83,17.27,0,0,1,4,0
2638,2811.04,11,68,1,292.17,40.34,0,0,1,5,0
2639,390.52,10,63,0,1530.14,162.84,0,0,0,5,1
2640,1632.6,20,39,4,801.98,26.59,0,0,3,3,0
2641,6696.27,10,29,4,815.34,46.21,0,0,3,1,0
2642,881.79,17,47,2,906.34,7.61,0,0,0,3,0
2643,469.83,7,47,1,236.34,31.09,0,0,1,3,0
2644,571.3,6,49,1,923.76,123.72,0,0,1,3,0
2645,368.84,13,53,2,1168.45,134.72,0,0,1,5,1
2646,500.32,15,24,3,195.47,39.53,0,0,0,3,0
2647,757.1,11,34,0,536.15,73.18,0,0,3,4,1
2648,268.93,8,18,5,520.08,0.16,1,0,0,1,0
2649,1113.9,19,31,3,688.09,37.91,1,0,0,3,0
2650,2703.43,22,64,3,1184.76,65.93,0,0,0,1,0
2651,442.41,20,61,1,1279.86,20.01,0,0,1,2,0
2652,5010.46,15,61,1,614.09,115.71,0,0,0,1,0
2653,1827.66,20,55,0,1428.95,75.62,0,0,0,5,1
2654,3073.53,18,43,4,220.97,73.42,1,0,0,5,1
2655,568.03,15,44,3,819.84,1.07,0,0,2,5,0
2656,2577.37,8,62,2,132.78,10.16,0,1,0,1,0
2657,367.99,12,33,2,446.57,62.52,0,0,0,3,0
2658,2671.1,4,63,4,977.88,41.24,0,0,0,3,0
2659,1302.24,21,24,4,1177.7,43.19,0,0,1,4,1
2660,1906.93,18,49,0,841.43,0.75,0,0,0,3,0
2661,338.46,9,42,0,2343.14,29.17,0,0,0,5,0
2662,448.06,6,48,6,725.49,77.19,0,0,3,3,0
2663,1992.67,8,33,6,170.11,54.47,0,0,3,2,1
2664,424.81,13,58,3,107.88,42.48,0,1,1,2,0
2665,1742.73,14,31,0,300.77,59.63,0,0,2,4,0
2666,279.46,12,42,5,299.25,95.18,0,0,2,2,0
2667,2561.05,9,47,5,685.42,94.7,0,1,0,2,0
2668,319.73,13,24,3,427.91,30.44,0,1,2,5,1
2669,1905.12,20,29,6,310.62,18.39,1,0,0,4,0
2670,2050.07,22,20,2,417.28,22.82,0,0,1,4,0
2671,546.33,11,44,4,507.54,36.84,0,1,1,1,0
2672,1962.6,18,63,3,340.83,4.68,1,0,1,1,0
2673,1422.89,5,36,0,686.19,44.7,0,0,2,4,0
2674,639.8,11,60,4,1419.31,30.19,0,0,0,1,0
2675,399.99,23,54,4,395.84,71.13,0,0,0,3,0
2676,154.06,12,62,1,710.74,16.01,0,0,0,3,0
2677,1555.65,7,59,2,3483.57,3.43,0,0,4,2,0
2678,229.34,15,24,5,809.21,112.49,1,0,0,3,0
2679,1206.34,1,66,6,1591.3,3.53,0,0,2,5,0
2680,842.65,21,33,3,455.75,131.06,0,0,1,1,0
2681,2162.77,6,49,4,1694.64,34.41,1,0,0,5,0
2682,810.75,11,25,3,349.7,2.9,1,1,0,5,0
2683,788.83,6,66,2,1076.33,6.72,0,0,0,4,0
2684,2279.86,18,30,2,1574.61,38.07,0,0,0,2,0
2685,1533.12,13,28,3,2284.06,0.8,0,0,0,2,0
2686,1504.41,8,37,0,735.47,123.33,0,0,1,5,0
2687,1753.32,17,35,2,535.94,79.55,1,0,0,2,0
2688,236.14,10,54,4,220.02,35.11,0,0,0,3,0
2689,2337.39,15,23,1,627.14,130.35,0,0,3,5,0
2690,2023.27,18,37,4,1265.69,15.04,0,0,0,1,0
2691,396.75,10,49,4,1162.6,96.01,0,0,0,2,0
2692,859.13,17,63,3,654.86,81.77,0,0,1,1,0
2693,1054.36,10,61,5,894.7,43.59,0,1,0,3,0
2694,958.63,3,46,5,2532.08,19.2,1,0,0,2,1
2695,1531.28,17,21,3,1147.03,40.86,0,0,0,4,0
2696,4588.77,18,24,2,551.57,157.58,1,0,0,3,1
2697,3234.94,12,60,4,663.7,4.42,0,1,1,3,0
2698,295.24,3,37,1,1141.95,11.22,1,0,2,4,1
2699,2042.79,9,51,4,1070.1,51.63,0,0,0,1,0
2700,4142.0,21,53,3,4046.87,56.73,0,0,0,1,0
2701,1614.55,4,24,3,2491.26,8.98,0,0,2,3,1
2702,3264.89,2,50,3,292.94,82.07,0,0,1,3,0
2703,8203.12,15,32,4,395.33,131.89,0,0,0,2,0
2704,3052.48,7,69,4,1849.4,4.15,1,0,0,2,0
2705,1407.13,23,49,4,357.3,182.97,0,0,1,3,0
2706,3118.44,6,39,0,761.14,16.51,0,0,0,2,0
2707,1267.61,18,57,2,2439.54,18.47,1,0,0,4,1
2708,1123.16,13,46,4,853.78,2.3,0,0,1,2,0
2709,771.69,14,42,5,1460.21,34.4,0,0,1,3,0
2710,5236.52,16,22,8,794.03,154.79,0,0,2,1,0
2711,483.75,20,31,4,628.42,8.78,0,0,1,1,0
2712,5076.45,0,67,2,152.48,43.0,0,0,1,4,0
2713,1807.8,5,52,3,816.97,16.04,0,0,2,1,0
2714,270.61,22,19,4,435.27,0.94,0,1,1,1,0
2715,1583.91,14,42,1,1947.36,217.7,0,0,0,3,0
2716,134.29,11,33,2,88.21,62.97,0,0,1,3,0
2717,2049.82,20,63,5,443.21,66.49,1,0,2,3,0
2718,2657.74,19,33,4,2020.05,54.38,0,0,2,3,0
2719,606.46,1,28,5,3180.87,7.76,0,0,1,3,0
2720,1240.84,4,66,3,1672.7,11.58,0,0,2,2,0
2721,7740.0,8,52,3,1136.22,24.36,0,0,0,4,1
2722,661.33,19,40,3,167.46,269.82,0,0,1,3,0
2723,380.35,13,22,5,284.99,55.82,0,0,1,2,0
2724,4825.47,17,52,5,1398.43,29.2,0,1,0,5,0
2725,7805.53,21,46,6,237.03,33.15,0,0,1,3,0
2726,1100.69,7,64,4,551.33,127.68,0,0,2,4,0
2727,3015.33,1,22,3,518.49,10.93,0,0,2,4,0
2728,4194.28,8,20,6,930.29,19.35,0,1,0,4,0
2729,521.92,6,23,1,1137.27,23.17,0,0,3,3,0
2730,674.99,17,40,3,87.27,113.96,0,0,2,1,0
2731,3755.12,15,63,1,835.4,74.98,0,0,2,1,0
2732,5913.62,20,19,2,385.88,44.68,0,0,2,5,0
2733,1925.38,4,35,3,1037.86,18.9,0,0,4,5,0
2734,454.95,22,47,1,160.23,11.3,1,0,0,5,0
2735,7998.91,14,55,5,1499.2,20.08,0,0,1,3,0
2736,644.86,4,22,2,375.67,132.57,0,0,0,2,0
2737,784.36,10,63,3,488.06,120.52,1,0,1,5,0
2738,1544.32,21,66,1,2451.84,27.41,1,0,0,5,0
2739,5188.3,13,28,3,596.37,19.69,1,1,1,2,1
2740,2575.96,18,18,2,1466.07,107.96,1,0,0,5,0
2741,1660.49,2,27,2,652.26,29.55,0,0,0,5,0
2742,1742.87,23,58,4,2519.91,1.97,0,0,0,2,0
2743,1145.41,9,69,2,872.94,21.21,0,1,0,4,0
2744,1916.28,5,61,5,1005.68,46.73,0,0,3,3,0
2745,87.4,2,43,2,768.24,144.65,0,0,1,3,0
2746,815.17,1,50,3,524.83,27.63,0,0,1,2,1
2747,1395.94,12,44,2,1339.54,13.73,0,0,1,5,0
2748,346.88,17,67,2,365.82,24.27,0,0,0,4,0
2749,1613.76,1,29,2,1191.37,2.94,0,0,2,2,0
2750,893.84,14,19,2,1434.98,114.55,0,0,0,1,0
2751,6345.34,4,18,6,1021.88,1.7,1,0,0,5,0
2752,5287.07,14,18,2,313.13,0.05,0,0,0,1,0
2753,688.28,20,50,4,951.47,47.61,0,0,0,4,0
2754,943.09,16,39,2,1538.79,8.36,0,0,1,4,0
2755,1018.47,1,29,0,241.39,17.55,0,1,0,1,0
2756,698.08,17,56,6,196.29,33.76,0,0,3,5,0
2757,1332.78,14,53,2,1308.16,78.54,0,0,4,1,0
2758,513.74,19,38,2,396.52,24.51,0,0,2,2,0
2759,354.03,22,37,1,1208.55,157.45,0,0,0,5,0
2760,2044.1,2,53,3,2614.74,30.18,0,0,0,3,0
2761,2058.08,4,43,5,204.92,126.28,0,0,0,1,0
2762,490.63,10,64,3,191.1,30.1,0,0,2,3,0
2763,2684.78,8,48,1,1263.89,36.3,0,0,1,1,0
2764,583.14,4,18,0,1900.64,158.6,0,0,1,1,0
2765,1412.57,0,55,1,2621.45,56.18,0,1,1,5,0
2766,2490.76,13,31,3,1268.13,8.09,1,0,0,3,0
2767,1060.39,4,43,3,597.45,45.63,1,0,0,2,0
2768,1728.04,7,63,3,718.17,12.76,0,1,0,4,0
2769,654.3,20,59,1,870.45,18.53,1,0,1,2,0
2770,901.03,13,24,4,2557.86,91.05,0,0,1,3,0
2771,892.6,15,29,1,840.83,57.31,0,0,0,4,1
2772,519.79,5,41,2,383.07,16.91,1,0,0,3,0
2773,918.94,7,36,7,795.09,0.23,0,0,1,4,1
2774,233.08,1,26,0,190.54,37.88,0,1,0,3,1
2775,671.05,18,52,1,426.54,14.4,0,0,1,3,0
2776,824.79,8,21,1,520.04,1.44,1,0,1,4,1
2777,848.8,4,62,3,486.98,3.27,1,0,3,3,1
2778,861.35,4,59,3,186.92,55.93,0,1,1,4,1
2779,1030.95,18,49,2,257.39,26.75,0,0,0,3,0
2780,1771.25,3,63,4,654.68,15.22,0,0,0,3,1
2781,2629.42,15,23,3,1300.87,105.89,1,1,0,3,0
2782,572.63,15,45,1,476.21,87.17,1,0,2,5,0
2783,329.24,15,45,2,706.39,31.39,0,0,1,5,0
2784,386.82,6,57,3,1341.97,16.12,1,0,0,4,0
2785,673.71,17,68,3,5633.94,35.38,0,0,1,1,0
2786,771.3,23,46,4,516.48,69.9,0,0,0,1,0
2787,507.76,20,59,5,339.26,0.54,1,0,0,5,0
2788,300.03,0,22,3,1251.45,47.41,0,0,0,1,0
2789,694.98,2,22,4,1314.9,61.92,0,0,0,5,0
2790,1314.78,20,54,2,233.62,84.86,0,0,1,2,0
2791,1988.29,7,58,5,271.77,12.21,0,1,0,4,0
2792,628.02,0,45,1,222.31,11.37,0,0,2,4,0
2793,725.6,6,58,4,375.02,12.15,0,0,1,5,0
2794,434.11,6,64,2,1327.03,134.0,0,0,0,3,0
2795,1062.69,7,26,4,885.09,7.6,0,0,0,5,0
2796,469.45,18,46,2,761.15,72.33,0,0,0,3,0
2797,1945.22,16,31,4,303.27,216.19,1,1,1,4,1
2798,183.85,10,55,2,284.89,146.2,0,0,2,5,0
2799,765.38,14,69,2,705.86,26.37,1,0,0,4,0
2800,1481.94,8,57,5,639.8,91.43,0,0,0,3,0
2801,1317.95,16,51,1,983.95,55.45,0,0,0,5,0
2802,16204.33,10,54,3,2018.6,101.42,0,0,0,2,0
2803,1555.89,5,66,5,267.44,8.79,0,0,1,4,1
2804,401.8,8,59,2,590.24,72.4,0,0,1,2,0
2805,996.79,17,31,4,728.28,44.16,0,0,0,4,0
2806,185.63,19,35,2,776.44,38.84,0,0,0,5,0
2807,1011.71,1,50,2,705.82,65.26,0,0,0,5,0
2808,476.73,3,51,1,645.92,15.95,0,0,3,3,1
2809,2739.12,17,45,6,774.02,3.88,0,0,0,2,0
2810,632.99,0,53,2,1005.83,34.87,0,0,0,2,0
2811,975.78,10,62,3,378.15,17.99,0,0,0,1,0
2812,580.82,2,65,4,968.43,14.81,0,1,0,3,0
2813,6240.72,7,54,3,1004.01,325.87,0,0,3,5,1
2814,795.33,4,40,3,802.71,11.02,0,0,1,1,0
2815,6853.79,19,59,3,2347.34,13.43,0,1,1,2,0
2816,2475.39,20,34,4,790.79,20.31,0,0,0,5,0
2817,1775.91,21,28,4,890.5,34.36,1,0,1,5,0
2818,1585.62,21,49,3,304.36,101.67,0,0,0,4,0
2819,1625.87,4,54,6,1528.38,9.7,1,1,1,3,0
2820,159.55,10,32,3,3077.58,47.85,1,0,0,1,0
2821,829.74,11,21,2,753.75,22.98,1,0,1,3,0
2822,2553.34,21,56,2,127.55,79.71,0,0,0,2,0
2823,1044.3,8,47,2,1571.94,46.05,1,1,1,4,0
2824,269.03,20,27,5,1989.17,79.26,1,0,0,4,0
2825,1040.64,12,40,5,790.93,96.58,0,0,2,4,0
2826,6027.61,21,41,1,439.38,121.59,1,0,1,1,0
2827,3815.75,19,53,1,1842.44,272.19,1,0,2,3,1
2828,1030.7,2,69,1,1734.18,48.23,0,0,1,2,0
2829,2839.69,12,22,5,813.47,50.74,0,0,2,4,0
2830,760.13,21,54,3,1655.11,7.57,0,1,1,1,1
2831,199.56,10,60,4,372.37,5.55,0,0,2,2,0
2832,435.08,10,36,1,1870.2,33.44,0,1,1,5,0
2833,5233.78,20,54,3,827.9,59.16,0,0,0,5,0
2834,833.81,19,25,4,521.12,14.26,0,0,3,4,0
2835,859.73,20,24,0,729.5,19.81,0,0,0,1,0
2836,812.54,6,57,4,1269.49,60.22,0,0,0,2,0
2837,7362.37,16,30,3,851.35,11.89,0,0,0,3,0
2838,5574.51,15,54,4,2889.0,36.84,0,0,1,3,0
2839,10084.76,13,44,3,1756.01,38.68,0,0,0,2,0
2840,935.38,0,35,1,260.53,124.42,0,0,2,5,1
2841,1473.84,10,41,2,1393.35,25.73,1,0,0,4,1
2842,240.65,12,58,3,1487.65,11.82,0,0,1,3,0
2843,4802.7,0,19,1,1088.09,9.55,1,0,0,1,0
2844,341.12,1,33,2,311.0,17.35,0,0,3,1,0
2845,1362.09,8,31,4,1628.41,16.35,0,0,3,1,0
2846,366.02,12,34,5,819.18,69.35,0,0,1,1,0
2847,608.58,4,23,3,296.19,45.04,0,0,0,2,0
2848,474.73,8,52,1,884.8,57.35,0,0,1,2,0
2849,597.12,12,34,5,1645.13,49.75,0,0,0,2,0
2850,639.62,4,62,4,339.0,32.82,0,0,2,2,0
2851,633.8,14,55,5,339.1,131.75,0,1,2,3,1
2852,2523.33,6,57,3,1191.55,85.03,0,1,0,4,0
2853,363.27,13,23,4,892.17,11.84,0,0,0,3,0
2854,1367.23,15,65,3,1283.12,27.55,0,1,0,4,0
2855,3706.93,5,55,2,704.02,16.98,1,1,1,1,1
2856,656.42,1,66,1,4949.79,68.46,0,0,0,3,0
2857,534.9,15,38,2,502.09,21.11,0,0,1,3,0
2858,870.85,18,52,2,1136.04,51.11,0,0,0,5,0
2859,3567.87,4,40,2,461.94,17.28,0,0,0,4,1
2860,1331.56,3,29,5,216.97,9.42,0,0,1,1,1
2861,644.7,13,46,4,603.09,0.46,0,0,0,2,0
2862,1779.12,5,44,3,533.28,261.28,0,0,0,1,0
2863,364.2,7,23,3,2777.96,12.39,0,0,0,4,0
2864,2167.56,23,38,2,946.29,89.26,0,0,0,3,0
2865,1650.13,2,24,2,359.82,86.32,1,1,1,1,0
2866,806.09,3,60,3,700.98,13.46,0,0,2,1,0
2867,474.1,0,58,0,324.58,26.86,1,0,0,2,0
2868,451.84,1,33,2,548.02,90.43,0,0,1,5,1
2869,1872.1,12,22,3,1534.33,58.53,1,0,2,1,0
2870,3748.01,8,32,4,976.8,23.09,1,0,1,3,0
2871,579.81,11,38,4,178.5,148.93,1,1,2,2,0
2872,1734.35,9,21,1,354.43,20.95,1,0,1,5,0
2873,136.04,9,22,1,343.48,11.92,1,0,1,2,0
2874,611.17,17,24,3,384.52,7.93,0,1,0,4,0
2875,1063.1,11,52,2,843.44,60.42,1,0,0,1,0
2876,441.56,21,53,3,1537.7,1.47,0,0,0,4,0
2877,429.87,15,32,7,508.61,93.49,1,0,0,2,1
2878,562.4,22,45,3,402.48,18.14,1,0,0,4,0
2879,1468.79,5,19,0,1298.87,23.09,0,0,0,1,0
2880,909.3,23,22,2,855.06,80.93,1,0,0,5,0
2881,116.95,23,24,6,438.5,84.15,0,0,0,2,0
2882,131.54,20,39,4,487.62,25.54,1,1,2,4,0
2883,597.73,23,66,1,527.35,40.35,0,1,2,4,0
2884,1733.13,9,48,1,1617.8,56.85,0,0,4,4,0
2885,70.28,14,49,1,947.09,58.33,0,0,1,5,0
2886,665.32,8,25,2,2887.06,38.18,0,0,0,2,0
2887,647.91,23,58,5,1031.43,92.93,1,0,0,2,0
2888,4395.51,1,59,2,327.39,92.08,0,0,1,4,0
2889,746.19,17,28,2,175.27,94.46,0,0,2,2,0
2890,1608.39,11,18,4,404.32,15.61,1,0,0,2,0
2891,1263.02,2,64,3,180.39,14.85,0,1,1,5,1
2892,130.25,6,57,1,357.0,7.53,0,0,0,5,0
2893,2364.23,8,36,2,675.78,87.55,0,0,1,1,0
2894,1360.21,7,61,5,235.17,3.13,0,0,0,5,0
2895,1823.05,5,55,5,1248.17,7.27,0,0,1,5,0
2896,55616.64,0,59,5,443.66,130.33,0,0,2,2,0
2897,136.44,13,54,2,1261.85,6.68,0,0,1,1,0
2898,6153.01,15,24,2,312.29,6.46,0,0,1,5,0
2899,822.67,15,56,5,1186.97,119.9,0,1,0,4,0
2900,1461.66,3,42,4,444.15,18.56,0,0,1,4,0
2901,1047.84,5,39,5,550.51,106.61,0,0,2,2,0
2902,717.49,14,44,3,400.15,23.71,0,1,1,4,0
2903,620.28,21,58,2,589.73,23.39,0,0,1,5,0
2904,1524.63,7,64,1,1054.44,7.26,0,0,0,2,0
2905,240.53,0,55,2,220.82,125.43,1,0,1,1,0
2906,2322.92,12,65,5,3934.25,71.71,0,0,1,5,0
2907,723.29,17,56,2,3969.75,12.79,0,0,0,1,0
2908,354.22,17,32,1,445.73,65.06,0,0,1,3,0
2909,699.24,12,19,4,1476.09,5.47,0,0,0,3,0
2910,3855.09,21,25,6,255.51,37.1,0,1,1,2,0
2911,642.05,13,61,6,179.19,14.67,0,0,0,2,0
2912,1569.41,10,60,4,3122.31,95.05,1,0,4,1,0
2913,527.97,6,23,4,1255.13,35.78,0,0,1,5,0
2914,2340.04,17,37,3,754.07,127.05,0,0,0,1,0
2915,2176.57,20,44,2,1216.25,43.99,1,1,1,4,1
2916,6964.69,21,62,1,390.64,35.06,0,0,0,5,0
2917,920.06,3,40,2,724.61,59.2,0,0,0,1,0
2918,2140.2,16,65,2,808.16,76.62,0,0,3,2,0
2919,1209.63,18,57,2,210.05,0.77,1,0,0,4,0
2920,4007.3,13,34,5,1679.11,36.94,0,1,0,5,0
2921,534.41,9,30,2,465.75,74.74,1,0,0,5,1
2922,2310.01,5,21,4,260.68,26.17,0,0,1,5,0
2923,902.62,17,37,5,2574.86,2.31,0,0,1,3,0
2924,1028.45,3,59,1,1791.89,0.89,0,0,0,1,0
2925,1202.01,10,42,2,564.07,78.96,0,0,0,1,0
2926,1411.26,12,39,5,244.85,11.04,0,0,0,4,0
2927,976.3,7,69,1,1020.39,9.61,1,0,1,5,0
2928,1359.28,9,65,6,707.76,17.09,1,0,0,3,0
2929,5314.1,22,34,1,3867.23,5.39,0,0,0,1,0
2930,2937.9,10,57,2,1957.46,2.74,0,1,1,4,0
2931,2615.35,2,28,8,464.42,102.89,0,0,0,5,0
2932,695.38,14,42,6,2153.28,18.03,1,0,0,5,0
2933,450.68,7,22,1,1977.82,43.66,0,0,0,2,0
2934,2850.64,19,38,1,165.32,97.53,0,0,0,5,0
2935,2633.44,17,43,5,1069.75,189.62,1,0,0,4,0
2936,4782.27,20,33,4,1769.56,58.32,0,0,1,4,0
2937,599.45,0,57,4,483.25,149.95,0,0,0,4,0
2938,871.71,23,38,1,249.59,27.54,1,1,1,4,1
2939,212.83,7,65,1,7454.65,77.92,0,0,0,1,0
2940,740.65,2,49,4,2397.17,138.71,0,0,3,4,1
2941,2970.75,0,21,4,841.42,2.73,0,0,1,5,0
2942,687.8,19,55,0,123.67,19.1,0,0,1,3,0
2943,2080.74,15,25,2,493.87,67.4,0,1,1,3,1
2944,906.41,8,26,0,3320.81,18.94,0,0,0,5,1
2945,1516.34,16,62,3,2015.79,0.86,0,1,2,2,0
2946,348.04,15,34,2,556.2,82.26,0,1,0,4,0
2947,1194.17,22,58,2,461.7,9.0,0,0,3,2,1
2948,55.08,5,30,2,2227.03,19.35,0,0,0,1,0
2949,909.69,22,26,5,570.49,120.72,0,0,0,4,1
2950,214.76,6,23,6,627.87,11.71,0,0,1,1,0
2951,3662.84,23,44,2,980.57,112.58,0,0,0,2,0
2952,2386.08,15,59,5,1113.69,27.46,0,0,0,3,0
2953,1748.78,7,54,5,287.94,125.13,0,0,0,2,0
2954,5019.1,9,56,6,1139.77,104.72,0,1,0,4,1
2955,424.57,13,60,3,312.79,26.83,0,0,2,3,0
2956,6294.07,10,41,1,1964.82,127.47,0,0,2,3,0
2957,2785.52,1,26,3,530.38,50.08,0,0,0,4,0
2958,865.62,11,59,0,878.04,32.28,0,1,0,3,0
2959,3413.93,19,28,4,69.82,37.82,0,1,2,5,1
2960,362.75,19,52,3,1360.46,3.27,0,0,1,3,0
2961,480.82,12,46,5,1520.53,82.41,0,0,1,4,0
2962,596.7,14,25,1,459.4,17.3,0,0,1,3,0
2963,646.14,11,34,1,232.05,15.75,0,0,1,1,0
2964,381.25,12,24,3,226.27,62.83,1,0,1,1,0
2965,3725.97,7,29,2,696.91,23.17,0,0,3,2,1
2966,846.53,15,65,2,284.87,36.09,0,0,0,3,0
2967,1560.1,2,32,1,660.15,27.37,0,0,0,2,0
2968,619.96,12,46,4,764.09,35.12,0,0,1,3,0
2969,177.58,11,62,2,836.07,12.56,0,0,1,2,0
2970,1436.63,18,67,5,2201.67,108.11,0,0,0,3,0
2971,162.02,1,67,5,1984.3,47.1,0,1,1,4,0
2972,1023.89,0,41,2,789.32,13.31,0,1,0,5,0
2973,279.13,7,54,3,1190.54,4.8,0,0,0,2,0
2974,8000.63,8,31,4,958.77,38.34,0,0,0,5,1
2975,2728.11,7,28,4,2259.32,31.57,0,0,1,3,0
2976,1218.96,20,52,3,785.84,134.77,0,0,0,2,1
2977,3880.45,16,34,4,1467.57,13.11,0,0,3,2,0
2978,470.45,8,44,4,4098.77,106.69,0,0,1,5,0
2979,1888.39,5,61,9,985.53,72.73,0,0,0,4,0
2980,1339.18,14,20,5,479.92,32.36,1,0,0,5,0
2981,1427.99,22,19,2,496.68,103.48,0,1,0,3,0
2982,3914.15,23,21,2,390.78,98.98,0,0,0,4,0
2983,2281.28,12,35,1,1296.46,62.66,0,0,1,5,0
2984,1463.7,20,37,3,942.31,5.35,1,0,1,1,0
2985,209.58,21,38,2,529.36,8.73,0,0,0,1,0
2986,419.87,11,31,5,2421.51,44.78,0,0,0,1,0
2987,970.0,12,25,5,514.87,14.08,0,0,0,3,0
2988,1203.96,6,19,1,761.47,40.06,1,0,0,3,0
2989,354.18,22,43,4,377.61,41.14,0,0,1,5,0
2990,12230.36,17,36,2,646.29,44.23,0,0,0,2,0
2991,4996.01,13,59,4,371.09,42.18,0,0,0,4,0
2992,2002.43,10,45,2,649.23,23.84,0,0,0,5,0
2993,1178.55,13,46,6,304.76,11.8,0,0,0,1,0
2994,886.95,16,22,2,468.38,36.55,0,1,0,3,0
2995,423.3,23,60,4,399.01,34.18,0,0,1,1,0
2996,1184.98,20,45,5,415.25,16.09,0,0,0,3,0
2997,1419.06,1,58,5,341.42,2.63,0,0,0,2,0
2998,316.79,18,65,1,534.8,11.51,0,0,1,5,0
2999,1531.77,15,43,2,93.35,40.01,0,0,1,5,0
3000,938.93,21,22,0,1195.43,38.35,0,0,0,3,0
3001,162.75,9,32,8,872.39,7.17,0,1,2,1,0
3002,463.87,21,63,6,882.57,46.58,0,0,0,4,0
3003,725.16,7,26,1,603.26,27.47,0,0,0,1,0
3004,7242.25,20,49,4,1887.43,53.02,0,0,0,3,0
3005,1913.24,4,69,1,389.56,109.47,0,1,0,5,0
3006,288.45,6,43,2,177.15,18.45,0,0,0,4,0
3007,1782.97,12,54,5,851.74,21.33,1,0,1,5,0
3008,233.39,15,32,3,3151.08,56.48,0,0,0,5,0
3009,3237.93,4,58,1,2177.82,148.95,0,0,0,3,0
3010,684.63,15,21,4,1423.79,33.29,0,0,2,3,0
3011,998.61,14,53,3,4198.63,9.27,0,0,0,3,0
3012,4129.03,8,37,2,492.73,136.67,0,0,2,1,1
3013,302.73,21,44,3,473.7,31.72,0,0,0,3,0
3014,271.21,22,38,3,555.36,30.87,0,0,1,2,0
3015,611.8,11,39,1,92.48,38.81,0,0,0,1,0
3016,3097.59,7,24,1,2190.6,14.55,0,0,1,5,0
3017,240.0,12,64,4,678.97,76.78,1,1,1,4,1
3018,64.58,4,48,5,410.25,51.23,0,0,0,1,1
3019,698.43,13,34,6,576.41,154.91,0,0,0,3,0
3020,1904.05,15,67,1,315.96,11.4,0,0,2,2,0
3021,3641.9,10,24,3,700.42,48.27,0,0,0,1,0
3022,690.1,19,36,3,445.57,36.35,0,0,0,4,0
3023,726.74,11,45,1,462.52,112.57,0,0,1,1,0
3024,3476.92,14,27,4,330.36,1.54,1,1,1,5,0
3025,169.06,23,44,1,689.1,71.52,1,0,2,3,0
3026,743.58,11,30,3,445.82,48.78,0,0,0,1,0
3027,1326.67,8,19,3,1973.87,46.77,0,0,0,2,0
3028,1718.52,0,39,7,1024.34,104.1,0,0,1,3,1
3029,658.65,2,37,5,233.59,44.56,0,0,3,4,0
3030,1135.06,11,60,2,1086.5,62.93,0,0,0,3,0
3031,91.07,19,22,7,874.51,51.88,0,0,0,1,0
3032,567.79,12,23,5,703.8,3.6,0,0,0,5,0
3033,1725.91,22,52,5,586.62,5.99,0,1,2,3,0
3034,410.64,5,18,1,1704.98,20.66,0,0,1,1,0
3035,1163.26,9,52,5,274.51,56.3,0,0,1,1,0
3036,1714.49,9,20,3,629.88,1.34,0,0,1,5,0
3037,778.56,15,53,4,173.95,74.05,0,0,1,1,0
3038,1300.45,0,24,2,1019.2,11.35,0,0,0,4,0
3039,418.75,15,46,1,631.67,40.99,0,1,1,5,0
3040,891.93,3,32,6,303.52,11.23,1,0,1,4,0
3041,2018.71,5,28,2,771.05,9.68,0,0,1,4,0
3042,1283.02,18,35,3,1981.19,20.34,0,1,1,1,0
3043,610.01,1,61,3,727.15,127.24,0,1,0,3,0
3044,1372.26,17,21,1,188.67,13.58,0,0,0,4,0
3045,2240.85,9,41,1,655.28,2.49,1,0,2,4,0
3046,141.18,3,28,3,841.92,106.96,0,0,1,3,0
3047,3494.95,0,23,2,382.17,28.9,0,0,1,2,0
3048,783.48,14,68,3,3927.88,48.52,0,0,1,2,0
3049,1678.22,9,35,2,208.62,108.48,0,0,0,5,0
3050,3630.94,17,32,5,86.96,70.46,1,0,0,5,0
3051,278.2,15,20,3,314.31,79.61,0,0,0,4,1
3052,539.45,12,34,2,139.94,32.71,0,0,2,3,0
3053,821.76,14,50,2,1415.72,58.13,0,0,1,3,0
3054,500.82,1,51,6,1555.02,165.89,0,0,0,2,0
3055,6216.34,19,47,5,183.35,110.27,1,0,1,1,1
3056,465.55,3,36,4,278.42,47.39,0,0,2,1,0
3057,629.2,0,26,5,251.66,4.46,0,0,2,2,0
3058,1345.32,6,57,4,653.14,194.86,0,0,0,2,0
3059,329.59,22,61,5,968.94,12.78,0,0,1,5,0
3060,738.28,10,48,3,2200.35,22.37,0,1,1,1,0
3061,1506.36,9,44,2,934.27,7.56,0,0,0,5,0
3062,786.14,0,64,1,508.05,9.11,0,0,1,2,1
3063,998.86,10,42,3,489.96,79.43,0,0,2,2,0
3064,645.91,23,24,4,719.18,6.86,0,0,0,2,0
3065,241.18,9,65,3,754.7,10.5,1,0,0,3,0
3066,1512.61,13,24,4,603.03,9.41,0,0,0,2,0
3067,6341.9,13,37,3,719.02,23.12,1,0,1,1,1
3068,1117.0,6,61,2,652.54,59.32,0,0,2,1,0
3069,1373.7,22,66,3,208.21,51.62,0,0,2,2,0
3070,2192.34,10,60,3,748.68,64.49,0,0,1,5,0
3071,308.18,21,53,2,330.4,64.88,1,0,0,5,0
3072,6018.03,3,36,4,784.63,0.15,0,0,0,3,0
3073,1342.55,23,19,3,983.91,57.69,0,0,2,2,0
3074,5607.48,1,51,1,1705.86,57.69,0,0,1,4,0
3075,526.88,6,34,0,647.62,3.21,0,0,2,1,0
3076,6755.16,18,41,3,399.18,27.85,0,0,0,5,0
3077,2380.71,13,26,4,1307.01,4.1,0,1,1,5,0
3078,1906.53,18,18,4,699.77,10.59,0,0,2,1,0
3079,1385.79,6,59,1,3199.89,33.64,0,0,0,5,0
3080,855.32,11,45,4,213.91,0.6,0,0,0,4,1
3081,3642.89,2,32,1,418.21,4.99,1,0,2,1,1
3082,1261.88,14,38,7,375.93,4.44,0,1,2,4,1
3083,153.38,4,32,0,2908.3,6.65,0,1,1,1,0
3084,358.82,7,40,3,957.09,2.55,0,1,0,2,0
3085,910.65,13,19,6,148.9,47.35,0,0,2,5,0
3086,1495.18,3,63,4,158.43,9.84,0,0,0,1,0
3087,1036.3,6,53,7,1322.35,99.24,1,0,0,3,1
3088,3710.68,6,67,4,285.35,108.05,0,0,0,1,1
3089,155.85,17,26,3,667.99,58.73,1,0,1,2,0
3090,1265.96,13,19,0,563.83,3.36,0,0,1,1,0
3091,178.04,7,19,3,3237.67,111.1,0,0,2,1,0
3092,2344.23,11,35,1,550.27,27.12,1,0,1,4,1
3093,997.79,9,34,5,474.5,9.99,0,0,1,5,0
3094,1668.38,13,58,2,1044.59,75.43,0,0,3,4,1
3095,462.26,8,25,3,1619.15,21.29,0,0,1,5,0
3096,3942.08,5,51,5,733.66,35.27,0,0,1,3,0
3097,3107.97,4,51,4,105.99,67.94,0,1,0,3,1
3098,1965.58,0,22,2,1270.28,5.33,0,0,0,4,0
3099,963.41,0,61,2,224.61,9.29,0,0,1,5,1
3100,1958.35,19,46,2,194.73,172.98,0,1,1,2,0
3101,540.83,16,45,2,448.63,62.51,0,1,3,4,1
3102,2580.03,10,33,2,735.13,13.14,0,0,1,1,0
3103,5707.18,11,31,3,2136.61,42.64,0,0,1,4,0
3104,3199.05,2,69,2,130.35,10.41,0,0,1,1,0
3105,528.69,5,19,2,752.8,100.3,0,0,3,4,1
3106,1574.07,10,57,4,2169.17,29.77,0,0,3,5,0
3107,300.92,12,21,2,613.17,82.22,0,0,0,2,0
3108,1943.78,10,69,2,1232.34,178.63,1,0,1,2,0
3109,1720.9,7,58,0,1152.2,197.84,1,0,0,1,0
3110,169.05,9,69,2,421.77,7.4,0,0,1,2,0
3111,343.17,1,48,7,1081.01,144.85,0,0,0,1,0
3112,826.22,23,43,2,730.58,15.76,1,0,2,5,0
3113,811.71,13,44,1,515.84,22.28,0,0,0,2,0
3114,327.18,15,68,3,2385.19,3.25,0,0,0,2,0
3115,1618.05,16,51,2,578.46,51.87,0,1,1,2,0
3116,1410.18,10,48,6,2226.45,51.66,0,0,0,5,0
3117,903.01,1,65,1,506.36,75.04,0,1,2,1,0
3118,515.02,23,28,2,600.48,146.18,0,0,0,5,0
3119,3129.75,22,25,3,552.15,27.95,0,0,0,4,0
3120,5741.11,4,29,3,1540.36,26.16,0,0,0,2,0
3121,676.17,15,52,2,333.05,50.96,0,1,1,1,0
3122,594.57,15,62,3,962.15,55.04,0,1,0,1,0
3123,1792.22,1,51,4,912.62,29.46,0,0,1,2,0
3124,766.6,15,30,3,916.87,125.87,0,0,1,4,1
3125,953.94,4,44,1,3426.27,2.68,0,0,0,1,0
3126,2297.68,7,25,4,561.16,70.61,1,0,1,4,0
3127,162.49,19,64,4,5917.26,11.66,1,0,0,4,0
3128,4098.2,13,38,4,1631.32,34.19,0,0,0,3,0
3129,1179.3,9,58,2,209.04,95.36,0,0,2,3,0
3130,726.69,22,28,6,267.35,19.99,0,1,2,3,0
3131,1003.02,1,39,3,1512.99,114.97,0,1,0,1,1
3132,1056.2,2,38,0,366.68,29.95,0,0,0,5,0
3133,194.18,17,45,4,809.94,60.66,1,0,0,1,0
3134,4889.95,20,20,2,382.06,64.13,0,0,1,4,1
3135,1142.9,1,24,1,459.4,15.11,0,0,1,5,0
3136,1707.87,20,31,0,542.44,115.46,0,0,0,1,0
3137,2839.97,8,32,2,1463.42,6.65,0,0,0,3,0
3138,394.98,1,26,3,555.38,44.59,1,0,0,3,0
3139,1760.71,6,69,1,2083.0,132.26,1,0,1,1,1
3140,839.12,6,60,1,304.87,1.57,0,0,0,5,0
3141,2557.46,13,24,4,1255.85,37.88,0,0,0,4,0
3142,130.68,4,29,2,789.21,14.15,1,0,1,2,0
3143,993.17,7,36,0,247.65,10.69,1,0,3,5,1
3144,600.15,22,44,3,414.93,13.31,1,0,1,4,0
3145,1689.63,21,35,4,605.34,116.49,0,0,1,4,0
3146,1754.68,17,30,1,1793.03,27.71,0,0,1,3,0
3147,540.43,5,60,2,601.4,13.45,0,0,1,1,0
3148,537.98,13,18,4,3478.27,131.25,0,1,0,1,0
3149,981.75,17,55,0,515.5,19.4,0,0,1,5,0
3150,447.36,16,38,5,719.62,64.27,0,0,1,2,0
3151,2545.25,8,51,4,1915.72,38.52,1,0,2,1,0
3152,758.08,12,30,1,242.87,56.84,0,0,0,1,0
3153,59.92,15,62,3,1739.42,10.09,0,0,1,3,0
3154,753.84,20,68,3,395.36,56.74,0,0,2,2,0
3155,388.17,9,58,2,551.88,118.13,1,1,1,1,1
3156,214.59,9,68,1,812.75,5.32,0,0,0,2,0
3157,318.17,3,40,2,348.64,19.77,0,1,2,4,1
3158,1223.42,11,18,1,5592.56,179.87,0,0,0,4,0
3159,4140.79,7,40,3,794.95,12.76,0,0,0,1,0
3160,1499.95,14,45,5,742.66,3.07,0,0,1,2,0
3161,597.94,20,49,4,415.02,2.83,0,0,1,2,0
3162,1730.05,22,25,6,227.36,16.1,0,0,0,1,0
3163,692.92,18,43,2,1650.59,34.15,0,0,1,1,0
3164,547.52,14,31,2,535.54,15.66,0,0,2,3,0
3165,345.72,7,41,1,866.68,16.49,0,0,0,5,0
3166,190.22,7,65,2,304.6,89.02,0,0,0,1,0
3167,742.54,18,46,3,1275.54,72.82,1,0,0,2,0
3168,1284.41,8,21,4,517.1,18.61,0,0,0,2,0
3169,995.63,23,35,3,177.32,21.15,0,0,0,4,0
3170,723.45,16,31,5,527.66,174.79,0,0,1,1,0
3171,425.92,7,44,2,1240.31,149.94,0,0,0,3,0
3172,2014.74,11,58,3,1064.51,180.78,0,0,0,3,1
3173,293.79,14,64,0,904.14,140.01,0,0,0,5,0
3174,2382.79,3,20,3,646.69,49.45,0,0,0,3,0
3175,402.54,5,47,2,685.91,18.43,1,0,1,5,0
3176,516.75,15,53,2,426.37,174.5,1,0,0,1,0
3177,252.96,4,40,4,1684.4,67.9,0,0,1,2,0
3178,664.21,22,35,4,638.74,62.11,0,0,0,1,0
3179,2908.27,12,63,2,436.69,79.88,1,0,0,5,0
3180,1836.52,14,64,3,2787.71,45.62,1,0,1,2,0
3181,2917.32,16,57,6,1791.09,43.76,0,0,3,1,0
3182,1848.52,21,27,0,718.88,22.42,0,0,0,1,0
3183,363.7,19,29,2,502.3,8.17,0,0,1,4,0
3184,787.77,21,58,0,514.67,28.86,0,0,1,5,0
3185,502.6,4,25,4,307.77,36.43,0,1,0,2,0
3186,4148.8,18,49,1,1425.48,105.11,0,0,0,3,0
3187,331.36,6,34,1,2896.12,25.67,0,0,2,4,0
3188,2680.34,2,58,4,1052.0,107.29,0,1,1,4,0
3189,2678.34,12,62,1,2301.53,19.1,1,0,0,1,0
3190,6833.69,13,31,2,1324.54,144.73,0,0,1,2,0
3191,728.01,15,54,1,205.25,1.99,0,0,2,2,0
3192,2235.73,12,26,6,2144.71,37.26,0,0,2,4,0
3193,10739.16,1,43,8,555.84,19.4,0,0,2,3,0
3194,591.32,13,65,4,792.62,17.44,1,0,0,4,0
3195,236.27,19,68,2,321.24,4.14,0,1,0,1,0
3196,167.33,6,41,1,163.39,57.17,1,0,0,3,0
3197,2236.6,4,40,3,404.31,24.92,1,1,2,5,0
3198,166.81,13,48,2,828.32,148.85,0,0,1,2,0
3199,755.73,8,56,3,737.39,62.31,0,0,1,2,0
3200,1698.18,9,61,5,1258.31,29.25,0,0,2,5,0
3201,1319.72,6,19,2,838.92,49.35,0,0,1,5,0
3202,1678.15,13,67,2,751.69,3.41,1,0,1,3,0
3203,1369.62,13,35,7,430.46,44.47,0,0,1,2,0
3204,3939.72,1,33,5,3359.04,54.85,0,0,0,1,0
3205,423.13,16,46,5,3215.22,5.61,1,0,2,2,0
3206,557.24,19,28,3,824.23,57.35,0,0,2,3,0
3207,506.41,3,19,2,219.59,32.12,0,0,0,4,0
3208,2515.41,12,31,3,893.85,32.66,0,0,2,3,0
3209,2698.36,17,21,4,242.77,64.29,0,0,1,5,0
3210,1721.97,2,56,4,217.49,29.87,0,0,2,3,0
3211,3581.34,18,51,1,1479.84,13.35,1,0,1,4,0
3212,337.63,4,63,2,335.87,17.71,0,0,0,3,0
3213,5809.35,0,56,5,448.66,67.04,0,0,0,1,0
3214,5030.32,8,26,1,1386.12,3.68,0,0,0,5,0
3215,2288.43,23,57,4,972.27,91.89,1,0,1,4,0
3216,6514.59,7,58,4,1165.02,43.64,1,0,1,3,1
3217,209.22,2,24,3,2806.75,64.91,0,0,1,1,1
3218,649.08,1,68,5,434.09,21.06,1,0,2,2,0
3219,525.68,0,34,3,873.43,12.6,0,0,1,3,1
3220,2256.29,11,40,6,2213.33,81.63,0,0,0,3,0
3221,383.7,21,62,2,317.85,5.39,0,0,1,2,0
3222,2339.04,12,28,4,598.56,9.07,0,0,0,2,0
3223,4317.95,9,39,4,1327.18,16.77,1,0,0,1,0
3224,2197.78,16,35,4,248.26,21.63,0,0,0,4,0
3225,1456.44,10,66,3,799.61,11.39,0,1,2,3,0
3226,408.35,4,45,0,528.39,121.88,0,0,3,5,0
3227,470.2,8,33,0,322.02,1.38,0,0,2,3,0
3228,3826.17,12,59,3,1741.65,81.35,0,0,0,4,0
3229,2390.72,19,21,1,1386.83,26.47,0,0,1,2,0
3230,1054.67,22,53,6,1019.94,90.43,0,0,0,1,0
3231,722.05,10,39,4,1171.46,79.47,0,1,3,3,0
3232,144.63,22,28,6,483.03,6.45,0,0,0,2,0
3233,375.83,3,38,1,694.25,54.89,0,0,1,4,0
3234,7416.18,20,57,5,344.76,23.78,0,1,1,5,0
3235,304.77,10,58,4,1234.58,86.02,0,0,0,5,0
3236,1325.41,8,33,4,322.58,95.2,0,0,0,5,0
3237,3003.23,6,59,2,446.31,10.48,0,0,1,2,0
3238,312.65,15,26,2,293.47,32.57,1,1,0,3,0
3239,1319.11,22,52,4,791.15,45.12,0,0,0,2,0
3240,2801.51,22,51,3,540.64,39.27,0,0,0,4,0
3241,1110.43,4,26,6,917.84,14.5,0,0,1,4,0
3242,19310.48,5,30,2,391.25,15.91,0,1,2,3,1
3243,206.73,18,23,5,363.58,97.66,1,0,1,5,0
3244,3161.27,0,21,2,943.87,1.66,0,0,0,4,1
3245,922.6,15,63,1,597.41,15.22,0,0,0,5,0
3246,2373.02,17,45,2,6458.91,12.62,0,1,0,1,0
3247,1704.98,23,28,5,1120.8,23.15,0,1,0,5,0
3248,526.81,12,51,3,744.55,57.93,0,0,1,2,0
3249,1378.84,0,52,9,1877.92,37.99,0,0,1,2,0
3250,171.07,9,22,1,1482.7,38.89,0,0,1,1,0
3251,2004.7,6,56,3,770.24,65.71,0,1,0,3,0
3252,1477.58,4,28,4,7606.32,83.61,0,0,0,1,0
3253,2076.96,12,29,1,1676.91,8.71,0,0,0,2,0
3254,3159.34,21,60,3,272.88,5.72,0,0,3,2,0
3255,1583.86,15,36,2,509.26,17.92,1,0,0,2,0
3256,1271.67,23,30,1,158.78,87.88,0,0,0,3,0
3257,454.38,19,21,3,206.12,39.02,1,0,1,3,0
3258,537.96,21,31,4,7235.28,7.71,0,0,1,5,0
3259,3592.97,13,61,2,1961.34,8.94,1,0,1,4,0
3260,4611.62,10,19,1,172.89,114.27,0,0,1,4,0
3261,864.27,18,25,2,662.21,22.86,0,0,0,2,0
3262,1148.26,22,39,5,500.43,14.74,0,0,0,4,0
3263,443.81,1,68,2,5548.72,59.17,0,0,0,4,1
3264,3543.1,7,30,2,101.09,98.59,0,1,0,1,0
3265,2133.28,12,38,0,400.27,29.21,0,1,1,3,1
3266,7640.49,6,38,1,403.66,78.3,1,0,0,4,1
3267,455.63,11,45,1,375.97,28.11,0,0,3,1,0
3268,751.44,7,50,0,817.45,58.79,0,1,1,5,0
3269,1382.22,15,46,4,1353.74,42.76,0,0,1,5,1
3270,2093.28,17,54,1,438.39,112.43,0,0,0,5,0
3271,883.89,18,39,6,625.43,19.66,0,0,2,5,0
3272,458.08,3,43,1,309.89,73.58,1,0,2,4,0
3273,2647.6,11,28,2,330.66,57.59,0,0,2,3,0
3274,2255.52,15,28,3,924.16,91.26,0,0,0,2,0
3275,438.66,20,62,4,1056.01,46.77,1,0,0,2,0
3276,4253.27,21,51,0,152.11,30.82,0,0,0,2,0
3277,3534.05,16,36,5,371.36,2.54,1,0,0,1,0
3278,1254.25,3,65,6,513.8,91.53,0,0,1,1,0
3279,1187.49,19,54,1,488.69,120.36,1,0,0,5,0
3280,1908.47,23,31,2,538.51,29.86,0,1,1,1,0
3281,463.26,23,46,1,89.37,12.57,0,0,0,4,0
3282,1130.07,21,36,4,1568.68,52.09,0,0,1,3,0
3283,127.44,23,54,4,625.35,6.49,1,0,0,3,0
3284,2634.52,8,38,4,6288.03,2.09,0,0,0,1,0
3285,230.1,4,41,4,1099.49,17.13,1,0,0,5,1
3286,4931.61,16,43,7,903.32,56.96,0,1,0,3,0
3287,788.3,16,58,4,335.06,84.16,0,0,0,2,0
3288,887.43,1,29,3,417.67,8.53,0,0,3,4,1
3289,585.38,1,65,8,1263.94,146.08,0,0,2,1,0
3290,822.18,20,36,5,533.1,40.16,1,0,1,1,1
3291,4530.25,22,64,4,382.0,129.69,0,0,2,1,1
3292,91.12,6,66,6,3015.1,8.11,0,0,1,4,0
3293,3932.24,3,47,3,896.2,30.62,0,0,0,4,0
3294,1537.67,12,32,3,1255.39,28.18,0,0,1,1,0
3295,327.99,19,20,1,520.18,26.53,1,0,0,4,1
3296,374.16,10,66,3,1764.83,133.53,0,0,1,2,0
3297,5862.86,2,30,3,435.17,94.66,0,0,1,3,0
3298,426.02,1,26,4,1723.92,79.06,1,0,0,5,0
3299,346.07,15,30,1,464.67,16.85,0,0,0,4,0
3300,3419.72,2,33,4,2459.89,20.7,1,0,1,2,0
3301,1538.48,23,68,2,1898.28,15.01,0,0,0,2,0
3302,429.26,14,31,2,475.72,78.87,0,0,0,1,0
3303,1361.88,16,25,5,4105.75,24.95,0,0,0,5,0
3304,393.17,15,36,1,747.04,192.42,0,0,1,3,0
3305,3297.18,19,49,1,2640.81,22.65,1,0,0,4,0
3306,3169.63,6,52,0,271.65,9.3,0,1,1,4,0
3307,1866.85,15,40,2,1169.54,132.86,0,0,0,1,0
3308,1574.45,4,38,5,917.28,76.33,0,0,1,2,0
3309,6381.69,1,35,2,488.16,43.76,0,0,2,5,1
3310,1096.29,0,65,2,1438.04,97.75,0,0,0,3,0
3311,336.34,21,31,1,1890.76,149.24,0,0,0,2,0
3312,1718.96,12,33,2,1023.91,98.8,0,0,1,3,0
3313,8831.21,15,41,2,913.03,117.44,0,0,1,3,1
3314,397.52,4,66,4,824.37,15.82,0,0,2,5,0
3315,763.98,2,69,3,1013.87,35.75,0,0,1,2,1
3316,1663.11,14,49,1,1264.3,79.31,0,1,2,5,1
3317,1039.08,15,28,1,1214.47,37.33,0,0,1,1,0
3318,410.63,10,62,2,1082.82,51.34,0,0,0,1,0
3319,3367.27,18,28,6,467.27,128.1,0,0,2,1,1
3320,11159.44,17,21,5,1494.87,17.5,1,0,0,3,0
3321,1334.26,20,43,1,1056.31,38.76,1,0,0,2,0
3322,444.05,8,63,1,908.71,41.45,0,1,0,4,0
3323,233.0,7,22,4,558.49,22.28,1,0,2,4,0
3324,1419.38,21,53,2,1469.18,22.96,0,1,1,1,0
3325,3307.27,18,50,1,130.23,73.28,0,0,1,1,1
3326,1763.7,21,31,2,636.69,132.62,0,0,1,4,0
3327,1094.0,4,49,4,487.87,50.22,1,0,0,1,1
3328,608.34,16,24,0,454.98,33.47,0,1,1,1,0
3329,367.91,4,27,4,539.72,69.39,0,0,2,1,0
3330,2526.91,13,19,1,291.43,306.17,0,1,1,1,0
3331,2734.69,6,27,3,504.89,4.3,0,0,2,3,0
3332,233.75,8,52,6,259.63,52.72,0,0,1,1,0
3333,5376.75,16,38,6,926.65,40.61,0,0,1,4,0
3334,1947.05,2,57,3,1413.22,47.11,0,0,4,2,0
3335,4445.26,7,59,4,1542.4,1.15,1,0,1,5,0
3336,286.54,21,25,4,1031.67,155.81,1,0,2,4,0
3337,279.83,12,63,4,424.65,4.46,0,0,2,2,0
3338,944.85,15,35,2,274.68,18.37,0,1,1,4,0
3339,1813.08,20,26,7,395.12,17.71,0,0,1,1,0
3340,6610.14,9,58,2,516.19,66.05,1,0,0,4,0
3341,2221.81,17,47,4,401.67,55.58,0,0,1,1,1
3342,860.33,2,21,2,4642.59,3.19,0,0,0,5,0
3343,392.93,11,52,5,1169.02,8.11,0,0,1,4,0
3344,3751.84,15,31,2,1057.18,19.19,1,0,0,4,0
3345,417.92,17,31,4,852.88,60.89,1,0,1,5,0
3346,5588.51,16,65,3,444.87,132.42,0,0,0,3,0
3347,825.19,6,54,2,742.59,18.95,0,0,0,2,0
3348,5380.74,18,37,4,1161.45,37.28,0,0,0,5,1
3349,2162.31,22,46,3,1438.81,23.31,0,1,0,4,0
3350,956.24,22,40,0,843.7,43.06,0,0,2,1,0
3351,652.36,7,64,3,1224.4,49.44,0,0,0,2,0
3352,779.84,16,38,4,453.13,36.52,0,0,2,5,0
3353,1682.97,20,48,4,189.31,24.63,0,0,0,4,0
3354,1184.6,6,49,2,1904.69,105.92,0,0,0,3,0
3355,605.58,0,58,4,413.28,80.95,1,0,2,2,1
3356,929.24,7,24,6,411.89,322.06,0,0,0,2,0
3357,1186.28,18,30,4,329.51,26.61,0,0,0,4,0
3358,130.49,19,40,2,851.43,1.98,0,0,0,5,0
3359,1733.97,19,25,5,432.4,52.69,0,0,1,2,0
3360,411.69,9,29,3,2187.41,76.49,0,0,0,5,0
3361,346.08,11,53,4,2141.34,138.06,0,1,0,4,1
3362,202.89,23,33,3,907.12,0.52,0,0,1,2,0
3363,182.38,0,43,4,380.27,105.84,0,1,0,2,0
3364,282.75,23,46,1,2943.9,36.36,0,0,1,2,0
3365,539.68,20,46,5,1674.78,23.49,1,1,0,1,0
3366,7733.05,3,23,8,390.48,12.55,0,0,1,3,0
3367,648.15,3,54,2,933.43,84.13,0,0,1,4,1
3368,1309.96,8,50,4,837.23,22.61,0,0,0,4,0
3369,1636.77,14,48,4,1065.71,46.39,0,0,0,1,0
3370,1250.21,23,63,4,748.73,35.84,0,0,1,2,0
3371,1014.91,14,58,4,677.56,15.27,0,0,0,5,0
3372,331.86,6,35,3,6981.03,77.51,1,0,1,1,0
3373,4679.41,11,55,4,1072.81,17.7,0,0,1,2,0
3374,6682.16,2,64,3,395.8,77.4,0,1,2,1,1
3375,203.84,19,48,2,487.88,26.34,0,0,0,3,0
3376,393.85,8,33,1,3031.83,1.53,1,0,1,1,0
3377,828.97,13,57,0,530.92,72.93,1,1,0,1,1
3378,417.99,12,68,2,330.79,114.77,0,0,0,2,0
3379,1818.86,23,54,4,733.32,6.38,1,0,1,2,0
3380,529.39,11,31,1,606.54,44.0,0,0,0,4,0
3381,9557.26,0,56,1,2161.75,3.72,0,0,0,3,0
3382,3606.7,18,21,1,2518.89,88.56,0,0,0,3,0
3383,1356.38,15,47,3,558.82,220.97,0,0,0,4,0
3384,3062.5,11,50,1,1375.75,34.16,1,0,0,4,1
3385,3313.96,9,53,5,639.66,18.8,0,0,1,4,0
3386,623.94,1,47,1,373.33,93.46,1,0,0,2,0
3387,484.82,17,31,2,2990.68,36.78,0,1,0,3,0
3388,1185.76,12,40,4,3403.99,29.8,0,0,0,1,0
3389,2595.76,23,65,0,948.12,12.93,1,0,1,2,0
3390,1260.24,5,45,5,434.2,47.86,0,0,2,1,0
3391,226.56,11,24,2,327.91,46.61,0,0,0,5,0
3392,491.36,21,59,2,1220.86,15.25,0,0,1,2,0
3393,1018.44,3,27,6,2090.62,11.88,0,0,2,5,1
3394,1016.72,0,21,4,814.1,28.86,0,0,0,1,0
3395,7883.62,10,61,3,1749.42,29.97,0,1,1,3,1
3396,274.24,22,55,1,615.0,6.87,0,1,0,2,1
3397,1818.18,7,30,3,467.35,16.15,1,0,1,3,0
3398,4861.55,1,38,2,899.93,8.74,0,0,0,5,0
3399,10630.15,1,50,5,147.08,115.86,1,1,0,4,1
3400,731.87,15,57,1,498.8,3.86,1,0,2,3,0
3401,1792.61,0,45,3,1419.34,105.5,0,0,0,2,0
3402,1938.68,3,40,4,105.74,37.53,0,0,2,4,0
3403,1333.39,5,49,3,264.24,54.73,1,1,1,3,0
3404,993.42,20,65,3,664.01,128.36,0,0,1,2,0
3405,1695.91,19,22,2,284.75,22.74,0,0,0,4,0
3406,87.16,13,43,3,505.71,60.64,0,0,1,5,0
3407,2169.1,19,56,6,145.31,55.69,0,0,0,5,0
3408,1244.11,14,43,3,1236.09,222.61,0,0,3,3,0
3409,877.89,6,20,3,1776.73,2.36,0,0,1,1,0
3410,8491.85,6,41,6,219.82,30.39,0,0,0,2,0
3411,558.39,17,51,6,878.68,228.08,1,1,0,3,1
3412,732.84,22,51,3,631.09,19.87,0,0,0,3,0
3413,8034.93,1,37,3,1071.98,168.58,0,0,0,1,0
3414,477.2,19,47,4,2409.13,84.84,0,0,0,3,0
3415,632.63,14,59,4,296.83,20.72,0,0,1,4,0
3416,946.69,0,37,2,2028.38,1.48,0,0,0,4,0
3417,2542.07,20,58,0,2864.43,16.45,0,1,0,5,0
3418,1349.92,16,35,1,185.03,6.6,0,0,1,1,0
3419,301.08,19,55,5,1634.88,27.97,1,0,2,5,0
3420,644.09,12,37,1,372.66,140.27,0,0,1,4,0
3421,597.44,11,23,5,1235.67,35.94,0,0,0,4,0
3422,1015.14,23,59,3,395.67,29.67,1,0,1,5,0
3423,1678.82,21,42,4,476.4,12.15,0,0,0,3,0
3424,1666.04,14,58,2,441.08,48.57,0,0,1,5,0
3425,185.67,23,58,4,343.19,30.38,1,1,0,2,0
3426,3177.79,4,20,8,1348.92,74.08,0,0,1,5,0
3427,1411.73,6,61,0,1090.99,36.3,0,0,2,4,0
3428,4378.81,7,60,5,1113.13,108.83,0,0,0,4,0
3429,1709.91,22,63,0,551.92,76.4,1,1,3,4,0
3430,3298.83,13,36,4,598.2,7.84,0,0,1,2,0
3431,1748.56,3,27,2,999.75,7.31,0,0,0,1,0
3432,4214.25,20,68,5,388.23,1.23,0,0,1,3,0
3433,1848.72,13,22,1,500.1,23.02,0,0,0,5,0
3434,994.35,9,39,1,1550.36,2.81,0,0,0,3,0
3435,10640.63,21,26,2,1009.83,29.89,0,0,0,2,0
3436,2667.87,15,50,4,1868.32,13.81,1,0,0,5,0
3437,1946.41,10,32,1,97.78,34.48,0,0,3,1,0
3438,306.03,21,41,2,2392.89,8.62,1,0,0,4,0
3439,302.38,13,47,5,1550.12,39.84,1,0,0,4,0
3440,1469.56,13,53,5,1573.35,169.71,0,0,2,2,0
3441,1268.41,1,56,4,203.32,50.7,0,0,0,5,0
3442,593.41,21,23,1,474.84,41.55,0,0,0,2,0
3443,1262.67,12,32,3,525.71,77.57,0,0,0,4,0
3444,5370.23,2,55,4,845.04,0.28,0,0,1,1,0
3445,2198.22,17,56,2,3060.21,16.6,1,1,1,5,1
3446,350.37,21,69,2,870.77,217.06,0,0,2,3,0
3447,980.92,3,39,2,1888.23,76.31,1,0,1,1,1
3448,490.31,20,20,2,2252.48,4.73,0,0,1,1,0
3449,744.19,20,46,2,1283.05,19.76,0,0,0,2,0
3450,725.15,18,46,4,883.78,28.98,0,0,0,2,0
3451,680.18,15,48,1,1989.73,136.35,0,1,0,3,0
3452,312.58,3,62,2,209.05,44.12,0,0,0,5,0
3453,965.21,18,19,5,1223.98,4.02,0,0,0,4,0
3454,626.03,22,52,5,2514.62,35.57,0,0,2,4,0
3455,58.59,14,62,3,828.69,17.08,1,0,1,2,0
3456,8543.89,0,26,1,1178.99,20.68,0,0,1,4,0
3457,3257.68,15,39,3,1668.09,6.07,0,0,1,1,0
3458,752.72,14,36,2,544.0,30.69,0,0,0,1,0
3459,1117.47,15,67,1,8170.18,55.36,1,1,1,5,0
3460,339.8,21,54,3,279.37,71.26,1,0,1,5,1
3461,5977.29,19,27,7,162.92,59.44,0,0,3,1,0
3462,7312.12,0,63,3,1278.1,54.02,0,0,0,5,0
3463,1282.66,16,38,3,442.55,101.71,0,0,0,4,0
3464,3051.93,4,34,5,833.5,20.2,0,0,1,3,0
3465,1306.73,4,20,3,898.46,12.08,0,0,0,1,0
3466,288.09,6,24,1,1028.36,4.68,0,0,0,2,0
3467,726.46,12,58,5,251.02,9.06,1,0,2,5,0
3468,1251.29,11,54,2,394.93,8.09,0,0,3,1,0
3469,696.07,3,53,1,1782.37,121.8,1,0,0,3,1
3470,881.25,3,20,4,463.02,9.95,0,0,0,2,0
3471,1000.85,22,30,3,647.16,4.93,0,0,0,4,0
3472,1011.43,20,58,2,445.73,25.56,0,0,1,4,0
3473,1155.47,20,47,4,1034.46,9.29,0,0,2,4,0
3474,379.71,5,40,0,497.89,7.0,0,0,0,4,1
3475,535.38,23,24,2,2551.87,22.5,0,0,1,2,0
3476,303.51,14,47,3,370.41,125.9,0,0,4,3,0
3477,2915.56,20,46,3,219.74,1.55,1,0,0,5,0
3478,133.53,18,25,2,263.96,11.64,1,0,1,3,0
3479,3475.84,5,27,3,1728.61,86.93,0,0,2,2,0
3480,4386.77,11,50,3,261.55,14.07,0,0,4,2,0
3481,810.64,13,37,3,231.85,29.09,0,0,0,4,0
3482,81.2,17,46,2,1269.71,5.19,0,0,3,4,0
3483,764.09,11,46,1,2908.76,79.28,0,1,1,5,0
3484,1028.46,23,38,6,3829.21,66.68,0,1,0,3,0
3485,399.18,23,18,3,622.73,6.85,0,0,1,5,1
3486,655.1,14,68,1,58.72,147.79,0,0,1,5,0
3487,5065.43,18,51,3,592.36,44.66,0,0,2,1,0
3488,2132.24,7,61,5,1836.55,80.01,0,0,3,1,0
3489,435.04,8,49,0,297.67,72.15,0,0,0,1,0
3490,221.94,4,62,3,439.48,36.6,0,0,0,3,0
3491,790.75,4,31,5,890.3,68.82,0,1,1,4,1
3492,885.85,5,54,2,1802.97,13.58,0,0,1,3,0
3493,1801.18,22,52,5,319.21,1.07,0,0,1,1,0
3494,642.06,2,41,5,1646.03,20.93,1,0,1,2,0
3495,1828.95,4,66,1,1229.22,8.27,0,0,0,4,0
3496,7594.31,0,18,3,567.41,198.38,0,0,1,3,0
3497,2478.73,10,63,3,1294.3,128.61,0,0,0,1,0
3498,1045.15,20,23,2,1562.69,7.78,0,0,2,1,0
3499,913.1,19,66,7,2623.76,21.08,1,1,1,2,0
3500,767.64,0,21,7,2342.07,35.6,1,1,1,4,0
3501,3571.14,6,55,2,280.59,25.44,1,0,1,1,1
3502,585.63,14,18,1,1023.73,60.2,0,0,1,2,0
3503,1147.36,16,58,3,674.92,35.01,0,0,1,2,0
3504,1154.24,7,48,2,937.27,41.65,0,0,2,4,0
3505,663.96,1,53,7,724.66,56.6,0,1,3,1,0
3506,277.98,12,26,3,794.78,1.2,0,1,2,1,0
3507,1514.7,11,58,3,691.06,0.63,0,0,4,4,0
3508,1031.73,4,62,7,423.75,9.81,1,0,1,4,1
3509,1808.48,12,40,3,848.1,63.35,0,0,0,5,0
3510,643.16,5,48,3,1459.59,13.75,0,0,0,2,0
3511,3717.55,14,46,6,601.0,126.4,0,0,0,4,1
3512,456.33,22,66,4,461.55,4.09,1,1,1,4,1
3513,6075.63,21,38,3,827.91,43.36,1,0,0,4,0
3514,191.02,20,20,4,943.03,1.29,1,0,1,2,0
3515,1693.87,21,43,4,402.38,178.88,1,0,0,4,1
3516,1764.16,10,23,1,505.77,12.02,0,0,0,2,0
3517,494.94,3,37,2,283.41,44.29,0,1,0,2,0
3518,1676.38,0,64,3,911.92,152.94,0,0,2,3,0
3519,3942.3,14,63,2,537.26,1.54,0,0,1,5,0
3520,119.48,11,30,0,2101.12,35.95,0,0,2,5,0
3521,1813.01,8,58,1,1063.35,37.4,1,0,1,5,0
3522,90.62,10,40,0,1216.05,21.65,0,0,1,4,0
3523,417.52,4,32,3,795.21,53.15,0,1,0,5,0
3524,5592.41,23,63,0,1418.81,39.1,0,0,1,3,0
3525,612.91,6,48,2,191.25,14.33,0,0,2,2,0
3526,339.04,7,21,1,690.43,61.09,0,0,1,4,1
3527,899.7,0,28,2,546.05,31.38,0,0,1,4,0
3528,8672.45,0,19,0,1752.37,31.77,0,0,1,3,0
3529,175.62,2,33,7,252.49,151.74,0,0,0,2,0
3530,383.25,7,68,3,839.54,38.29,0,0,2,5,0
3531,4902.16,10,48,2,1967.24,76.78,0,0,2,2,0
3532,7028.32,0,65,4,651.58,101.02,0,0,0,2,0
3533,988.88,13,56,1,648.76,43.46,0,1,0,1,0
3534,317.65,0,60,4,879.93,77.18,0,0,0,5,0
3535,8918.15,5,61,5,593.5,18.52,0,0,0,4,0
3536,5401.56,20,21,3,973.99,10.04,0,0,1,3,1
3537,2162.34,5,65,2,1711.3,59.46,0,0,0,2,0
3538,486.68,2,45,0,912.49,130.31,0,1,1,1,1
3539,1044.16,9,33,0,692.19,2.17,0,0,0,4,0
3540,934.15,11,56,4,1328.57,72.0,0,0,0,3,0
3541,1526.68,9,42,0,2391.31,1.44,0,0,3,5,0
3542,4679.76,21,30,4,419.91,30.68,1,0,0,4,0
3543,2642.33,1,22,5,3222.05,56.53,0,0,1,5,0
3544,373.39,23,47,2,443.75,25.99,1,0,1,5,0
3545,4343.76,21,18,0,951.24,17.9,0,0,1,1,0
3546,1499.87,12,22,1,915.12,10.34,1,0,1,2,0
3547,2179.97,15,31,6,958.86,190.54,1,0,0,5,0
3548,4753.05,12,28,1,189.14,42.24,0,0,4,1,0
3549,360.83,3,51,0,260.72,6.84,0,0,0,1,0
3550,1058.04,3,46,2,511.68,2.47,1,0,0,3,0
3551,644.55,10,35,3,414.94,13.95,0,0,0,1,0
3552,228.64,22,32,7,1059.7,38.68,0,0,1,4,0
3553,1551.09,13,63,3,1822.69,69.71,0,1,1,5,1
3554,13515.01,2,42,4,135.43,198.06,1,1,3,1,1
3555,174.15,18,47,4,277.18,89.77,0,0,0,5,0
3556,1061.8,21,62,1,454.09,47.33,0,0,1,5,0
3557,2080.87,0,19,3,282.39,54.9,0,0,1,2,0
3558,1240.26,4,68,1,530.52,36.91,0,0,1,4,0
3559,979.33,16,57,4,348.42,28.51,0,1,1,1,1
3560,299.1,0,44,4,1023.9,76.79,1,1,0,5,1
3561,1384.07,18,66,5,6072.44,9.76,1,1,1,4,0
3562,514.52,18,32,3,348.87,20.32,1,0,1,2,0
3563,122.74,3,49,6,1887.06,192.41,0,0,0,3,0
3564,3621.31,18,37,3,5696.03,42.4,0,0,1,2,0
3565,2859.45,5,31,2,404.09,34.51,0,0,0,1,0
3566,1154.78,14,44,1,3886.79,95.12,0,0,0,1,0
3567,1378.95,3,20,7,342.38,71.78,0,0,0,5,1
3568,3210.94,23,66,8,1856.27,19.73,1,1,1,4,0
3569,1372.43,0,20,2,362.75,49.17,1,0,0,2,0
3570,2708.14,23,30,5,155.56,10.25,0,0,1,4,0
3571,814.45,16,42,3,1578.3,2.72,0,1,0,5,0
3572,4072.38,10,35,5,1041.61,229.51,0,0,3,3,0
3573,1511.39,16,18,2,643.02,66.82,0,1,2,1,0
3574,1331.49,22,56,4,182.49,133.51,0,0,1,4,0
3575,307.95,0,22,1,1962.23,89.16,1,0,1,1,0
3576,1461.12,8,19,3,1631.48,27.94,1,0,1,5,0
3577,477.25,13,47,4,158.61,98.82,1,0,1,3,0
3578,579.24,14,34,2,816.61,77.25,0,0,2,2,0
3579,485.23,23,46,2,1057.68,14.94,0,0,2,4,0
3580,377.57,0,59,4,273.95,48.78,0,0,1,1,0
3581,9179.9,1,21,3,1519.76,18.19,0,0,0,3,0
3582,4151.97,17,26,2,5024.84,13.33,0,1,0,1,0
3583,7482.84,17,38,2,1609.18,4.26,1,0,0,1,0
3584,322.82,5,60,4,2767.04,39.17,0,0,2,5,0
3585,1177.62,19,29,6,1399.42,24.91,0,1,0,3,1
3586,300.81,7,29,1,275.13,4.61,1,0,4,5,0
3587,546.92,0,67,2,1329.75,63.36,0,0,0,5,0
3588,437.85,14,21,3,237.61,64.2,1,0,2,4,0
3589,3787.96,9,45,1,445.9,13.41,0,0,0,2,0
3590,737.87,3,26,4,549.16,156.07,0,0,1,2,1
3591,3191.92,9,57,3,501.47,75.22,0,0,0,5,0
3592,2006.45,10,68,4,353.89,81.82,0,0,0,5,1
3593,10977.89,4,49,4,544.67,0.19,1,1,2,1,0
3594,249.77,8,30,3,604.27,191.84,0,0,1,1,0
3595,3863.13,4,51,1,1867.04,231.75,0,0,1,3,0
3596,3451.07,10,36,3,938.02,35.38,1,0,0,4,0
3597,414.31,2,31,5,1473.97,210.04,0,0,0,5,0
3598,3002.3,3,22,2,551.99,47.36,1,0,0,1,0
3599,1534.78,9,44,2,1442.47,7.19,0,0,1,2,0
3600,873.51,6,45,4,142.54,84.16,0,1,2,5,0
3601,481.09,0,43,6,239.16,40.83,0,0,1,4,1
3602,534.26,5,27,1,1492.15,20.95,0,0,2,4,0
3603,8516.94,7,41,3,413.76,13.47,0,1,1,5,0
3604,1097.38,16,34,3,725.32,36.58,0,0,0,1,0
3605,2397.38,23,69,4,102.55,58.84,0,0,0,2,0
3606,497.25,6,33,3,490.27,104.78,1,0,0,1,0
3607,502.78,0,34,4,245.04,45.64,0,0,2,5,0
3608,3235.65,8,18,0,386.33,26.83,0,0,3,1,0
3609,284.41,10,38,1,733.92,50.0,0,1,1,3,0
3610,724.0,18,64,5,721.88,34.35,0,0,2,3,0
3611,1134.59,1,66,3,548.14,52.78,0,0,0,1,0
3612,1225.83,22,60,2,1370.26,46.95,0,0,0,3,0
3613,916.82,10,39,1,468.08,192.41,0,0,1,1,0
3614,1629.16,2,22,3,538.77,48.68,0,0,1,3,0
3615,2192.63,16,53,3,255.58,58.73,0,0,1,4,0
3616,2286.18,9,38,2,1756.32,111.46,0,0,1,2,1
3617,409.2,2,26,3,347.28,122.1,0,0,1,3,0
3618,825.38,21,44,2,215.09,7.59,0,1,0,2,0
3619,3621.93,2,65,7,251.74,30.24,0,0,0,4,0
3620,2682.88,20,29,1,778.42,143.03,0,0,1,2,0
3621,277.87,6,35,1,616.34,160.66,1,1,0,1,0
3622,1558.5,1,52,5,556.28,10.54,0,0,1,4,0
3623,151.68,0,32,5,1485.73,29.32,0,0,0,4,0
3624,1149.33,6,67,2,302.84,16.33,0,0,1,5,0
3625,7315.62,19,61,1,988.18,78.21,0,0,0,1,0
3626,425.01,10,47,2,717.44,95.58,1,0,0,1,0
3627,476.12,22,62,5,921.65,31.67,0,0,1,3,0
3628,2354.37,5,50,3,728.44,56.3,1,0,1,2,0
3629,234.44,22,53,4,365.25,102.0,0,0,1,2,0
3630,582.45,3,57,1,112.16,61.81,0,0,0,3,0
3631,1991.1,18,68,4,1273.82,8.51,0,1,2,2,1
3632,581.56,20,47,4,660.56,62.24,0,0,0,3,0
3633,866.13,18,43,5,733.46,8.66,0,1,1,4,0
3634,2308.11,13,38,2,649.23,53.03,0,0,2,4,0
3635,1671.62,2,54,3,203.32,20.29,1,0,1,3,0
3636,1431.99,3,60,2,797.38,2.9,0,0,1,5,0
3637,781.24,7,48,1,681.29,12.84,0,0,1,1,0
3638,1587.73,17,34,3,627.99,31.59,0,1,2,4,1
3639,969.0,3,34,5,2625.54,255.94,0,0,1,1,0
3640,1733.34,10,51,3,733.3,14.77,0,1,0,5,0
3641,667.19,15,41,1,602.07,192.65,0,0,2,4,1
3642,913.63,2,50,2,589.01,22.65,0,0,1,1,1
3643,407.5,6,21,6,282.46,160.96,0,0,1,3,1
3644,1058.91,1,26,5,743.67,156.3,0,0,2,3,1
3645,487.36,0,19,4,825.85,7.71,1,0,0,4,0
3646,359.95,0,52,3,391.55,88.22,0,0,1,2,0
3647,1420.35,5,55,1,1205.91,36.42,1,0,4,5,0
3648,1356.6,18,62,6,981.76,57.95,1,0,0,5,0
3649,2399.16,6,32,0,606.85,74.82,0,0,0,4,0
3650,712.57,23,60,1,1290.94,6.65,0,0,1,2,0
3651,1649.21,4,59,3,488.88,80.22,0,0,0,5,0
3652,1902.26,20,20,3,1259.29,18.03,0,0,0,2,0
3653,1710.9,17,48,3,449.86,65.91,0,0,2,2,0
3654,480.27,23,69,3,2355.04,42.63,0,1,0,4,0
3655,1273.3,12,58,3,416.73,57.71,0,0,0,1,0
3656,1578.36,0,59,4,586.52,48.76,1,0,1,5,0
3657,1104.53,9,40,3,332.73,83.15,0,0,2,2,0
3658,136.12,8,29,4,1032.08,112.48,0,1,5,3,0
3659,1287.54,16,25,1,267.76,29.81,0,0,1,5,0
3660,10021.93,0,38,3,605.54,24.89,0,0,0,4,1
3661,765.06,0,38,3,220.1,13.87,1,0,1,5,1
3662,529.49,6,49,2,1022.11,84.06,0,0,0,4,0
3663,1592.96,3,34,2,1066.75,170.58,0,1,0,5,0
3664,1498.74,22,54,3,734.98,10.87,0,1,1,3,0
3665,3614.6,20,41,2,435.39,30.61,0,1,0,1,0
3666,311.73,11,25,0,1158.98,73.56,0,0,1,4,0
3667,2278.75,15,35,0,312.99,50.54,0,0,1,5,0
3668,1979.15,13,28,2,366.88,84.38,1,1,1,4,0
3669,951.32,22,27,4,1155.66,0.81,1,0,0,3,0
3670,1538.69,9,43,5,1028.31,121.15,0,0,2,2,0
3671,3070.08,13,64,2,1031.7,3.17,0,0,0,5,0
3672,2623.63,6,23,1,4180.69,29.48,0,0,0,2,0
3673,349.67,3,68,1,762.52,16.13,0,0,2,4,0
3674,2490.3,1,34,3,483.0,131.69,1,0,2,1,1
3675,1027.94,23,40,5,593.66,16.09,0,0,0,1,0
3676,1179.53,17,59,2,124.04,23.37,0,0,0,1,0
3677,1179.91,15,54,4,906.26,109.61,0,1,1,4,0
3678,943.65,8,45,2,2060.13,38.55,0,0,0,5,0
3679,3610.88,4,33,3,503.87,114.24,1,0,0,3,1
3680,1008.56,8,29,2,1897.87,54.08,1,0,3,1,0
3681,357.97,7,38,5,306.22,4.13,1,0,1,5,0
3682,739.87,23,41,4,357.15,28.53,0,0,0,3,0
3683,1311.2,19,45,4,356.05,9.7,0,0,1,3,0
3684,3748.89,15,54,3,206.15,3.37,0,0,1,2,0
3685,2004.39,19,38,3,2135.42,23.41,0,1,3,3,0
3686,468.47,17,50,2,1004.38,119.53,1,0,1,5,0
3687,13163.33,3,19,1,1093.21,6.26,0,0,0,3,0
3688,1429.06,15,54,5,372.64,0.34,0,0,3,4,1
3689,3926.06,3,36,9,1258.11,136.74,0,0,1,2,0
3690,942.26,5,45,6,443.12,37.76,1,0,0,3,0
3691,1869.37,2,32,1,459.75,40.89,0,0,1,3,1
3692,2538.86,17,18,3,1568.55,131.87,1,0,0,1,0
3693,3707.8,14,60,2,338.0,60.23,0,0,0,2,0
3694,3156.97,7,45,2,299.28,87.67,0,0,0,3,0
3695,2623.32,17,67,7,272.12,73.59,0,0,2,1,0
3696,800.24,23,52,4,591.69,47.32,0,0,0,2,0
3697,619.09,22,49,1,3462.35,58.3,0,0,0,4,0
3698,1529.36,2,45,5,540.27,41.13,0,0,1,3,0
3699,2788.13,5,26,3,235.02,21.96,0,0,1,1,1
3700,877.68,21,41,3,403.42,16.8,1,1,2,5,0
3701,3181.7,20,21,4,458.45,9.68,0,1,0,4,0
3702,4687.32,23,62,6,690.7,21.85,0,1,2,3,0
3703,438.64,14,58,4,889.34,43.01,1,1,1,2,0
3704,474.89,11,20,5,124.49,44.28,0,0,1,2,0
3705,953.01,4,65,1,249.93,57.51,0,0,0,1,0
3706,1491.61,6,39,3,235.2,105.77,0,0,1,2,0
3707,649.0,21,57,4,1503.68,52.76,0,0,0,3,0
3708,4239.51,14,56,6,295.4,9.37,1,0,2,1,0
3709,1675.84,6,66,1,831.87,1.3,0,0,1,5,0
3710,1140.76,12,42,2,965.5,10.96,0,0,1,1,0
3711,260.89,2,65,3,444.16,119.35,0,0,1,3,0
3712,294.18,22,39,2,95.38,41.93,0,0,0,3,0
3713,1452.45,12,67,2,1698.93,94.39,0,1,1,2,1
3714,129.98,2,65,3,1897.05,13.35,0,0,0,4,0
3715,3018.87,1,64,4,654.22,61.87,0,0,1,1,0
3716,936.22,22,51,5,384.97,65.78,0,1,2,1,0
3717,28087.87,3,37,2,2796.72,82.91,0,1,0,4,1
3718,11024.95,16,53,4,375.37,38.34,0,0,2,4,0
3719,914.66,5,54,4,1256.39,78.88,0,1,1,2,0
3720,986.01,10,56,4,201.13,137.01,1,0,2,3,0
3721,2967.82,5,44,3,960.05,157.79,0,0,1,5,0
3722,6021.99,21,64,2,235.3,6.7,0,0,1,5,0
3723,213.14,1,66,2,900.48,48.95,0,0,1,5,0
3724,183.76,16,49,2,667.06,6.02,1,0,1,3,0
3725,588.73,2,59,0,496.26,127.93,0,0,1,4,0
3726,1964.0,11,69,1,485.3,155.49,0,0,0,3,0
3727,1802.4,13,46,0,1582.64,34.62,0,0,0,4,1
3728,3196.37,1,58,7,621.31,160.81,0,0,1,5,0
3729,330.4,21,65,1,912.4,72.67,0,0,0,1,0
3730,108.19,21,49,6,6488.69,59.53,0,0,2,1,0
3731,2586.38,4,41,2,244.53,43.47,0,0,1,1,0
3732,479.05,9,20,3,359.1,26.11,0,0,2,1,0
3733,145.69,9,44,6,177.59,165.91,0,1,0,1,0
3734,1267.83,20,26,3,171.05,10.97,0,0,0,3,0
3735,2424.0,8,57,1,3054.7,81.11,0,0,0,2,0
3736,970.63,20,40,1,475.67,22.9,0,0,1,4,1
3737,693.78,12,24,2,80.88,69.97,1,0,0,5,0
3738,935.09,9,34,4,530.53,8.94,0,0,1,1,0
3739,757.04,5,54,1,448.01,23.36,0,0,0,5,0
3740,284.85,10,24,1,287.29,146.07,0,0,0,1,0
3741,536.64,3,47,4,467.36,40.74,1,0,0,4,0
3742,1846.93,13,30,5,754.54,33.79,0,0,1,2,0
3743,1512.74,16,35,1,479.09,69.74,1,1,0,1,0
3744,1297.33,19,48,2,1315.04,26.98,0,0,1,4,0
3745,405.39,1,39,4,633.18,33.96,0,0,0,2,0
3746,914.61,9,31,8,672.34,41.12,0,0,1,4,0
3747,124.33,2,35,3,570.28,230.19,0,0,0,4,0
3748,1310.91,6,52,3,247.87,81.83,0,0,3,5,1
3749,4577.27,6,34,8,255.92,2.03,0,0,1,1,0
3750,251.1,0,36,6,732.57,76.54,0,0,2,3,0
3751,610.37,7,48,1,362.64,34.96,0,1,0,3,0
3752,1524.02,22,56,5,1073.08,13.11,0,0,0,1,0
3753,3838.52,0,53,3,508.72,96.04,1,0,0,4,1
3754,700.49,7,32,2,358.41,15.77,0,0,2,1,0
3755,548.81,13,46,6,818.22,19.31,0,0,0,1,0
3756,153.1,13,57,1,679.79,3.25,0,0,3,2,0
3757,1216.14,1,33,6,176.67,189.95,1,0,1,2,0
3758,8451.3,7,50,0,155.07,79.33,1,0,1,1,0
3759,1447.16,18,42,3,1050.48,8.01,0,0,1,5,0
3760,1072.47,9,33,2,367.21,33.62,0,1,0,5,1
3761,1513.35,6,47,4,751.04,20.53,0,0,4,2,0
3762,1084.54,12,51,5,801.07,1.65,0,0,1,4,0
3763,486.38,21,19,2,1741.77,131.02,0,0,0,2,0
3764,2498.09,20,57,1,2489.04,91.45,0,0,2,5,0
3765,1374.38,14,61,5,266.34,216.86,0,0,1,3,0
3766,1116.12,10,60,2,590.29,13.89,0,0,0,5,0
3767,413.49,13,55,9,602.55,60.1,0,1,3,1,1
3768,4038.01,10,68,6,2242.22,6.29,0,0,0,1,0
3769,2131.76,1,35,4,210.28,28.23,0,0,1,4,0
3770,630.86,1,22,1,2097.41,93.78,0,0,1,3,0
3771,2986.4,11,64,1,1043.25,0.4,1,0,0,1,0
3772,666.76,14,57,2,428.6,32.76,0,1,0,5,0
3773,501.7,16,23,3,1336.53,28.52,0,0,0,3,0
3774,513.01,13,29,1,492.78,58.72,0,1,0,1,0
3775,186.59,15,68,4,182.57,13.59,1,0,0,3,0
3776,1757.32,7,29,5,732.73,9.51,1,0,1,2,0
3777,175.71,23,29,4,538.38,52.59,0,0,1,3,0
3778,321.04,16,26,0,451.06,51.26,0,0,2,3,0
3779,137.61,4,59,3,353.35,69.67,0,0,0,5,0
3780,1006.19,11,39,3,1088.27,14.18,0,0,1,5,1
3781,943.58,5,66,6,657.26,0.82,0,0,0,1,0
3782,791.0,17,67,7,454.68,105.17,0,0,0,2,0
3783,386.61,4,33,3,409.38,11.55,0,0,1,2,0
3784,339.6,5,21,5,460.36,27.06,0,0,1,3,0
3785,1744.76,8,67,2,417.34,31.6,0,0,0,3,0
3786,632.35,14,20,2,480.46,10.37,0,0,1,2,0
3787,1504.71,9,33,1,1189.57,36.78,0,0,2,1,0
3788,452.48,16,31,7,494.16,122.84,0,0,2,3,0
3789,1314.3,18,58,5,751.96,15.83,0,0,0,4,0
3790,4037.08,11,55,0,488.92,36.73,1,0,1,5,1
3791,1970.74,8,21,4,160.89,18.46,0,0,2,5,0
3792,726.03,14,19,6,792.17,197.45,0,0,1,2,0
3793,1418.28,13,27,1,375.03,12.46,0,1,0,5,0
3794,862.07,0,28,4,1134.2,5.79,0,0,0,1,1
3795,1105.31,16,56,2,2499.97,7.69,0,0,0,5,0
3796,791.86,0,43,1,391.89,22.87,0,0,0,1,0
3797,930.45,22,54,2,1372.21,40.24,0,0,0,2,0
3798,1355.73,20,43,0,478.34,55.13,0,1,0,1,0
3799,406.12,21,21,2,520.06,41.32,0,0,0,2,0
3800,397.07,12,43,4,899.88,117.98,1,1,0,1,1
3801,273.54,7,55,4,137.93,22.34,0,0,0,4,0
3802,221.35,12,45,4,167.43,62.3,0,0,0,2,0
3803,324.64,15,19,3,696.4,15.61,0,0,1,2,0
3804,1286.22,1,19,4,81.87,57.25,1,0,0,3,1
3805,449.09,12,33,2,1584.8,130.06,1,1,0,1,0
3806,1832.83,17,40,2,1935.33,191.76,0,0,2,2,0
3807,1135.37,2,40,1,882.62,65.41,1,0,0,1,0
3808,153.16,12,30,2,599.1,142.75,0,0,1,2,0
3809,2111.12,18,38,3,1615.14,57.04,0,0,1,1,0
3810,2467.1,12,56,4,458.58,165.11,0,0,0,2,0
3811,405.91,18,42,2,491.96,114.15,0,0,2,4,0
3812,1669.35,3,54,2,595.96,5.64,0,0,1,3,0
3813,465.68,18,66,2,343.09,32.13,0,1,1,3,0
3814,1209.15,17,30,1,1869.17,21.34,0,0,0,5,0
3815,309.67,5,32,2,1823.43,1.37,1,0,0,4,0
3816,182.53,18,45,3,313.34,31.45,0,0,0,1,0
3817,747.84,3,20,2,365.13,8.03,0,0,0,4,0
3818,969.01,3,40,2,503.0,1.86,0,0,0,1,0
3819,736.8,23,21,0,1740.05,29.44,0,0,1,2,0
3820,335.62,6,64,1,500.92,13.22,0,0,1,3,0
3821,735.17,6,67,2,754.3,136.89,0,0,1,5,0
3822,1435.54,22,20,4,283.22,83.75,0,0,1,4,1
3823,1048.49,15,56,0,2247.45,156.37,0,0,0,3,0
3824,1316.2,15,25,2,261.03,106.63,1,0,0,4,0
3825,561.09,4,60,2,478.56,65.09,0,0,1,3,0
3826,3539.42,14,42,4,169.86,45.52,0,0,0,3,0
3827,338.26,22,58,1,1786.48,3.38,0,0,1,3,0
3828,1785.69,3,69,1,648.66,15.45,1,0,2,4,0
3829,3575.61,23,29,3,2759.75,62.02,1,0,0,1,0
3830,1773.85,12,22,1,303.48,25.64,0,1,1,5,1
3831,895.58,18,50,4,1539.85,19.68,0,0,1,3,0
3832,646.58,6,63,6,911.21,5.49,0,0,1,4,1
3833,3090.5,11,42,2,352.6,3.64,0,0,2,1,0
3834,264.28,8,42,4,392.53,11.79,0,0,1,3,0
3835,415.66,16,52,2,1030.94,89.96,0,1,2,1,0
3836,736.89,1,32,3,645.19,54.39,0,0,0,1,0
3837,3780.66,15,59,8,384.69,20.85,1,1,0,2,0
3838,1603.22,6,43,1,2693.5,3.15,1,0,1,2,0
3839,416.53,17,27,2,689.19,10.44,0,0,0,5,0
3840,804.07,6,41,2,492.72,29.88,0,1,1,4,0
3841,593.29,0,52,2,279.97,8.32,1,0,1,1,0
3842,539.27,2,46,2,438.64,71.9,1,0,1,1,1
3843,2918.69,20,55,3,119.77,77.71,0,0,0,4,0
3844,278.18,10,22,2,666.21,7.36,0,0,2,3,0
3845,5479.56,21,41,7,1195.87,64.89,0,0,0,4,0
3846,2510.48,14,36,4,2096.82,35.9,0,0,0,5,0
3847,3264.5,2,63,2,476.27,164.01,0,1,1,5,0
3848,690.25,23,66,1,976.06,77.46,0,0,1,5,0
3849,943.94,12,61,2,504.23,44.01,0,1,4,4,0
3850,261.61,3,26,1,158.82,46.27,1,0,0,4,0
3851,648.94,22,43,3,129.75,9.86,0,0,2,2,0
3852,1796.61,21,42,4,609.5,112.04,1,0,0,3,0
3853,4008.06,7,52,2,131.5,40.96,0,0,2,2,0
3854,362.43,21,67,3,542.25,42.68,0,0,1,5,0
3855,760.89,3,53,1,472.19,42.83,0,0,0,4,0
3856,942.66,17,31,1,162.59,16.16,0,1,0,5,0
3857,271.57,6,23,0,75.75,83.59,0,0,1,4,0
3858,1980.98,10,49,4,368.78,99.15,0,1,0,2,0
3859,531.66,3,43,2,2151.51,16.98,1,0,0,3,0
3860,902.0,12,32,4,811.24,29.15,0,0,1,3,0
3861,697.88,8,66,7,365.65,9.87,0,0,0,3,0
3862,498.03,8,48,5,345.44,13.63,0,0,0,2,0
3863,1088.93,22,54,1,866.37,20.47,1,1,0,2,0
3864,883.94,20,55,2,702.94,116.13,0,0,0,4,0
3865,756.08,18,54,4,1120.79,49.2,0,0,2,5,0
3866,529.29,2,36,4,2683.65,44.33,0,0,0,2,0
3867,1509.49,11,31,2,1587.43,146.64,1,0,1,5,1
3868,5730.84,10,53,2,1558.91,78.35,0,0,1,5,0
3869,1261.29,19,54,2,594.4,0.81,0,0,1,5,0
3870,2969.41,10,28,3,107.31,6.64,0,1,1,5,1
3871,273.08,16,44,3,117.54,14.23,0,0,1,1,0
3872,1284.03,20,19,1,951.15,18.11,0,0,1,1,0
3873,366.0,13,39,3,411.55,89.81,0,0,2,1,0
3874,250.4,15,19,4,2395.8,73.46,0,0,1,5,0
3875,523.55,23,37,1,2078.81,7.86,0,0,1,3,0
3876,3611.58,9,61,1,709.84,38.17,1,0,1,1,0
3877,2835.62,3,65,3,437.1,5.78,0,0,1,3,0
3878,1398.29,9,34,4,309.99,9.49,1,0,1,1,1
3879,236.82,19,21,3,2339.5,13.87,0,0,3,1,0
3880,901.19,11,31,3,735.62,117.85,0,0,0,5,0
3881,1482.82,8,24,3,367.07,22.76,1,0,0,1,0
3882,1307.06,14,32,3,599.53,123.74,0,0,0,4,0
3883,173.5,8,47,2,533.25,69.46,0,0,2,3,0
3884,450.2,6,33,4,2726.41,69.2,0,0,0,3,0
3885,1028.57,23,57,1,763.25,81.35,0,1,0,4,0
3886,1874.86,11,19,2,673.91,5.04,0,0,0,5,0
3887,121.98,19,36,5,222.57,84.27,0,0,1,4,0
3888,932.51,23,18,2,963.41,14.56,0,0,1,3,0
3889,1265.28,13,48,4,688.46,206.54,0,0,3,4,0
3890,2564.74,21,21,4,1016.14,94.26,0,0,2,1,0
3891,2192.63,15,44,3,693.93,284.87,0,0,1,2,0
3892,1963.67,18,42,1,504.26,138.32,0,1,2,1,0
3893,492.78,22,39,3,692.08,22.29,0,0,1,5,0
3894,162.71,2,60,2,358.48,142.1,0,0,0,5,1
3895,740.22,10,27,3,752.49,20.04,1,0,0,4,0
3896,2985.83,22,67,3,1868.47,53.83,0,0,1,1,0
3897,4418.05,20,50,5,1346.8,85.37,0,0,0,4,0
3898,2231.77,19,66,1,526.72,24.06,0,0,0,2,0
3899,1684.7,18,65,1,562.82,11.4,0,0,0,1,0
3900,1603.01,7,61,2,1062.43,112.64,0,0,1,1,0
3901,628.84,19,47,5,896.29,5.45,1,0,0,5,1
3902,962.89,7,47,3,664.71,22.7,0,0,4,2,0
3903,5820.08,2,33,3,426.07,38.89,0,0,1,2,0
3904,427.28,9,26,1,326.91,81.67,0,0,1,5,0
3905,5512.53,12,34,3,323.47,101.57,0,0,0,1,0
3906,794.71,8,52,3,584.47,35.83,0,0,0,2,0
3907,4127.52,5,67,5,870.88,42.6,1,0,0,3,0
3908,268.59,14,64,3,168.22,96.15,1,0,1,2,0
3909,1970.23,15,32,2,1194.01,31.46,1,0,0,5,0
3910,524.91,4,65,2,283.52,40.95,1,0,0,2,0
3911,266.33,20,45,7,384.62,0.93,0,0,0,2,0
3912,1364.49,12,37,1,542.72,150.92,0,0,2,5,0
3913,3009.33,18,50,1,904.5,41.83,0,0,1,5,0
3914,471.09,1,50,3,2221.95,65.02,0,1,0,3,0
3915,244.93,5,53,5,458.41,14.25,0,0,0,1,0
3916,1000.4,0,30,2,1579.22,53.44,0,0,2,3,0
3917,1004.82,14,21,5,482.17,30.81,0,0,2,3,0
3918,1897.55,14,40,2,1926.83,5.97,0,0,2,1,0
3919,2834.43,13,25,2,628.37,88.65,1,0,2,1,0
3920,1033.37,6,30,3,202.55,91.42,0,0,0,5,1
3921,7012.88,4,41,6,376.02,3.29,0,1,4,4,1
3922,1372.29,19,57,0,670.44,24.76,0,0,0,2,0
3923,775.55,15,63,2,562.83,16.53,0,0,0,3,0
3924,218.86,16,47,4,295.16,36.32,1,0,3,5,1
3925,843.31,10,47,7,231.13,33.55,0,0,1,2,0
3926,783.38,14,42,2,1261.33,53.42,0,0,1,4,0
3927,2864.95,19,50,3,104.87,14.22,0,0,0,4,0
3928,1741.47,15,26,5,995.77,12.53,0,1,1,4,1
3929,337.18,2,43,3,276.24,64.25,0,1,0,1,0
3930,1302.78,5,41,2,3029.18,186.91,0,0,0,5,0
3931,2146.37,20,50,6,131.8,146.26,0,0,0,2,1
3932,5054.49,22,56,6,123.58,78.51,0,0,1,1,0
3933,2663.79,12,42,4,473.04,3.49,0,0,0,3,0
3934,2346.89,0,69,5,1498.94,13.58,0,0,1,3,1
3935,1164.55,20,62,2,3791.21,58.5,0,0,2,4,1
3936,1616.97,13,32,2,1465.55,17.53,0,0,0,1,0
3937,3825.73,1,58,2,746.95,25.01,0,1,1,1,0
3938,289.23,1,65,5,305.68,153.61,0,0,2,3,0
3939,773.22,14,66,3,360.84,4.51,0,0,0,4,0
3940,506.45,17,58,1,392.41,98.75,0,0,0,4,0
3941,1602.23,8,23,2,480.35,2.58,0,0,2,2,0
3942,3752.67,2,37,1,543.03,20.62,0,0,1,5,0
3943,603.67,3,61,1,780.07,40.53,0,0,0,5,0
3944,100.45,14,33,1,416.99,22.03,0,0,1,2,0
3945,726.17,4,38,4,756.55,157.51,0,0,0,3,0
3946,2733.87,19,32,6,899.68,35.1,0,0,1,4,0
3947,1877.38,19,56,3,276.55,66.18,0,0,1,3,0
3948,1682.75,4,59,3,244.44,60.54,0,1,1,3,1
3949,828.82,9,21,2,1600.01,90.12,0,0,1,1,0
3950,305.2,15,41,3,734.49,99.72,1,1,0,4,0
3951,1835.91,11,20,3,589.53,31.4,0,0,1,4,0
3952,476.14,13,67,4,212.69,99.39,0,0,1,4,0
3953,9740.98,21,18,2,1230.88,52.99,1,0,0,1,0
3954,1940.12,10,47,4,664.14,57.93,0,1,0,3,0
3955,613.61,18,30,3,2200.75,9.51,0,0,0,2,0
3956,595.03,5,35,3,775.9,14.06,1,0,0,1,0
3957,999.3,9,57,2,540.65,58.18,0,0,0,3,0
3958,863.07,19,28,2,406.05,15.44,0,0,0,5,0
3959,3350.4,2,59,6,2353.15,33.67,1,0,1,1,0
3960,1321.36,21,46,4,1469.29,33.66,0,0,1,2,0
3961,527.62,14,21,1,793.83,13.33,1,0,1,5,1
3962,7262.22,10,42,4,1413.02,41.79,0,0,2,1,0
3963,1152.06,21,53,2,870.64,41.48,1,0,1,5,1
3964,2365.72,1,53,3,156.17,6.91,0,0,1,3,0
3965,596.91,23,61,1,1412.53,23.99,0,0,0,3,0
3966,1576.74,5,57,5,1164.77,22.77,1,0,0,3,0
3967,1496.84,16,45,1,277.33,41.29,0,0,1,3,0
3968,165.73,17,62,2,1064.01,69.18,0,0,1,3,0
3969,8227.81,3,25,1,340.48,0.92,0,1,1,2,1
3970,3986.4,22,38,3,472.77,7.11,1,0,2,2,0
3971,737.16,8,52,3,750.8,17.98,0,1,3,4,0
3972,364.21,9,61,2,720.45,83.15,0,0,0,1,0
3973,1552.41,20,35,4,622.99,32.75,0,1,0,2,0
3974,1195.95,1,64,1,181.7,35.76,0,0,1,5,0
3975,1565.04,10,42,4,690.18,26.31,0,0,0,2,0
3976,1328.2,10,63,3,2535.29,26.82,0,0,0,5,0
3977,1819.36,10,58,2,825.78,189.84,0,0,0,3,0
3978,4662.49,0,22,1,576.43,114.45,0,1,1,1,1
3979,1935.47,13,64,2,1155.86,64.71,1,0,0,1,0
3980,383.89,0,25,3,749.88,19.58,0,0,1,3,0
3981,4283.66,20,40,4,474.75,36.05,1,0,1,4,0
3982,5656.81,22,20,1,1382.62,58.46,0,0,2,4,0
3983,25643.79,8,61,3,820.44,25.09,0,0,2,5,0
3984,356.56,23,54,2,921.35,37.17,0,0,1,1,0
3985,1398.12,0,48,6,567.29,7.87,1,0,0,2,0
3986,136.72,20,46,3,614.14,4.91,0,0,0,4,0
3987,1906.74,21,58,8,1259.52,9.15,0,0,0,2,0
3988,633.84,21,37,4,443.88,70.46,0,0,1,4,0
3989,7505.91,3,20,1,4257.65,10.53,1,0,1,5,0
3990,505.42,0,40,2,414.87,129.33,0,0,1,1,0
3991,202.52,18,57,2,408.72,22.99,0,0,1,2,0
3992,684.53,9,38,8,1523.12,9.26,0,0,1,5,0
3993,152.1,14,30,0,652.89,87.22,0,0,1,2,0
3994,2324.13,19,25,3,1074.18,30.5,0,0,0,1,0
3995,139.06,3,22,6,2240.62,24.59,1,0,1,5,0
3996,1128.29,19,42,3,921.08,19.98,0,0,0,1,0
3997,137.3,13,56,0,869.63,20.06,0,0,1,1,0
3998,796.08,4,54,2,427.84,54.45,1,0,1,3,1
3999,5672.46,14,58,3,336.91,38.9,0,1,1,1,0
4000,1572.86,14,22,4,194.41,31.52,0,0,0,4,0
4001,462.44,15,25,1,375.86,29.62,0,0,1,4,0
4002,1062.94,15,61,6,454.97,7.66,1,0,5,2,0
4003,1116.57,3,21,3,366.76,87.98,1,0,1,1,0
4004,1759.23,8,58,4,542.7,130.76,0,0,0,5,0
4005,279.54,0,39,2,455.0,81.03,0,0,0,2,0
4006,1983.4,4,31,5,1305.89,30.01,0,0,0,3,0
4007,73.38,8,36,5,233.21,179.12,0,0,0,1,0
4008,584.13,19,30,8,1468.4,48.2,0,0,0,2,0
4009,672.99,4,52,4,1147.83,74.38,0,0,0,2,0
4010,2065.91,3,21,2,317.73,67.59,1,0,0,1,1
4011,1121.73,15,50,3,239.95,61.52,0,0,1,1,0
4012,268.93,1,39,2,1041.58,51.36,0,0,0,5,0
4013,409.53,15,18,1,1039.89,11.89,0,0,1,4,0
4014,1337.66,17,28,3,352.86,17.44,0,0,0,3,0
4015,1013.26,1,33,3,230.5,108.89,0,0,1,1,0
4016,614.54,15,21,1,482.37,9.92,0,0,1,1,0
4017,678.01,0,46,1,50.99,8.24,0,0,2,4,0
4018,2199.9,15,56,1,1029.53,16.71,0,1,2,1,0
4019,653.48,2,61,2,400.94,22.51,0,0,0,4,0
4020,1004.16,14,55,2,779.46,40.27,0,1,2,4,0
4021,9604.02,10,41,1,2790.33,46.51,0,1,1,4,0
4022,264.1,9,69,0,485.72,78.19,0,0,0,1,0
4023,172.11,16,26,2,1143.84,3.81,1,0,1,5,0
4024,2400.88,3,25,2,541.78,11.67,1,0,1,5,0
4025,556.33,16,31,3,466.84,35.18,0,0,0,1,0
4026,797.72,3,32,7,2257.13,14.44,1,0,2,4,0
4027,502.12,18,39,3,426.66,103.37,0,0,1,4,0
4028,845.73,0,54,2,1030.82,51.11,1,1,0,5,1
4029,5423.72,13,32,0,856.07,33.69,0,0,1,2,1
4030,2445.8,23,23,1,929.89,0.02,0,1,0,3,0
4031,2597.29,10,18,1,1097.8,97.83,1,0,1,4,0
4032,266.07,6,37,4,1005.74,30.89,0,0,0,1,0
4033,346.83,16,58,3,423.57,37.9,0,1,1,5,0
4034,64.13,3,53,2,470.96,59.91,0,0,0,2,0
4035,488.15,9,19,3,828.86,138.59,1,0,1,3,1
4036,2854.65,16,23,2,150.83,8.61,1,0,1,1,0
4037,1838.94,3,19,2,891.59,3.69,0,0,1,2,0
4038,878.74,18,20,5,419.4,6.5,0,0,1,4,0
4039,1072.45,17,24,6,1533.72,67.49,0,0,4,1,0
4040,550.66,16,37,6,138.54,6.92,0,0,1,5,0
4041,1345.82,5,66,5,964.34,34.76,0,0,0,1,0
4042,2358.73,6,58,4,825.91,61.29,0,0,0,1,0
4043,217.92,5,58,3,752.86,62.37,0,0,1,2,0
4044,1479.78,11,68,2,1911.95,26.07,0,0,1,2,0
4045,2786.2,8,22,4,673.32,59.97,0,0,1,4,0
4046,724.08,17,42,1,813.95,149.8,0,0,0,5,0
4047,2209.9,1,55,2,250.8,1.42,0,1,1,5,0
4048,18299.97,16,35,4,737.11,55.64,1,0,2,5,1
4049,987.97,20,18,3,541.85,36.97,0,0,2,3,0
4050,1625.07,0,42,3,535.19,11.95,0,0,1,5,0
4051,524.24,22,34,2,185.24,18.39,0,0,1,1,0
4052,1314.55,8,63,2,2653.69,90.75,0,0,0,1,0
4053,1737.62,5,32,2,309.7,44.2,0,0,1,1,0
4054,1332.54,1,22,3,526.26,0.73,0,1,1,3,0
4055,395.56,5,34,4,202.57,168.14,0,1,0,1,0
4056,1347.98,8,38,3,208.78,54.86,1,0,0,2,0
4057,4732.44,2,40,4,211.72,29.23,0,0,0,3,0
4058,1717.52,15,60,2,2297.04,62.3,0,0,1,2,0
4059,2869.77,23,27,4,183.96,11.44,0,0,1,3,0
4060,865.22,14,34,3,420.29,15.09,0,0,1,1,0
4061,2321.34,11,18,2,482.86,8.25,0,0,2,4,0
4062,1449.93,22,54,4,368.66,25.3,0,1,1,5,0
4063,423.73,7,65,2,331.75,117.54,1,0,0,5,0
4064,1507.97,5,24,4,471.72,24.6,0,1,2,5,0
4065,406.79,2,29,8,247.05,16.99,0,1,0,5,0
4066,582.38,22,57,3,1401.45,60.8,1,0,1,2,0
4067,1325.21,3,67,3,2311.45,101.86,0,0,0,5,0
4068,1476.23,9,18,0,1808.28,14.0,0,0,0,5,0
4069,333.88,13,37,4,142.58,82.49,0,0,2,4,0
4070,3146.31,20,61,2,134.95,18.18,0,1,0,2,0
4071,1943.03,23,48,3,189.43,14.21,0,0,1,5,0
4072,542.0,14,21,4,1023.23,32.02,0,0,1,3,0
4073,235.67,6,43,6,438.19,3.45,1,0,0,2,1
4074,948.7,6,29,6,4526.17,99.11,0,0,0,3,0
4075,702.09,7,39,1,678.32,103.71,0,1,1,2,1
4076,1228.0,9,18,2,1563.23,56.56,0,0,1,5,0
4077,762.71,18,18,4,1585.12,18.04,0,0,0,1,0
4078,147.31,18,20,1,299.12,9.12,0,1,1,2,0
4079,743.71,1,29,2,339.75,60.0,1,0,2,5,0
4080,807.85,14,38,2,2288.31,5.44,0,0,0,2,0
4081,2066.6,0,30,4,169.32,26.48,0,0,1,2,0
4082,545.55,9,30,3,585.17,4.65,0,0,1,3,0
4083,5876.25,5,58,4,1161.81,27.8,0,0,1,3,0
4084,162.12,21,35,4,973.9,7.22,0,0,1,4,0
4085,4069.06,12,50,2,484.23,1.64,1,0,1,3,0
4086,876.28,9,23,4,468.24,29.87,0,0,0,2,0
4087,2590.44,11,42,6,242.91,41.93,0,0,4,1,0
4088,1187.73,23,40,4,318.65,28.93,0,0,0,3,0
4089,3427.39,5,41,4,2451.73,9.69,0,0,1,3,0
4090,744.44,5,54,3,782.81,4.03,0,0,2,1,0
4091,365.54,0,43,3,406.86,6.75,0,0,2,4,1
4092,4539.19,11,21,3,1090.54,64.94,0,0,3,4,1
4093,978.99,22,55,3,460.66,0.8,0,0,1,5,0
4094,1368.62,22,52,2,277.47,99.5,0,0,0,3,0
4095,3769.7,9,66,2,417.22,91.66,0,0,3,4,0
4096,390.74,13,28,4,214.44,106.21,0,0,0,5,1
4097,1989.21,14,53,3,2382.29,105.49,0,0,0,4,0
4098,607.96,22,42,1,1098.75,55.06,0,0,1,1,0
4099,960.86,23,37,4,1092.19,94.01,0,0,0,2,0
4100,1178.83,3,18,3,432.08,65.53,0,0,0,1,0
4101,244.64,0,47,2,634.17,17.84,0,0,0,1,0
4102,503.29,7,21,3,447.03,70.35,0,0,1,1,0
4103,4234.72,2,40,2,214.61,47.8,0,1,2,1,0
4104,2660.29,13,52,1,1368.1,1.39,0,0,0,2,0
4105,1030.05,16,59,3,1255.93,77.17,0,0,0,2,0
4106,1398.46,1,39,1,914.25,102.33,0,0,0,5,0
4107,817.1,14,48,1,679.72,36.44,0,1,1,4,0
4108,4258.12,5,18,3,327.4,33.38,1,1,3,3,1
4109,897.53,4,21,0,868.32,27.87,0,0,0,2,0
4110,1382.77,13,36,5,305.29,63.44,0,0,0,4,0
4111,3449.66,18,47,3,340.66,12.13,0,1,3,5,0
4112,504.03,8,18,1,307.11,74.35,0,0,0,4,0
4113,5212.37,7,65,2,394.29,17.29,0,0,1,3,0
4114,237.35,2,36,0,364.73,15.16,1,1,1,1,0
4115,5595.08,17,69,2,1191.97,82.82,0,0,1,3,0
4116,755.46,7,38,2,295.77,9.58,0,0,0,3,0
4117,860.32,15,39,2,658.25,99.21,0,0,3,2,0
4118,165.67,14,67,3,1081.37,190.53,1,0,1,2,0
4119,695.9,20,19,1,1755.89,19.27,0,0,0,3,0
4120,387.69,14,23,4,903.56,131.47,0,1,0,1,1
4121,597.26,15,38,4,145.04,41.78,1,0,0,1,0
4122,955.93,0,50,2,553.46,15.01,0,0,0,2,0
4123,2857.75,9,36,2,1177.75,30.13,0,0,0,1,0
4124,1349.65,18,44,3,302.84,80.49,0,0,0,3,0
4125,1491.71,4,54,1,1925.59,54.93,0,0,2,3,0
4126,366.68,17,46,4,1891.78,34.14,0,0,0,5,1
4127,454.52,2,45,1,994.65,14.87,0,0,2,5,0
4128,6625.79,3,51,1,1428.07,64.69,0,1,2,3,1
4129,525.74,3,18,3,1750.2,18.79,0,0,0,3,0
4130,5745.71,10,65,4,699.48,20.09,0,0,0,2,0
4131,860.01,8,42,4,1343.42,68.7,0,0,0,4,0
4132,1099.15,0,38,5,264.45,40.87,1,0,0,5,0
4133,3198.27,15,51,1,1188.43,10.28,0,1,0,1,0
4134,3912.35,8,43,6,912.18,58.1,1,0,1,3,0
4135,981.6,10,53,8,4886.68,14.92,0,0,1,4,0
4136,743.79,5,52,5,488.47,71.46,0,0,0,4,0
4137,1036.99,16,40,6,1845.53,32.57,0,0,1,5,1
4138,1537.57,11,34,3,1422.7,45.19,0,0,1,2,0
4139,2673.93,21,64,0,610.34,45.94,0,0,0,3,0
4140,1101.28,7,59,3,155.94,7.94,0,0,0,3,0
4141,2036.29,15,29,2,483.2,52.56,0,1,0,4,1
4142,5644.06,4,61,3,608.24,100.92,0,0,0,2,1
4143,1605.69,20,37,4,1427.37,110.91,0,0,0,4,0
4144,1497.65,0,56,1,831.41,58.33,0,0,2,1,0
4145,240.11,16,44,3,683.51,173.65,0,0,2,1,0
4146,78.99,23,59,3,1285.8,45.6,0,0,1,3,0
4147,1617.08,20,54,5,1235.77,14.71,0,0,1,5,0
4148,997.42,7,37,6,1444.3,53.97,0,0,1,4,0
4149,655.38,9,69,2,336.69,119.94,1,0,0,3,0
4150,1399.02,17,28,4,1446.01,22.22,0,1,1,1,0
4151,1032.35,14,45,3,1884.85,15.38,0,0,0,4,0
4152,3387.27,19,19,3,5639.04,169.82,0,0,2,3,0
4153,1195.25,12,41,2,989.28,72.74,0,0,1,5,0
4154,519.61,9,33,3,1591.45,2.55,0,0,4,3,0
4155,2951.79,8,29,1,960.79,41.18,0,0,0,1,0
4156,882.6,12,33,3,1103.38,13.36,0,0,2,2,0
4157,1856.66,2,53,2,1592.99,16.9,0,1,0,3,0
4158,680.34,21,19,1,182.23,4.58,0,0,0,2,0
4159,572.59,22,42,4,841.68,13.13,1,0,2,2,0
4160,1192.93,2,46,2,863.42,35.18,0,0,0,3,0
4161,1110.79,0,45,5,409.64,4.09,0,0,1,1,0
4162,1771.93,1,27,4,194.77,110.22,1,0,0,2,0
4163,838.28,10,62,3,458.99,74.67,0,0,2,2,0
4164,174.8,13,40,5,856.56,24.01,0,0,1,3,0
4165,711.39,9,49,2,561.42,6.98,1,0,0,1,0
4166,2425.56,6,48,6,834.84,255.58,1,0,1,4,0
4167,814.54,22,36,2,315.8,41.43,0,0,2,4,0
4168,857.15,0,32,2,751.62,27.49,0,0,0,5,0
4169,2940.62,6,50,3,874.85,11.07,0,0,1,3,0
4170,538.09,14,34,3,242.49,11.36,0,0,1,2,0
4171,234.44,10,69,3,222.54,79.53,0,0,1,1,0
4172,933.9,5,53,3,1261.74,36.69,0,0,2,2,0
4173,675.75,21,37,6,739.52,206.76,1,0,0,4,1
4174,417.28,6,26,5,294.5,152.98,0,0,0,1,0
4175,920.23,6,55,4,477.46,11.59,0,0,2,1,0
4176,1792.75,0,20,3,970.91,368.92,0,0,0,3,0
4177,1086.49,9,19,2,318.67,215.61,1,0,0,3,0
4178,1490.67,20,35,2,2287.53,80.29,0,1,1,5,1
4179,6723.79,14,40,1,1041.45,24.79,0,0,1,3,0
4180,778.31,7,36,2,1291.76,12.69,0,0,2,2,0
4181,1448.59,23,24,3,763.13,5.44,0,0,2,1,0
4182,659.04,18,52,3,1082.75,2.67,1,0,0,2,1
4183,470.43,2,67,4,3614.12,85.96,0,0,0,5,0
4184,611.0,22,37,0,467.78,145.53,0,0,4,1,0
4185,679.42,14,37,1,487.88,74.04,0,0,1,5,0
4186,1571.01,3,36,3,3585.57,71.16,0,0,0,1,0
4187,11488.2,5,58,3,1882.59,26.82,1,0,0,3,0
4188,535.9,9,33,6,579.66,51.25,0,1,0,3,0
4189,722.98,17,55,2,355.1,55.62,0,0,0,4,0
4190,1029.55,15,38,3,477.08,14.87,0,0,1,4,0
4191,1629.13,17,46,2,3384.49,67.1,0,1,1,4,0
4192,1427.32,5,61,5,714.92,7.9,0,0,0,4,0
4193,3960.38,18,55,3,1545.55,17.37,0,0,1,3,0
4194,96.89,16,62,2,806.36,44.54,0,0,0,5,0
4195,100.79,17,41,1,860.49,38.78,0,0,0,2,0
4196,667.89,12,54,2,1070.12,60.97,1,0,1,4,0
4197,3285.59,6,46,10,604.33,43.72,0,0,1,5,0
4198,229.14,19,48,4,542.23,2.54,0,0,3,4,0
4199,54.18,11,62,5,2358.14,190.17,0,0,2,4,0
4200,1941.43,1,69,3,559.37,72.09,0,0,1,3,0
4201,1399.2,11,56,3,1012.99,106.19,1,0,2,5,0
4202,368.63,11,29,2,1573.86,81.46,0,0,0,4,0
4203,409.3,23,47,3,1050.8,11.94,0,0,1,3,0
4204,415.82,3,21,2,1223.35,134.94,0,0,0,1,0
4205,1224.8,3,47,0,180.48,207.02,0,0,2,4,1
4206,586.21,17,22,2,802.39,4.1,0,0,1,1,0
4207,1797.34,15,33,3,1863.14,8.62,0,1,0,2,0
4208,63.14,13,44,2,4045.63,231.75,1,0,1,3,0
4209,465.52,16,21,3,1691.73,17.37,1,1,1,1,0
4210,355.65,16,25,6,818.78,85.69,1,0,1,5,0
4211,848.66,2,65,1,1065.43,3.85,1,0,0,5,0
4212,640.31,5,25,3,1191.42,65.92,0,0,3,3,0
4213,2435.35,22,34,1,130.44,60.43,0,0,0,2,1
4214,170.83,12,63,5,264.26,138.75,0,0,0,4,0
4215,1147.67,8,61,4,746.23,65.23,0,0,1,1,0
4216,1916.65,20,20,2,625.11,2.11,1,1,0,5,0
4217,7020.91,8,44,3,492.75,29.93,0,1,2,1,0
4218,677.38,7,69,2,907.53,21.38,0,1,1,5,0
4219,1516.95,16,51,2,995.45,42.28,0,0,4,5,0
4220,180.57,15,62,5,194.96,27.96,0,1,1,1,0
4221,100.29,15,38,1,221.68,16.48,0,0,0,3,0
4222,2552.36,18,60,2,477.32,54.09,0,1,0,3,1
4223,1090.55,23,41,5,1043.55,18.64,1,1,2,1,0
4224,3563.55,15,61,3,564.31,95.08,0,0,1,4,1
4225,277.72,13,67,5,431.43,19.5,0,0,2,2,0
4226,1844.39,19,58,1,2087.12,36.21,0,0,3,3,0
4227,7106.87,13,46,3,1134.06,87.44,0,1,0,5,0
4228,1668.54,13,56,5,578.17,86.55,1,0,0,5,0
4229,1446.04,13,23,4,2821.62,44.11,0,1,3,4,0
4230,1106.06,11,31,2,721.19,23.9,0,0,0,1,0
4231,227.95,5,67,2,1428.32,40.82,0,0,0,4,0
4232,4253.82,19,31,3,308.1,94.75,1,0,2,1,0
4233,595.35,12,54,3,217.41,12.35,0,0,1,5,1
4234,1816.17,15,69,5,349.07,6.53,0,0,0,4,0
4235,229.74,8,41,3,1021.43,43.62,0,1,0,3,0
4236,337.15,1,30,2,600.5,42.67,0,0,1,1,0
4237,4605.87,21,18,6,580.14,17.35,1,0,2,1,1
4238,774.87,2,29,5,802.89,28.5,0,0,0,3,0
4239,4690.41,9,68,4,751.33,4.63,0,1,0,5,0
4240,1014.11,19,59,3,1778.23,7.01,0,0,1,2,0
4241,173.83,1,41,5,426.62,88.11,1,0,2,5,0
4242,2675.97,23,54,6,213.15,31.23,0,1,0,3,0
4243,607.96,9,37,0,2461.84,5.26,0,0,0,3,0
4244,2205.45,7,23,6,457.64,163.34,0,0,1,1,0
4245,1124.63,16,29,2,1743.36,11.78,0,0,0,4,0
4246,234.37,21,38,3,918.27,19.06,0,0,2,5,1
4247,1292.45,0,20,5,2154.8,179.74,0,0,1,1,0
4248,9859.82,5,44,3,404.25,9.98,0,0,1,2,0
4249,1795.41,6,63,3,1335.3,173.25,0,0,0,3,1
4250,1035.34,14,53,4,531.37,64.05,1,1,0,1,0
4251,3214.23,17,34,2,389.54,27.84,0,0,1,5,0
4252,1353.8,8,66,4,2552.36,45.18,0,0,0,4,0
4253,1352.26,7,63,1,366.19,35.45,0,0,0,3,0
4254,368.11,9,32,5,353.29,81.67,1,0,0,4,0
4255,1385.54,3,56,2,272.0,3.25,0,0,0,5,0
4256,3088.51,19,21,2,465.0,83.94,0,0,0,3,1
4257,475.3,7,34,6,755.02,176.37,0,1,0,4,0
4258,4557.35,0,55,3,583.82,28.07,1,0,0,3,0
4259,1000.54,7,28,2,907.71,10.62,0,0,1,2,0
4260,451.34,22,29,2,187.9,5.76,0,0,1,3,0
4261,2973.91,11,64,3,644.67,21.29,0,0,2,3,0
4262,823.21,22,49,4,212.71,7.0,0,0,1,3,0
4263,2343.77,14,44,2,467.73,13.05,0,0,0,3,0
4264,819.13,12,61,5,549.89,53.13,0,0,0,2,0
4265,1032.95,15,60,1,648.63,26.87,0,0,2,2,0
4266,1796.44,22,44,3,886.5,115.64,0,1,0,3,0
4267,1466.89,17,66,2,242.37,31.17,1,0,1,3,1
4268,149.08,0,57,3,464.58,8.37,1,0,3,5,0
4269,357.36,16,61,2,4138.96,7.46,0,0,1,5,1
4270,2777.79,15,46,6,624.75,59.06,0,0,2,5,1
4271,960.89,22,26,2,570.04,50.24,0,0,1,3,0
4272,649.54,4,60,3,142.7,61.53,0,1,0,5,1
4273,281.86,19,20,4,760.43,20.68,0,0,2,1,0
4274,372.51,20,56,3,186.76,123.27,0,0,3,2,1
4275,145.21,9,46,5,91.37,6.04,0,0,1,4,0
4276,991.0,5,38,3,945.65,1.67,0,0,1,3,0
4277,602.79,11,52,5,941.41,67.77,0,0,0,2,0
4278,417.14,9,65,3,182.88,56.52,0,0,2,2,0
4279,1024.41,21,27,2,216.13,34.02,0,0,0,4,0
4280,1578.09,16,40,1,355.79,2.23,0,0,0,4,0
4281,8894.58,1,56,1,3145.46,6.06,0,0,1,1,0
4282,241.8,18,42,0,831.65,10.86,0,0,0,1,0
4283,3496.02,19,41,3,1054.92,50.91,0,0,0,1,0
4284,2901.84,5,37,2,1778.19,54.39,0,1,0,4,0
4285,503.16,12,32,2,2249.52,56.49,0,0,0,5,0
4286,1343.77,8,38,1,746.62,81.24,0,0,0,3,0
4287,693.93,11,59,4,958.59,1.26,0,0,1,2,0
4288,1320.4,17,29,4,674.15,51.54,0,0,3,1,0
4289,4959.85,7,35,6,137.02,14.49,0,0,2,5,0
4290,2009.43,17,40,1,838.13,42.32,1,0,0,5,0
4291,1823.67,22,58,3,429.72,66.95,0,0,1,4,0
4292,713.15,21,46,0,64.01,63.66,0,0,2,2,0
4293,248.62,1,58,1,356.64,16.98,0,1,1,5,1
4294,890.28,7,53,8,447.89,21.95,0,0,0,3,0
4295,3665.09,9,22,3,1383.73,124.63,0,0,3,1,1
4296,238.13,8,56,2,586.05,94.49,0,0,0,1,0
4297,381.81,23,43,2,365.77,14.85,0,0,0,4,0
4298,1244.22,17,56,2,230.91,44.22,0,1,1,5,0
4299,409.67,7,28,3,552.67,5.67,0,1,1,3,0
4300,496.45,18,59,4,745.67,53.05,0,0,2,5,0
4301,717.95,2,28,1,1034.01,48.56,0,1,0,4,1
4302,279.89,8,35,5,1275.49,15.32,0,0,2,4,1
4303,414.01,12,29,5,211.36,27.4,0,0,1,1,0
4304,2215.93,8,33,4,809.47,76.23,0,0,1,4,0
4305,296.67,19,44,1,579.0,14.75,0,0,1,1,0
4306,221.88,11,53,6,538.84,73.13,0,0,1,2,0
4307,584.04,22,34,1,779.23,19.02,0,0,2,1,0
4308,2280.06,12,66,5,2600.85,91.49,1,0,0,4,1
4309,900.62,7,38,3,523.42,1.55,0,0,2,4,0
4310,689.12,14,54,3,721.12,14.93,0,0,3,4,0
4311,1146.37,12,48,6,298.41,9.78,0,0,2,5,1
4312,191.39,20,62,0,273.94,110.62,0,0,2,1,0
4313,1798.5,12,52,1,263.33,27.98,0,0,2,3,0
4314,1609.11,16,44,4,185.01,39.44,0,0,2,2,0
4315,728.28,14,40,5,387.84,13.86,0,0,0,3,0
4316,2998.67,21,49,10,2721.41,6.87,0,0,0,3,0
4317,355.14,18,34,3,350.49,45.6,0,0,2,5,0
4318,3387.71,2,28,4,505.94,16.65,1,0,1,3,0
4319,1279.84,13,18,6,213.62,132.15,1,0,0,2,0
4320,783.25,9,45,2,555.98,32.35,0,0,1,2,0
4321,1075.05,16,35,3,278.01,7.43,0,0,0,5,0
4322,985.09,7,66,7,504.36,1.2,0,1,0,3,0
4323,3715.55,17,58,3,501.52,13.22,0,1,1,1,0
4324,373.65,11,37,5,604.03,19.28,0,1,0,1,0
4325,511.57,16,24,4,1612.1,11.59,0,0,1,4,0
4326,3091.16,22,54,5,2769.83,22.75,0,0,0,4,0
4327,604.54,10,33,3,2747.9,105.58,0,0,0,3,0
4328,2698.72,8,56,3,725.1,2.46,0,1,1,2,0
4329,5999.53,21,62,6,763.72,80.78,0,0,1,4,0
4330,733.78,23,62,1,716.94,27.74,0,0,0,4,0
4331,2167.57,23,64,3,1230.64,118.45,0,0,0,1,0
4332,345.95,22,40,1,383.21,54.99,0,0,4,4,0
4333,2332.59,14,49,2,294.69,9.01,1,0,1,1,1
4334,1338.66,8,66,4,133.78,160.32,0,0,1,1,1
4335,1759.95,11,34,2,1357.32,8.4,1,0,2,1,0
4336,575.03,10,36,3,795.67,20.5,0,0,0,3,0
4337,208.29,16,59,2,344.75,192.7,0,0,1,1,0
4338,1813.93,5,51,2,2402.56,11.9,0,0,1,1,0
4339,139.3,7,31,4,391.85,49.87,0,0,2,3,0
4340,798.43,9,20,1,2223.25,189.73,0,0,0,4,1
4341,2810.68,14,56,2,331.14,58.39,0,0,1,1,0
4342,1328.62,3,42,2,769.03,54.35,0,0,0,1,0
4343,7695.13,17,28,2,945.66,48.58,0,0,0,1,0
4344,3056.75,10,66,1,434.78,40.54,0,0,1,3,0
4345,570.27,8,32,2,236.82,148.95,0,0,0,1,0
4346,1127.0,8,36,5,682.08,39.24,0,1,1,5,0
4347,1045.9,7,60,4,357.38,54.43,0,0,0,1,0
4348,225.39,2,32,4,187.4,67.13,0,0,1,1,0
4349,428.2,20,32,3,155.76,37.51,0,0,0,4,1
4350,625.93,17,55,3,772.21,109.34,0,0,2,4,0
4351,143.13,13,32,0,105.61,1.15,0,0,0,4,0
4352,1149.97,2,26,2,526.29,25.15,0,0,1,2,0
4353,854.85,16,22,1,1218.68,47.94,0,0,2,4,0
4354,205.84,3,36,1,198.26,0.96,0,1,2,4,0
4355,1642.89,20,41,5,225.45,138.15,0,0,1,4,0
4356,2243.68,17,46,3,854.93,87.54,0,0,1,4,0
4357,1376.14,14,22,1,79.43,12.36,0,0,0,4,0
4358,793.09,18,39,4,628.04,20.16,0,0,0,4,0
4359,1981.17,21,30,5,447.99,56.53,1,0,1,2,0
4360,2165.1,5,67,2,2102.28,20.85,0,1,1,1,1
4361,1491.3,14,69,1,2383.53,97.16,1,0,0,2,0
4362,480.77,6,66,4,863.51,14.28,0,0,0,2,0
4363,1446.06,11,64,5,377.98,85.27,0,0,3,5,0
4364,3624.53,15,63,5,706.53,31.24,0,0,2,5,0
4365,603.88,8,46,2,1335.66,30.2,0,0,2,3,0
4366,8936.86,19,33,5,1160.48,9.22,0,0,0,1,0
4367,648.31,4,53,4,100.55,204.83,0,0,1,4,0
4368,1132.75,10,34,4,204.09,21.14,0,0,2,4,0
4369,559.76,1,37,3,1210.9,11.45,0,0,1,3,0
4370,1370.97,21,31,0,237.23,1.65,0,0,0,4,0
4371,192.05,15,67,5,867.05,34.01,0,1,0,3,0
4372,635.21,3,23,2,1273.18,1.64,0,0,1,1,0
4373,367.92,4,39,5,1067.36,30.38,0,0,2,4,0
4374,1255.56,6,57,5,972.88,116.47,0,0,0,2,0
4375,2964.45,5,26,2,447.44,34.45,0,0,0,3,1
4376,2092.27,23,49,5,219.41,2.21,0,0,1,4,0
4377,102.34,21,41,5,2785.73,15.35,0,0,0,1,0
4378,8451.25,9,50,2,140.15,2.5,0,0,1,2,0
4379,1473.33,13,30,6,727.49,106.87,0,0,0,3,0
4380,504.47,7,52,2,421.2,13.73,0,0,0,5,0
4381,1283.22,13,23,3,1913.07,3.36,0,0,2,5,0
4382,1307.92,13,66,3,679.68,166.96,0,1,0,5,0
4383,562.93,19,57,6,328.91,33.39,0,0,1,2,0
4384,1336.64,22,47,6,454.23,26.01,0,0,0,4,0
4385,597.36,2,55,2,1345.97,130.92,0,0,1,4,0
4386,731.9,0,33,1,1555.41,37.84,1,0,0,4,0
4387,552.1,8,18,4,1111.58,16.53,1,0,1,1,0
4388,261.73,8,59,3,721.13,78.5,1,0,0,3,0
4389,1268.81,21,35,2,304.39,15.86,1,1,2,1,1
4390,1969.04,1,39,4,369.03,29.24,0,0,0,2,0
4391,1835.15,15,43,1,956.82,81.27,1,0,1,1,0
4392,2489.72,7,31,3,1490.03,134.0,0,0,1,3,0
4393,1516.77,5,54,2,201.96,46.56,1,0,0,4,0
4394,643.73,22,66,2,168.68,35.14,0,0,1,2,0
4395,2539.35,12,31,5,560.43,3.96,1,0,2,2,0
4396,282.16,0,43,2,796.1,47.99,1,1,0,5,0
4397,445.56,18,67,1,754.87,19.77,1,0,1,2,0
4398,418.13,14,53,3,1014.1,36.13,1,0,3,1,0
4399,3229.41,0,69,0,430.48,68.25,0,0,1,2,0
4400,2815.2,9,40,3,1775.2,51.11,1,1,0,2,0
4401,1785.23,0,19,3,2220.31,5.1,0,0,1,3,0
4402,3203.28,11,56,1,1011.3,25.31,0,0,0,4,0
4403,455.19,10,24,1,438.65,11.13,0,0,0,2,0
4404,1554.01,16,56,3,70.91,8.19,0,1,0,2,0
4405,967.61,3,62,6,387.34,12.45,0,0,3,1,0
4406,2557.75,22,68,3,736.31,126.72,0,0,0,1,0
4407,977.28,6,39,4,1100.57,62.33,0,0,0,5,0
4408,746.25,11,45,4,497.8,119.36,0,0,2,1,0
4409,1883.54,12,55,2,606.55,35.31,0,1,0,2,0
4410,2633.76,4,37,2,2553.52,0.06,0,0,0,1,0
4411,562.09,5,66,2,274.31,1.75,0,0,2,4,0
4412,1031.66,1,35,1,174.15,7.81,0,0,1,3,0
4413,380.53,20,41,3,97.05,75.87,1,0,1,3,0
4414,90.19,6,50,2,1418.44,11.26,1,0,1,5,0
4415,1340.05,13,62,3,226.4,5.36,0,0,0,5,0
4416,2016.07,21,43,1,497.93,98.66,0,0,0,5,0
4417,1425.2,13,36,3,1272.36,12.97,0,0,1,3,0
4418,156.09,9,65,5,2275.51,34.9,1,1,1,4,1
4419,772.13,3,59,2,687.76,20.74,1,0,0,2,0
4420,119.3,2,30,1,295.65,113.43,0,0,0,4,0
4421,4314.35,22,27,1,872.8,61.0,0,0,2,2,1
4422,370.16,13,31,6,282.93,30.25,1,0,0,1,0
4423,3848.36,5,26,7,624.55,99.41,0,0,1,3,0
4424,2823.89,22,28,0,215.83,64.87,0,0,2,3,0
4425,445.59,14,20,0,338.24,82.74,1,1,0,5,1
4426,353.26,7,57,1,3999.81,189.86,1,0,1,3,0
4427,1556.77,4,29,1,1562.9,11.35,0,0,0,1,0
4428,471.39,2,52,3,385.78,11.31,1,0,0,4,0
4429,1214.98,2,56,4,464.83,40.65,0,0,0,1,0
4430,676.66,12,63,3,1179.17,38.03,0,0,0,4,0
4431,184.72,1,56,3,475.76,101.67,0,0,1,5,0
4432,117.86,23,49,2,1752.94,8.47,0,0,0,4,0
4433,1375.65,0,56,5,188.64,27.67,0,0,0,4,1
4434,625.43,11,31,3,627.57,37.53,0,0,1,4,1
4435,630.75,7,61,5,349.28,31.19,1,0,0,5,0
4436,2199.23,18,18,2,814.78,3.47,1,0,0,3,0
4437,3545.53,8,44,2,730.68,8.0,0,0,1,3,0
4438,835.02,13,54,1,676.94,8.34,0,0,0,3,0
4439,780.08,17,60,4,933.21,45.32,0,0,0,2,0
4440,1808.3,9,18,4,826.56,28.01,0,0,0,2,0
4441,282.33,8,62,2,266.74,9.81,0,0,0,2,0
4442,1370.8,5,46,2,607.04,66.71,0,0,0,1,0
4443,1904.33,0,41,5,608.54,81.22,0,0,0,3,0
4444,2165.12,4,34,3,637.97,11.79,0,0,1,4,0
4445,158.1,9,52,2,3854.7,64.14,1,0,0,5,0
4446,512.16,12,48,4,679.43,3.29,0,0,3,5,0
4447,455.66,21,59,4,2462.64,96.88,0,0,1,2,0
4448,1211.83,22,49,0,139.22,164.47,1,0,1,1,0
4449,1773.56,3,36,7,415.68,8.47,1,0,0,2,1
4450,4898.63,0,48,5,542.66,77.13,0,0,0,2,0
4451,668.5,20,56,2,2281.25,5.12,0,0,1,4,0
4452,666.76,1,37,2,115.19,162.53,0,1,1,3,1
4453,3462.24,23,45,3,1443.2,30.08,0,0,0,2,0
4454,1475.24,3,20,5,1019.25,38.32,0,0,2,5,0
4455,3895.79,16,49,2,1021.89,72.17,0,0,1,3,0
4456,1463.71,9,39,2,564.3,14.3,0,1,1,1,0
4457,344.77,22,61,2,752.59,25.45,0,0,0,3,0
4458,289.13,11,59,4,637.55,3.63,1,0,2,1,0
4459,232.41,1,61,7,385.66,47.68,0,0,0,2,0
4460,2126.12,2,32,3,1364.43,80.3,0,1,2,2,0
4461,3599.67,13,55,4,708.81,95.47,0,1,2,3,0
4462,6969.94,14,36,6,354.67,38.43,0,0,2,1,0
4463,2548.11,12,48,2,922.66,72.58,0,0,2,2,0
4464,3508.13,8,43,4,561.64,8.12,0,0,2,3,0
4465,613.99,1,22,0,464.43,68.01,0,0,0,1,0
4466,345.01,18,37,2,171.11,0.23,0,0,0,4,0
4467,2565.94,15,19,3,437.33,10.84,0,1,1,2,0
4468,1665.17,10,38,3,419.93,50.34,1,1,0,5,0
4469,1221.02,11,68,6,847.99,19.32,0,1,0,5,0
4470,1615.45,0,68,3,488.83,26.43,0,0,1,2,0
4471,1515.02,1,53,5,5692.59,87.45,0,0,0,3,0
4472,3959.28,15,45,3,194.73,42.33,0,0,1,3,0
4473,4003.75,1,37,3,245.42,25.46,0,0,0,4,0
4474,1889.79,18,54,2,431.79,31.35,0,0,1,4,1
4475,2554.99,9,56,2,890.05,94.34,0,0,1,5,0
4476,1833.65,18,53,2,511.89,33.24,1,0,2,3,0
4477,691.48,9,28,2,407.54,104.11,1,0,3,5,1
4478,2336.86,15,20,6,255.59,14.19,0,0,0,5,0
4479,271.92,12,54,3,937.47,38.15,0,0,3,3,0
4480,3146.01,15,37,0,5929.01,23.02,0,0,0,5,0
4481,332.11,17,49,3,285.02,44.74,0,0,0,3,0
4482,1459.43,23,64,5,1053.32,42.84,0,1,1,2,0
4483,470.99,7,42,4,2333.99,42.35,1,0,2,1,0
4484,1907.2,23,38,3,744.53,37.51,0,0,1,3,0
4485,1060.05,17,67,0,871.79,30.3,0,0,2,2,0
4486,222.57,12,33,3,623.6,120.6,0,0,0,2,0
4487,1670.2,6,65,4,2784.76,15.6,0,0,0,2,0
4488,615.28,20,59,4,1259.47,28.45,0,1,2,4,0
4489,2646.91,22,18,4,1653.1,11.86,1,0,1,5,0
4490,1098.09,23,40,5,599.39,20.19,0,1,2,2,0
4491,1628.51,17,60,3,1145.15,14.32,0,0,1,4,1
4492,420.92,5,66,4,626.66,55.39,0,0,1,4,0
4493,608.3,8,41,2,1233.45,61.48,1,0,0,5,0
4494,693.23,5,64,3,480.59,16.2,0,0,0,2,0
4495,2582.99,17,42,1,1694.42,205.56,0,0,1,1,0
4496,5868.63,16,24,3,1028.38,16.72,0,0,1,3,0
4497,490.21,11,55,1,461.05,88.13,0,0,0,1,0
4498,3219.07,2,64,3,1339.71,17.31,0,0,1,2,0
4499,125.25,4,64,3,516.85,26.65,1,1,0,3,0
4500,332.22,6,56,1,247.74,54.64,0,0,0,3,0
4501,420.41,9,52,1,531.49,40.78,0,0,1,3,0
4502,283.58,9,31,6,535.24,35.28,1,0,0,4,0
4503,225.07,18,26,5,263.47,79.05,1,0,2,4,0
4504,1657.39,3,20,2,991.5,61.5,0,0,1,1,0
4505,885.31,9,55,2,931.83,122.77,1,1,0,5,0
4506,1602.64,17,37,2,657.05,13.12,0,0,2,5,0
4507,2187.41,2,58,3,1279.21,0.82,0,0,0,4,0
4508,1430.27,20,50,4,496.66,443.15,0,0,4,1,1
4509,2117.02,2,58,0,202.39,16.66,1,0,2,3,0
4510,1022.97,4,61,4,395.45,2.19,0,0,0,2,0
4511,334.62,15,49,5,341.9,14.21,0,0,0,2,0
4512,3158.38,19,53,2,496.37,55.25,0,0,2,5,0
4513,608.43,12,43,3,721.67,44.35,0,0,1,3,0
4514,430.27,10,65,2,3356.46,11.58,0,1,2,5,0
4515,917.89,12,22,1,194.53,10.3,0,0,0,1,0
4516,440.18,18,66,2,1353.85,29.38,0,0,0,5,0
4517,722.39,5,47,3,298.12,0.68,0,1,2,2,0
4518,1546.97,23,34,3,960.25,0.12,0,0,0,1,0
4519,1553.62,12,23,4,399.61,47.97,0,0,1,1,0
4520,446.83,3,32,4,800.69,19.67,0,0,1,2,0
4521,673.37,21,18,6,2454.04,1.21,0,1,0,5,0
4522,3210.98,4,30,1,203.11,30.79,0,1,0,1,0
4523,1801.55,18,65,5,852.61,137.1,0,1,1,5,0
4524,8734.75,4,51,5,882.18,14.71,0,0,3,3,0
4525,3569.31,20,47,3,1508.3,14.46,0,0,1,1,0
4526,3443.67,13,36,6,704.55,31.55,0,0,1,2,0
4527,273.73,3,19,7,10458.19,8.04,0,0,1,2,0
4528,2353.97,11,61,4,1715.37,50.8,0,0,0,5,0
4529,1039.91,5,29,3,1102.28,91.4,0,1,0,4,0
4530,632.08,18,57,5,893.28,10.82,1,0,3,3,0
4531,1297.27,9,61,3,1068.07,53.75,1,0,1,4,0
4532,2822.03,0,41,6,742.13,109.46,1,0,0,5,1
4533,1809.55,22,28,1,746.39,116.69,1,0,1,4,0
4534,455.56,22,19,1,197.48,40.25,0,0,1,5,0
4535,2304.13,15,18,2,1062.39,8.26,0,0,4,3,0
4536,579.64,3,45,3,1053.27,53.82,0,1,2,5,0
4537,1361.96,8,21,4,883.44,66.37,0,1,2,5,1
4538,809.69,17,58,3,901.31,70.19,0,1,0,5,1
4539,881.07,16,47,4,1222.08,136.16,0,0,1,3,0
4540,2359.59,14,24,2,962.05,47.76,1,0,2,4,0
4541,387.54,18,39,0,713.42,31.38,1,1,0,5,0
4542,7670.94,6,43,2,866.73,34.91,0,1,1,4,0
4543,177.49,17,46,3,1780.49,19.4,0,0,1,2,0
4544,603.25,5,42,2,2150.99,2.95,0,0,0,2,0
4545,1587.97,18,27,3,302.89,63.2,0,1,0,2,1
4546,1967.1,20,37,3,485.91,1.0,1,0,0,3,1
4547,991.8,11,31,4,1425.01,3.31,0,1,0,5,0
4548,1035.47,2,50,0,1040.34,20.33,0,0,0,5,1
4549,1653.34,0,22,3,399.64,133.73,0,0,1,5,1
4550,870.38,4,62,4,699.68,33.0,0,1,0,1,0
4551,4416.85,0,23,3,1248.91,12.11,1,0,2,2,0
4552,2538.55,7,39,4,3086.53,113.68,0,0,0,3,0
4553,2624.97,6,34,4,4372.89,42.4,0,0,1,4,1
4554,417.32,14,32,1,155.51,23.09,0,0,4,5,1
4555,1012.94,10,56,2,1314.27,62.89,0,0,2,4,0
4556,812.03,17,57,2,403.14,29.09,0,0,1,5,0
4557,401.18,13,45,2,1673.98,65.46,0,0,1,2,0
4558,1572.09,8,19,4,222.15,12.32,1,1,0,2,1
4559,640.57,4,35,1,385.01,8.14,0,0,1,1,0
4560,2112.03,22,44,4,578.56,30.9,0,0,0,1,0
4561,376.08,3,38,0,1137.17,19.25,0,0,0,5,0
4562,6118.31,11,40,5,494.54,46.46,0,0,1,4,0
4563,447.5,0,24,4,371.43,77.75,1,0,0,1,0
4564,1365.54,23,69,3,169.37,115.89,0,0,1,3,0
4565,2420.81,12,65,0,390.85,71.47,0,0,2,2,0
4566,619.78,0,36,2,1142.48,20.91,1,0,0,4,1
4567,2572.08,2,26,0,2187.26,64.98,0,0,0,5,0
4568,320.8,21,29,2,288.76,37.74,0,1,0,5,0
4569,4684.98,7,63,4,311.24,118.27,0,1,1,2,0
4570,1112.26,23,47,2,368.92,61.36,0,0,1,4,0
4571,604.01,17,24,3,605.55,8.14,1,0,0,3,0
4572,813.07,15,19,1,776.66,4.07,0,0,1,5,0
4573,2462.47,19,34,2,520.42,39.25,1,0,2,2,0
4574,611.27,19,28,2,187.83,22.71,1,1,0,1,1
4575,518.35,15,67,2,130.93,9.2,1,0,0,2,0
4576,878.72,1,29,1,448.26,79.89,1,0,0,2,0
4577,338.0,16,20,2,1018.13,23.53,0,0,2,1,0
4578,6771.95,9,38,4,668.75,4.5,0,0,1,3,0
4579,622.41,6,31,4,2557.91,15.21,0,0,5,2,0
4580,2519.0,9,32,4,197.33,56.49,1,0,1,2,0
4581,1352.18,18,68,5,721.79,52.2,1,0,0,2,0
4582,409.72,19,59,2,2029.69,15.22,0,1,1,4,1
4583,1090.12,8,58,1,523.74,20.87,0,0,0,5,0
4584,2401.87,21,27,4,239.38,2.56,0,1,2,4,0
4585,908.45,16,69,2,76.43,153.16,0,0,0,2,0
4586,3615.96,8,53,3,515.48,19.81,0,0,0,2,0
4587,3045.79,8,68,0,441.59,132.54,0,0,1,1,0
4588,2748.79,4,27,2,395.6,84.07,0,0,0,1,0
4589,692.52,23,34,3,845.26,20.41,0,0,0,4,0
4590,372.47,6,61,1,2842.63,59.23,1,0,0,2,0
4591,593.72,10,42,0,221.67,32.09,1,0,1,1,0
4592,1334.41,7,44,3,308.43,187.86,0,0,0,1,0
4593,1892.75,13,50,6,591.19,50.87,0,1,1,3,0
4594,125.01,1,28,3,1184.01,36.6,0,0,0,3,0
4595,1087.77,9,30,5,488.9,50.8,0,0,0,2,0
4596,1284.45,20,18,4,1060.53,12.44,0,1,0,1,0
4597,830.86,23,48,2,210.28,18.29,0,0,0,4,0
4598,3988.91,15,50,5,690.95,62.36,1,0,3,5,0
4599,1672.01,15,38,1,657.78,4.37,0,0,1,4,0
4600,4065.09,18,33,1,2332.27,18.02,0,0,1,2,0
4601,883.63,10,56,5,1648.25,48.32,0,1,0,5,0
4602,2800.29,5,40,3,728.93,272.42,1,0,0,4,0
4603,5625.51,5,27,2,310.98,129.96,0,0,0,4,0
4604,4071.2,6,65,1,102.81,89.26,0,0,0,5,0
4605,367.92,15,50,5,327.66,34.74,0,0,0,3,0
4606,850.92,12,39,4,3824.17,81.67,0,0,1,4,0
4607,776.53,2,58,3,156.06,40.93,0,0,1,2,0
4608,1788.72,23,23,0,320.22,30.67,0,0,2,4,0
4609,2178.42,23,64,1,736.71,12.65,0,0,1,1,0
4610,473.95,8,53,2,1831.31,150.73,0,0,0,4,1
4611,1173.61,23,64,9,239.13,45.59,0,0,0,4,1
4612,145.48,2,27,1,964.18,56.25,1,0,2,4,0
4613,4637.57,5,33,2,354.47,7.6,1,0,2,2,0
4614,656.96,16,30,3,250.85,28.18,0,0,0,4,0
4615,1159.64,2,68,4,413.16,167.14,0,0,0,2,1
4616,804.6,1,37,1,641.52,70.87,0,0,1,2,0
4617,3449.65,11,21,2,240.98,107.2,1,0,1,4,0
4618,64.23,23,37,3,1623.59,25.2,0,1,0,4,0
4619,1078.57,5,39,3,2121.11,3.44,0,0,2,4,0
4620,986.52,9,46,6,376.82,21.65,0,0,1,4,0
4621,696.71,10,33,5,1239.76,23.58,0,1,0,2,0
4622,6162.43,15,60,3,196.03,17.91,0,1,0,2,0
4623,451.54,15,64,1,573.82,37.4,0,0,0,4,0
4624,2372.73,23,60,2,1299.83,10.67,0,0,0,2,0
4625,1565.96,17,40,2,1180.57,138.77,1,0,1,1,0
4626,3871.97,21,47,2,747.35,119.04,0,0,1,3,0
4627,562.74,22,47,2,1736.55,15.16,0,0,0,5,0
4628,526.91,23,60,6,368.99,52.7,0,1,0,3,0
4629,3281.55,8,20,4,713.6,34.77,0,0,0,3,0
4630,1677.94,20,41,3,693.58,14.39,0,0,0,5,0
4631,233.94,18,66,2,931.0,113.7,0,0,0,4,0
4632,639.51,1,54,1,1079.87,13.14,0,0,0,3,0
4633,1613.86,23,30,1,236.07,48.99,1,0,1,4,1
4634,2534.53,0,59,4,1148.71,20.43,0,0,0,4,1
4635,556.0,15,49,5,253.48,87.47,0,0,0,1,0
4636,59.49,21,54,4,1389.09,48.42,0,0,0,2,0
4637,1850.52,17,29,1,2700.37,89.37,0,0,3,5,0
4638,323.66,2,25,4,445.51,21.36,0,0,0,5,0
4639,145.86,23,41,2,313.71,0.56,0,0,0,5,1
4640,64.57,0,61,4,2515.76,12.53,0,0,1,2,0
4641,2474.96,5,33,1,630.32,84.21,0,0,2,5,0
4642,1247.15,18,49,2,226.77,19.05,0,0,1,3,0
4643,875.1,21,51,4,318.78,19.26,0,1,0,5,1
4644,4398.52,18,52,1,333.02,29.86,0,0,0,1,0
4645,2074.19,10,49,3,1743.64,16.06,1,1,1,4,0
4646,5520.92,7,67,3,296.08,82.28,1,0,2,4,0
4647,272.4,4,34,7,102.17,19.41,0,0,1,1,0
4648,1059.39,19,19,4,639.0,46.31,1,1,1,2,0
4649,217.74,8,43,3,842.32,29.99,1,0,0,2,0
4650,871.85,14,61,1,1051.02,16.94,0,0,1,5,0
4651,855.24,20,34,3,76.01,15.42,0,0,0,5,0
4652,2052.09,13,55,2,574.01,34.85,0,0,0,3,0
4653,1147.76,3,66,3,471.38,11.84,0,0,2,4,0
4654,2045.52,23,19,3,930.51,21.2,1,0,1,5,0
4655,2215.96,23,25,2,135.77,2.01,0,1,3,1,0
4656,9460.96,7,63,5,750.12,78.1,0,0,1,2,0
4657,800.07,19,23,3,769.08,2.23,0,1,2,5,1
4658,427.94,16,26,0,1649.58,102.89,0,1,0,2,0
4659,1402.6,1,18,2,882.7,2.43,0,0,1,4,1
4660,491.63,19,22,2,1160.33,94.25,0,0,1,3,0
4661,4826.91,15,56,1,247.11,51.66,0,0,0,2,1
4662,826.15,9,26,3,610.33,35.26,1,0,1,2,0
4663,622.92,1,31,7,1884.52,7.83,0,0,0,5,0
4664,684.5,10,44,1,446.1,14.84,0,0,1,5,0
4665,2249.4,9,26,6,1234.95,58.58,0,0,0,4,0
4666,936.6,18,53,6,306.34,35.89,0,0,1,3,0
4667,577.28,13,46,3,551.48,36.11,0,0,1,5,1
4668,5798.48,10,37,2,181.56,7.15,0,0,1,3,0
4669,465.83,8,32,1,617.97,32.23,0,0,0,3,0
4670,1136.34,6,53,5,337.75,44.61,0,0,0,5,0
4671,2105.5,14,20,3,1654.87,6.52,0,0,1,2,0
4672,214.58,19,40,1,3369.02,183.13,1,0,0,1,1
4673,1772.7,16,63,3,166.34,88.61,0,1,1,4,0
4674,381.8,2,26,3,245.96,19.1,0,0,0,3,0
4675,2496.84,14,47,6,1386.21,41.44,0,0,1,2,0
4676,418.78,13,36,3,358.71,40.93,0,0,0,3,0
4677,2192.44,7,55,3,618.74,5.64,0,0,2,5,0
4678,3313.74,3,20,1,2218.0,28.83,1,0,0,4,0
4679,2595.25,9,67,1,2268.53,11.64,1,0,1,4,0
4680,1409.96,1,65,2,233.12,20.26,1,1,1,2,0
4681,870.18,13,20,6,3107.27,144.0,0,0,0,3,0
4682,616.21,7,51,5,1132.39,40.07,0,0,2,2,0
4683,4774.45,22,19,1,1481.31,3.46,0,0,0,5,0
4684,544.85,9,44,2,388.13,55.78,0,0,0,1,0
4685,388.75,17,40,2,357.76,330.01,0,0,0,5,0
4686,2133.18,14,59,2,164.31,9.18,0,0,0,3,0
4687,494.66,4,49,3,244.87,57.43,0,0,1,1,0
4688,424.09,21,64,2,1146.67,86.94,0,0,0,1,0
4689,258.89,12,52,1,958.37,92.91,0,0,1,1,0
4690,676.61,17,57,5,1245.47,61.47,0,0,0,5,0
4691,1009.58,1,35,2,800.58,120.32,0,0,0,3,0
4692,1398.41,12,44,3,650.75,1.63,0,0,1,1,0
4693,2839.28,13,28,0,377.86,3.32,1,0,0,2,0
4694,1857.33,9,56,3,528.54,7.22,0,0,0,1,0
4695,906.08,3,36,5,1359.89,2.21,0,0,1,5,0
4696,899.47,14,42,2,1273.5,6.39,0,0,2,2,0
4697,1826.5,7,24,5,811.57,84.9,0,0,1,3,0
4698,3915.0,14,48,7,313.29,113.39,0,0,0,3,0
4699,1244.28,13,19,2,451.12,20.47,0,0,0,5,0
4700,685.99,20,55,6,225.13,157.54,0,0,1,1,1
4701,406.32,8,22,4,498.23,27.1,1,0,1,3,0
4702,258.47,19,31,4,174.39,9.44,0,0,2,4,0
4703,2135.1,2,35,1,506.66,57.18,0,1,0,1,0
4704,1954.67,14,53,4,389.07,27.26,0,0,2,2,1
4705,1953.47,23,21,2,657.27,0.98,0,0,0,5,0
4706,964.24,16,41,8,355.92,169.6,0,0,1,5,0
4707,4478.01,15,30,3,1193.3,45.55,0,0,0,2,0
4708,675.79,3,38,5,178.42,47.51,0,0,0,1,0
4709,2850.56,10,50,1,185.64,202.79,1,0,0,2,1
4710,1054.96,7,37,5,535.39,89.64,0,0,0,2,0
4711,596.84,2,22,3,820.91,22.52,0,0,1,4,0
4712,1983.33,18,41,6,478.28,2.14,0,0,1,2,1
4713,1651.83,13,52,2,511.65,12.58,0,0,2,5,0
4714,1567.09,8,47,2,716.79,21.66,0,0,1,3,0
4715,1189.49,2,45,5,989.83,161.26,0,0,2,1,0
4716,1055.86,3,68,4,472.54,109.76,0,0,0,3,0
4717,11948.63,3,62,2,774.09,1.09,0,0,1,2,0
4718,3584.08,10,24,2,1460.56,218.02,0,0,0,2,0
4719,2259.34,18,59,0,222.5,14.86,0,0,2,4,1
4720,1226.35,15,52,2,1829.57,74.67,0,0,3,5,1
4721,3002.37,22,47,3,1721.56,6.2,0,1,2,1,0
4722,1840.87,21,51,3,340.7,12.44,1,0,0,2,0
4723,1125.75,16,56,3,1008.74,35.2,0,0,1,5,0
4724,809.52,9,26,1,195.04,60.8,1,0,1,3,0
4725,1011.39,23,29,3,846.61,21.19,0,0,0,1,0
4726,46.04,16,46,4,1982.15,103.28,0,0,0,1,0
4727,1353.71,15,27,2,288.11,140.83,0,1,1,4,1
4728,672.85,19,44,4,362.43,6.54,0,0,2,5,0
4729,5391.99,21,36,3,888.02,63.39,0,0,3,1,1
4730,1118.05,5,30,6,504.02,7.07,0,0,1,3,0
4731,333.97,6,59,3,775.06,20.83,1,0,1,3,0
4732,1043.27,13,54,4,4699.83,85.62,0,0,0,2,0
4733,385.24,10,49,3,477.31,20.5,0,0,1,2,0
4734,1760.6,11,32,1,189.73,118.97,0,0,0,3,0
4735,1466.96,13,38,2,392.39,26.51,1,0,0,5,1
4736,2857.89,4,20,2,771.24,18.54,0,0,2,5,1
4737,497.26,4,25,3,238.98,226.06,0,0,1,3,0
4738,1134.57,19,23,5,384.79,29.13,0,0,1,3,0
4739,280.05,21,46,2,1714.64,67.54,0,0,0,2,0
4740,2211.65,22,36,4,2454.28,45.75,1,0,0,3,0
4741,1842.49,14,34,4,485.2,11.31,1,0,0,2,0
4742,1800.47,0,27,3,495.55,34.69,1,0,0,2,1
4743,1098.41,23,50,3,249.25,4.03,0,0,2,2,0
4744,1660.33,22,30,6,814.84,61.68,0,0,2,4,0
4745,5455.28,8,44,4,4500.82,36.59,1,0,1,5,0
4746,824.61,2,59,2,495.26,6.53,1,0,1,3,0
4747,1259.72,3,29,3,509.43,72.78,0,1,2,4,1
4748,370.14,15,19,0,989.35,81.63,0,0,0,2,0
4749,460.24,6,27,4,463.36,66.18,0,0,0,4,1
4750,1209.32,21,38,4,469.89,19.95,0,0,0,4,1
4751,3307.45,13,40,1,2008.97,64.22,0,0,0,5,0
4752,848.71,15,18,1,236.47,43.1,0,0,0,1,0
4753,866.17,17,50,6,279.73,39.25,0,0,2,2,0
4754,730.05,15,69,2,1113.24,52.31,0,1,0,4,0
4755,642.42,15,43,1,590.07,49.72,1,0,0,3,1
4756,1472.87,1,32,2,281.32,80.26,0,0,1,1,0
4757,245.36,9,39,3,839.48,213.38,0,0,1,1,0
4758,3947.9,6,42,1,509.32,64.78,0,0,0,4,0
4759,563.73,14,18,3,762.83,29.15,0,0,0,1,0
4760,2257.25,8,43,3,530.49,30.96,0,0,2,1,1
4761,307.97,6,38,2,203.59,1.49,0,0,1,4,0
4762,2140.6,23,58,2,1552.28,8.71,0,0,0,5,0
4763,2147.25,15,41,3,2575.71,12.95,0,0,1,3,0
4764,1610.34,2,56,6,318.37,231.91,0,0,0,2,0
4765,405.68,16,33,3,2412.45,72.01,0,0,2,5,0
4766,1407.47,22,49,4,611.09,7.63,0,0,4,2,0
4767,335.94,7,33,3,58.94,34.49,0,0,3,4,0
4768,851.7,1,30,0,934.55,12.01,0,0,0,2,0
4769,3069.94,19,59,2,114.29,17.66,1,1,1,5,1
4770,2432.57,2,49,4,449.9,46.39,0,0,0,3,1
4771,1113.41,7,67,1,1170.53,45.69,0,0,2,5,0
4772,413.72,1,58,4,972.68,102.71,0,0,0,1,1
4773,2091.4,18,61,2,373.71,8.99,0,1,2,1,0
4774,1118.09,16,41,4,1099.06,34.4,0,0,0,5,0
4775,107.74,4,30,2,1368.04,45.67,1,0,1,1,0
4776,2398.57,19,28,5,410.69,133.3,0,0,1,5,1
4777,1070.38,16,32,2,506.29,36.33,0,0,2,5,0
4778,3649.89,9,27,5,779.98,20.83,0,0,1,3,0
4779,366.77,8,59,5,263.46,17.28,0,0,0,3,0
4780,45.75,21,58,1,347.91,12.17,0,0,0,3,0
4781,1449.66,5,20,2,1479.34,163.99,0,0,0,1,0
4782,1467.86,10,33,2,4180.07,46.18,0,0,2,1,0
4783,202.21,1,61,2,1081.46,18.09,0,0,1,2,1
4784,412.2,22,34,5,821.99,68.35,0,1,0,5,0
4785,17243.97,11,42,2,2874.44,17.07,0,0,1,5,1
4786,807.86,11,47,3,317.08,35.04,0,0,2,3,0
4787,2277.79,15,64,4,710.55,1.32,0,0,2,1,0
4788,572.12,21,52,4,1290.61,93.73,0,0,0,3,0
4789,135.6,23,54,3,342.3,156.81,0,0,1,1,0
4790,924.95,11,30,2,179.18,100.4,0,0,1,1,1
4791,840.83,20,41,6,1284.74,9.38,0,0,0,5,0
4792,735.18,17,55,2,1424.88,87.23,0,0,0,1,0
4793,977.85,12,43,2,1306.01,21.31,1,0,0,1,0
4794,1428.34,14,26,2,1324.68,137.66,1,0,1,5,1
4795,943.77,15,36,1,714.51,17.77,0,1,0,2,0
4796,309.82,3,45,1,745.48,4.68,0,0,1,5,0
4797,1783.24,11,24,4,799.39,95.84,0,0,1,1,0
4798,156.12,16,62,1,1614.09,6.2,0,0,0,1,0
4799,141.12,0,39,1,831.68,38.98,0,0,0,1,0
4800,2296.59,21,47,2,712.57,23.58,0,0,0,1,0
4801,1820.78,17,54,4,868.91,70.7,0,0,0,1,0
4802,1035.46,21,33,5,950.31,69.1,0,0,3,5,1
4803,271.66,15,53,4,285.12,74.84,1,0,0,2,0
4804,540.28,0,22,0,2019.79,3.27,0,0,4,5,0
4805,843.24,9,46,2,391.51,97.73,0,0,1,5,1
4806,222.32,18,69,3,704.39,31.4,0,0,1,3,0
4807,523.73,15,68,3,313.91,12.37,1,0,0,1,0
4808,2105.55,13,40,4,565.55,17.75,0,1,1,1,0
4809,4570.17,1,23,1,1021.53,116.52,1,0,0,4,0
4810,720.95,23,53,4,854.1,0.3,0,1,1,1,0
4811,2336.68,5,50,2,433.0,80.9,0,0,0,2,0
4812,161.73,21,66,3,383.71,128.8,0,0,0,5,0
4813,2120.59,22,58,3,818.82,14.39,0,0,1,2,0
4814,490.81,4,33,2,1578.95,86.3,0,0,0,4,0
4815,1491.21,11,51,3,2095.21,8.78,0,0,0,1,0
4816,855.98,3,60,3,3332.63,0.82,1,1,1,4,0
4817,4106.86,21,43,5,379.4,46.39,0,0,0,3,0
4818,457.4,23,54,1,359.18,51.95,0,0,1,3,0
4819,2054.13,3,30,4,605.17,8.13,0,0,1,4,0
4820,829.23,4,69,3,578.43,35.92,0,0,3,4,0
4821,936.07,6,34,6,211.63,24.35,1,1,2,1,0
4822,912.46,5,49,2,1302.79,3.97,0,0,1,2,0
4823,470.75,12,49,3,357.8,35.44,0,0,0,1,0
4824,1081.28,3,45,2,396.57,43.99,0,0,1,4,0
4825,1030.04,12,46,3,938.85,12.24,0,0,0,5,0
4826,1395.82,3,42,5,255.76,67.31,0,0,1,4,1
4827,1193.33,9,64,2,543.06,3.77,0,0,2,3,0
4828,2435.71,19,39,4,1203.1,40.04,0,0,0,3,0
4829,2761.44,0,44,2,692.0,18.08,1,0,2,5,0
4830,383.51,20,61,0,1208.99,28.64,1,0,0,1,0
4831,2614.35,7,55,2,1459.08,111.97,0,0,0,3,0
4832,334.84,6,37,5,621.55,55.43,0,1,1,3,0
4833,1974.08,4,62,1,45.54,8.06,1,0,0,2,0
4834,2038.03,2,67,1,1777.73,108.71,0,0,2,5,0
4835,162.18,14,41,5,640.43,23.33,0,0,1,3,0
4836,1203.49,16,64,6,1252.05,20.87,0,0,1,3,0
4837,686.43,22,64,3,1985.61,34.81,0,0,0,3,0
4838,513.49,12,25,4,154.42,11.49,0,0,0,1,0
4839,4233.79,14,68,4,663.0,122.81,1,0,0,5,1
4840,570.39,18,31,3,2286.66,31.55,0,0,1,2,0
4841,489.62,19,56,2,563.97,25.03,0,0,0,3,0
4842,1182.87,13,31,4,1452.08,9.37,0,0,2,2,0
4843,2176.75,20,22,4,276.99,81.15,1,1,0,2,0
4844,951.8,12,64,4,975.51,152.71,0,0,0,2,0
4845,3520.54,11,38,4,244.47,101.85,0,0,0,5,0
4846,1864.92,23,32,1,1367.91,8.81,0,0,2,5,0
4847,124.19,22,53,2,463.24,69.64,0,0,1,5,0
4848,645.83,8,50,3,2087.35,11.42,0,0,2,4,0
4849,625.25,2,34,13,2149.19,1.98,0,0,0,2,1
4850,1771.11,10,37,4,410.26,33.13,0,1,1,4,0
4851,79.45,9,18,1,2549.45,55.49,0,0,0,1,0
4852,14030.79,0,33,0,416.19,6.64,0,0,0,2,0
4853,1865.02,16,62,2,1145.33,46.51,0,0,1,3,0
4854,1272.68,12,35,5,648.32,92.78,1,0,2,2,0
4855,3574.45,13,27,3,474.48,11.72,0,0,2,5,1
4856,11426.08,0,40,3,1263.07,27.91,0,1,0,2,0
4857,2619.52,1,35,2,441.69,34.54,0,0,1,1,0
4858,2832.21,1,66,4,422.51,88.96,1,0,0,5,0
4859,1249.74,6,26,3,668.18,73.78,0,0,0,5,1
4860,951.91,8,63,4,1375.64,73.34,0,0,0,5,0
4861,681.44,23,47,1,803.55,56.82,0,0,0,3,0
4862,480.05,3,30,4,499.2,48.09,0,0,0,1,0
4863,551.69,1,69,2,441.1,35.55,0,0,0,4,1
4864,284.13,18,69,3,562.87,23.07,0,0,0,3,0
4865,1016.51,4,48,4,1028.86,36.0,0,0,1,4,0
4866,203.43,8,63,2,281.76,96.11,0,0,1,5,0
4867,1327.32,23,60,1,391.87,42.27,0,0,2,5,0
4868,1057.51,12,30,4,1250.75,212.05,0,0,0,4,0
4869,1270.21,11,49,3,343.22,7.69,0,0,0,2,0
4870,650.58,18,34,1,419.66,29.09,0,0,0,1,0
4871,23786.19,8,20,4,648.89,11.17,0,0,0,2,0
4872,4273.19,9,18,2,347.12,22.71,0,0,1,5,0
4873,315.91,18,22,4,460.4,77.98,0,0,1,4,0
4874,1384.19,9,49,1,739.71,87.08,0,1,0,3,0
4875,597.05,11,42,6,1181.16,1.61,0,0,1,5,0
4876,397.63,13,62,6,360.83,153.28,0,0,3,5,0
4877,287.13,7,22,2,344.9,102.74,0,0,2,3,0
4878,1689.55,15,54,2,1655.59,117.68,1,0,1,2,0
4879,554.81,16,40,1,396.07,23.64,1,1,1,2,0
4880,2886.58,19,29,3,365.38,34.35,0,0,0,2,0
4881,2962.48,3,51,6,134.68,9.23,0,1,0,5,1
4882,4332.56,5,40,1,1612.63,25.28,0,0,2,1,0
4883,467.6,11,33,3,1998.18,6.74,0,0,1,4,0
4884,1764.05,17,66,0,654.81,99.49,0,0,0,4,0
4885,2064.11,6,22,3,777.89,43.51,1,0,0,1,0
4886,682.54,4,61,1,665.62,7.31,0,0,2,2,0
4887,506.86,9,64,3,276.94,105.63,0,0,2,4,0
4888,5483.62,5,45,2,1092.63,4.19,0,0,0,2,0
4889,1376.77,13,23,6,1985.21,130.83,0,1,0,5,0
4890,2071.37,5,30,3,664.03,5.59,0,0,0,1,0
4891,481.99,13,60,3,1177.32,63.29,0,0,0,4,0
4892,323.99,11,47,4,329.93,51.83,0,0,1,5,0
4893,620.52,21,43,3,307.11,76.32,1,0,1,1,1
4894,968.72,11,34,3,966.94,41.59,1,0,2,5,1
4895,378.33,7,26,1,2254.05,21.53,0,0,0,5,0
4896,1085.89,9,33,5,409.71,16.04,0,0,1,3,0
4897,202.65,15,66,3,575.17,145.45,0,0,2,2,0
4898,357.79,19,69,5,1012.81,29.1,0,0,2,4,0
4899,2145.04,7,35,5,465.7,92.32,0,1,1,5,0
4900,2005.78,8,30,2,980.93,64.2,0,0,1,5,0
4901,741.09,12,46,2,310.66,53.38,1,0,1,5,0
4902,396.33,19,60,2,942.22,176.35,0,0,0,1,0
4903,392.52,16,62,4,552.54,41.67,0,0,1,3,0
4904,755.01,18,41,3,185.34,66.03,1,0,1,4,0
4905,2089.16,16,62,2,291.48,94.75,0,1,0,2,0
4906,2774.56,6,61,5,864.71,2.35,0,1,1,3,0
4907,667.45,0,63,2,1967.8,280.08,0,0,1,1,0
4908,346.02,19,30,4,233.02,15.2,1,0,0,3,0
4909,1433.46,13,42,6,1501.97,60.62,0,0,1,1,0
4910,481.29,16,58,3,927.8,153.54,1,1,1,1,0
4911,653.11,12,63,4,1433.32,72.01,0,0,0,3,0
4912,4126.88,1,18,2,588.02,13.04,1,0,0,4,0
4913,2507.69,13,26,4,1101.44,22.5,0,0,0,1,0
4914,1284.31,0,21,1,2920.88,26.74,0,0,2,2,0
4915,307.38,4,45,1,774.85,44.14,1,0,0,4,1
4916,1354.78,6,29,2,304.16,46.18,0,1,1,5,0
4917,3173.71,18,41,5,2121.31,77.54,0,0,0,4,1
4918,753.23,13,63,1,1016.64,98.19,1,0,1,5,0
4919,4234.9,23,26,3,809.05,4.69,1,0,2,4,0
4920,3994.79,13,52,2,2784.04,15.95,0,0,0,4,1
4921,5789.1,14,55,5,2050.38,21.05,0,0,0,3,0
4922,1488.08,4,52,4,976.26,0.67,0,0,0,4,0
4923,1973.16,4,50,3,322.8,27.03,0,0,1,4,1
4924,4510.61,20,52,6,495.6,22.22,0,0,0,3,0
4925,1715.39,23,63,3,774.78,37.26,0,0,0,5,0
4926,664.32,1,37,4,650.67,5.28,0,0,2,2,0
4927,700.26,17,19,3,455.29,26.72,0,0,0,4,0
4928,1392.08,23,61,3,569.6,45.49,0,0,1,5,0
4929,301.7,8,43,1,1542.25,81.43,0,0,0,5,0
4930,950.27,9,59,2,784.86,72.72,0,0,0,5,0
4931,3283.11,17,30,5,456.51,25.95,0,0,1,3,0
4932,122.58,3,47,2,1125.89,24.68,0,0,1,2,0
4933,5087.2,7,69,5,1041.63,1.91,1,0,1,2,0
4934,3369.01,17,49,6,646.09,4.31,0,0,1,5,0
4935,692.45,19,53,3,273.89,102.95,0,0,1,2,1
4936,1888.22,16,36,2,604.23,81.96,0,0,1,2,0
4937,1100.09,15,39,2,659.66,1.07,0,0,0,4,0
4938,3751.8,17,18,3,1346.59,107.14,0,0,0,3,1
4939,2929.78,6,28,4,375.31,47.58,0,0,2,4,0
4940,270.41,0,43,1,533.09,80.95,1,0,1,3,0
4941,1972.91,0,65,4,2276.61,34.91,0,0,0,5,0
4942,892.81,17,36,2,549.82,8.16,0,1,3,1,0
4943,1191.34,3,36,3,650.05,22.07,0,0,1,4,0
4944,529.44,22,29,0,2866.27,29.89,0,0,2,2,0
4945,6298.94,19,20,3,325.14,70.1,0,0,1,4,0
4946,3102.8,20,35,5,1906.24,83.75,0,0,1,1,0
4947,523.34,19,66,2,489.87,67.63,0,0,0,1,0
4948,288.7,3,22,6,791.32,32.37,0,0,1,3,0
4949,745.7,5,65,3,840.42,54.49,0,0,1,2,0
4950,1693.42,2,41,0,552.11,17.51,0,0,3,2,1
4951,1394.38,5,31,2,313.22,220.32,0,0,0,2,0
4952,3839.64,12,68,1,392.11,9.21,0,0,0,1,0
4953,2416.12,22,55,8,565.15,64.3,0,0,0,3,0
4954,2891.61,6,20,4,355.84,8.42,0,0,3,5,1
4955,1520.59,23,23,3,662.33,16.49,0,0,0,3,0
4956,273.34,3,29,4,362.59,69.08,1,0,2,5,1
4957,901.72,0,69,3,324.16,65.3,0,0,4,1,0
4958,3165.57,5,28,4,187.44,6.65,0,1,4,4,1
4959,1041.56,23,56,5,2559.91,56.74,0,0,0,5,0
4960,1813.64,4,43,5,614.81,11.4,0,0,1,4,0
4961,797.32,12,18,2,388.01,180.52,0,1,0,4,0
4962,391.58,18,33,2,303.73,46.2,0,0,1,3,0
4963,969.38,3,65,4,429.99,0.17,0,0,2,3,0
4964,1493.75,23,66,4,149.82,11.69,0,0,0,5,0
4965,569.25,5,64,6,411.36,13.04,0,0,1,4,0
4966,866.35,12,26,5,1172.57,14.19,1,0,2,1,0
4967,428.61,4,22,2,396.62,40.72,0,1,2,3,0
4968,3358.48,12,69,5,1090.33,11.51,1,1,1,2,0
4969,816.92,9,25,2,1384.19,26.62,0,1,1,1,0
4970,4687.97,2,38,5,1113.3,9.52,0,0,0,1,0
4971,5058.11,22,50,6,683.57,54.97,0,0,1,5,1
4972,1011.26,12,56,4,1702.87,42.05,0,0,1,2,0
4973,400.03,11,60,3,1634.76,49.54,0,0,1,2,0
4974,136.2,3,37,4,377.86,171.18,1,0,0,2,0
4975,251.63,9,62,2,332.67,25.48,1,0,0,3,0
4976,277.6,2,39,4,467.51,12.13,0,0,0,2,0
4977,4352.34,16,30,2,518.73,335.07,0,0,1,1,0
4978,1231.3,8,56,2,1698.41,2.99,0,1,1,5,0
4979,1619.07,0,28,5,1259.84,83.13,0,0,0,3,1
4980,119.05,17,35,2,741.09,8.85,1,0,1,4,0
4981,330.97,8,47,5,762.8,54.65,1,0,2,2,0
4982,2662.66,20,50,4,277.96,32.1,0,1,2,3,1
4983,1460.85,19,61,1,1603.08,91.33,1,0,0,5,1
4984,946.52,8,20,2,767.27,65.67,1,0,0,4,0
4985,1929.16,1,18,9,287.6,9.46,1,0,1,1,0
4986,5629.62,18,53,4,172.9,54.72,0,0,0,2,1
4987,879.15,15,23,5,240.56,12.24,0,0,2,2,0
4988,1175.41,2,54,3,705.54,9.27,0,0,2,5,0
4989,1329.55,15,46,3,86.79,4.39,0,0,1,3,0
4990,11993.37,20,28,4,261.19,6.03,0,0,1,3,0
4991,134.38,12,69,3,977.0,60.85,0,0,2,4,1
4992,2171.61,2,30,2,469.01,242.18,0,0,2,2,0
4993,977.69,9,28,4,160.74,56.32,0,0,3,5,0
4994,1932.89,21,55,2,401.39,61.63,0,0,1,3,0
4995,568.29,17,68,8,615.16,76.33,1,1,1,2,0
4996,1044.23,5,42,1,1410.17,109.92,1,0,1,3,0
4997,2233.69,5,32,4,956.77,15.58,0,0,2,1,0
4998,24659.32,17,30,5,929.73,46.39,1,1,1,1,1
4999,2460.29,5,59,1,1182.91,12.21,0,0,0,2,0
5000,469.62,5,50,1,174.21,37.29,1,0,1,2,0
5001,717.84,21,30,3,1800.11,11.7,1,0,2,2,0
5002,696.86,12,55,2,1803.92,3.31,0,0,0,4,0
5003,182.06,13,41,4,407.61,4.62,0,0,1,5,0
5004,788.32,20,37,4,60.55,187.12,0,0,0,4,1
5005,2282.05,6,61,0,1926.72,0.3,0,0,0,1,0
5006,306.67,12,34,2,73.63,58.59,0,0,0,1,0
5007,3129.04,14,67,5,900.29,109.15,0,0,0,1,0
5008,1786.07,11,41,4,463.72,25.02,0,0,1,3,0
5009,526.24,20,43,2,411.1,61.57,0,0,1,1,0
5010,951.91,0,57,2,470.74,21.45,1,1,2,1,0
5011,5422.55,2,49,3,739.61,37.64,0,0,1,3,0
5012,2283.69,17,46,2,119.67,137.21,0,0,1,2,0
5013,1106.31,21,31,3,571.02,2.16,0,1,0,5,1
5014,864.64,7,54,3,212.23,15.54,0,0,1,3,0
5015,1183.95,1,39,2,444.46,5.6,0,0,1,4,0
5016,657.36,3,51,4,757.13,34.25,1,0,0,1,0
5017,133.65,17,44,0,1340.57,73.59,0,0,1,5,0
5018,8452.17,12,45,3,369.44,187.75,0,0,0,3,1
5019,1280.91,14,39,2,2785.69,8.45,0,0,0,3,0
5020,1632.96,1,60,1,325.44,2.25,1,1,1,5,1
5021,1034.93,9,20,6,332.22,7.45,0,0,0,5,0
5022,525.78,1,39,3,1514.47,173.29,0,0,0,5,0
5023,910.57,20,65,2,545.55,19.29,1,0,0,4,0
5024,221.54,11,38,2,768.35,15.54,0,0,1,1,0
5025,10690.24,4,33,1,449.79,66.41,0,0,0,3,0
5026,319.09,11,26,2,493.22,6.43,0,0,1,3,0
5027,390.74,22,30,3,879.88,21.47,0,1,1,5,0
5028,706.09,0,27,3,1838.9,7.82,0,0,1,5,0
5029,3976.18,1,66,4,744.08,183.1,0,1,0,5,1
5030,1112.66,15,38,2,937.31,16.78,0,0,0,1,0
5031,318.58,21,66,1,1458.71,15.68,0,0,0,2,0
5032,3844.27,1,59,0,458.47,50.31,0,1,2,4,0
5033,2277.88,15,57,4,303.87,0.84,1,0,1,4,1
5034,1878.89,19,24,3,293.13,53.0,0,0,0,3,0
5035,2243.37,15,63,2,327.4,30.24,0,0,1,2,0
5036,12020.42,5,39,1,288.55,10.18,0,0,0,1,1
5037,9750.71,12,35,2,1603.28,33.31,0,0,2,4,0
5038,551.85,11,38,4,147.31,344.8,0,1,0,5,0
5039,5562.96,22,68,1,1067.01,91.26,0,0,0,5,0
5040,1608.68,9,67,6,249.61,182.8,0,1,1,3,0
5041,1806.41,4,31,2,2787.79,130.23,0,0,0,4,0
5042,201.89,7,27,6,917.83,85.86,0,0,1,4,0
5043,924.83,5,50,5,329.99,20.38,0,0,0,4,0
5044,486.47,4,26,6,431.25,65.45,0,0,0,3,0
5045,2510.05,19,35,2,621.99,24.84,0,0,0,3,0
5046,3200.56,21,30,5,1106.01,28.06,0,0,1,3,0
5047,137.76,5,34,4,870.22,103.33,0,0,0,1,0
5048,1072.73,21,40,3,658.01,11.48,0,1,0,3,0
5049,3367.28,16,42,1,377.85,17.59,0,0,0,4,0
5050,909.89,5,33,1,527.49,133.32,0,0,2,4,0
5051,2273.47,16,41,2,1946.0,60.13,0,1,1,1,0
5052,1558.01,4,48,2,3649.73,3.36,0,0,0,5,1
5053,1543.27,22,28,3,1606.97,6.48,1,1,0,4,0
5054,836.05,16,40,4,309.54,43.32,0,0,0,5,1
5055,324.87,16,58,2,2092.57,80.16,0,0,2,3,0
5056,357.26,12,56,1,510.54,78.71,0,0,0,5,0
5057,2229.1,21,39,3,666.86,27.66,0,0,0,4,1
5058,1118.18,6,50,1,242.31,14.95,0,0,1,1,0
5059,954.79,21,58,5,728.42,77.49,0,0,0,2,0
5060,717.74,20,59,2,354.93,144.18,0,0,0,5,0
5061,808.2,5,65,2,1999.11,29.36,0,0,2,5,0
5062,3124.13,13,35,2,5091.72,7.38,0,0,0,2,0
5063,784.27,15,31,1,664.29,47.05,0,0,1,5,0
5064,286.84,2,45,4,974.32,3.72,0,0,2,5,0
5065,2306.88,8,28,3,520.0,47.27,0,0,0,5,0
5066,893.48,14,41,4,732.14,9.49,0,0,0,3,0
5067,1131.61,20,53,7,414.46,36.28,0,0,0,3,0
5068,5472.98,17,36,2,853.25,49.11,0,0,1,5,0
5069,1074.32,9,30,6,917.31,29.6,1,0,2,2,0
5070,1464.37,9,50,3,844.75,87.81,0,0,1,5,0
5071,337.34,22,36,2,1208.71,23.48,0,0,2,5,0
5072,880.36,2,64,1,496.96,8.42,0,0,1,2,0
5073,2017.32,0,69,5,5720.86,31.17,1,0,0,4,0
5074,231.51,2,49,2,394.65,165.58,0,0,1,3,0
5075,1340.56,4,32,4,391.36,106.09,0,0,0,2,0
5076,1212.93,6,28,4,88.89,18.63,0,0,1,1,0
5077,1142.86,2,40,4,1220.57,13.9,0,0,0,5,0
5078,3093.81,3,22,2,67.48,33.01,0,0,1,5,0
5079,1532.17,16,39,1,506.06,53.23,0,0,1,1,0
5080,4808.17,2,59,4,364.43,130.67,0,0,0,4,0
5081,406.02,22,35,2,210.41,47.51,0,0,0,2,0
5082,1256.3,3,24,7,700.1,90.43,0,0,0,4,0
5083,1193.29,1,50,4,2734.65,59.55,0,0,1,1,0
5084,376.44,13,20,3,1192.69,5.35,0,0,1,5,0
5085,2853.48,4,45,6,361.28,111.18,0,0,0,5,0
5086,11211.25,20,18,4,3268.59,11.13,0,0,0,1,0
5087,1078.14,1,66,3,370.08,22.84,0,0,1,1,1
5088,1817.14,14,64,5,1595.39,91.71,1,0,0,1,0
5089,1193.35,10,54,2,165.65,193.67,0,0,1,4,0
5090,537.22,21,39,5,552.35,18.6,0,0,0,5,0
5091,177.55,9,65,2,257.0,24.16,0,0,0,3,0
5092,541.44,19,61,2,3505.09,33.24,0,0,1,2,0
5093,272.61,0,36,1,382.28,34.46,1,1,0,5,0
5094,6027.59,18,31,4,293.89,69.39,1,0,1,3,0
5095,977.39,13,20,4,964.99,84.95,0,0,2,1,0
5096,775.94,22,36,3,544.73,235.73,0,0,1,2,0
5097,2668.19,21,50,2,3705.46,81.54,0,0,0,5,0
5098,357.18,13,38,4,851.51,17.82,0,0,0,2,0
5099,509.35,0,18,2,700.85,22.17,0,0,2,4,0
5100,1173.88,8,43,2,1183.62,48.12,0,0,1,2,0
5101,3067.96,16,27,1,557.0,58.02,0,0,1,5,0
5102,1811.09,13,52,1,804.63,4.71,0,1,2,1,0
5103,1405.75,12,30,0,340.34,21.06,0,0,0,1,1
5104,1185.73,12,23,2,404.45,11.32,0,0,2,2,0
5105,1636.37,5,60,5,320.2,35.45,0,0,0,5,0
5106,1341.65,6,23,4,908.89,9.24,0,0,1,1,0
5107,391.52,1,52,1,390.65,43.46,0,0,0,2,0
5108,1148.35,7,33,1,1241.14,31.49,0,0,2,5,0
5109,374.77,23,58,4,332.8,25.87,1,0,0,1,0
5110,1189.26,5,25,3,306.87,52.34,0,0,1,4,0
5111,678.14,2,20,5,804.99,26.92,0,0,0,3,0
5112,13896.35,17,22,3,743.11,25.48,0,0,3,2,0
5113,1053.74,17,38,4,1320.22,52.65,0,0,0,5,0
5114,269.28,21,48,3,258.3,2.95,0,1,0,5,0
5115,958.93,22,31,1,194.27,28.32,0,0,2,1,0
5116,1843.38,5,54,2,1759.71,10.87,0,0,0,4,0
5117,5845.13,10,36,2,225.11,1.97,0,1,0,2,0
5118,608.23,2,54,5,1291.84,1.76,0,0,1,3,0
5119,225.33,15,37,4,101.36,9.17,1,0,0,1,0
5120,2482.04,4,69,1,1047.73,28.45,0,0,0,2,0
5121,275.72,23,19,4,659.19,41.82,1,0,2,2,0
5122,708.99,21,24,2,919.48,79.46,0,0,1,2,0
5123,847.58,1,50,10,1228.95,46.79,0,0,0,5,1
5124,1022.87,14,67,2,1419.17,36.7,0,0,1,4,0
5125,2184.55,15,59,2,964.88,1.85,1,0,0,5,0
5126,553.56,6,23,0,1297.22,17.68,0,0,2,1,0
5127,834.03,15,24,2,1633.4,58.93,1,0,0,3,0
5128,1081.09,23,61,3,1843.57,15.77,0,0,2,2,0
5129,1273.59,3,35,6,1007.14,45.11,0,0,1,1,0
5130,1209.34,15,60,2,311.75,46.3,0,0,1,4,0
5131,1695.96,16,46,8,544.01,18.2,0,0,1,5,0
5132,2549.98,1,36,1,614.39,42.38,0,1,1,4,1
5133,1623.98,15,42,4,386.13,6.05,1,0,1,4,0
5134,1726.04,3,21,3,265.85,64.91,0,0,0,1,0
5135,225.38,6,68,0,1394.34,1.14,0,0,0,1,0
5136,1153.12,17,30,1,845.75,1.8,0,0,0,1,0
5137,1771.37,5,49,3,389.54,102.11,0,0,0,4,0
5138,2273.19,17,44,2,685.51,43.41,1,0,0,2,0
5139,548.75,6,68,2,846.1,8.89,0,0,0,1,0
5140,567.34,1,51,0,264.32,46.02,0,0,3,5,1
5141,617.64,18,45,2,351.2,23.09,0,1,3,1,0
5142,1875.09,8,26,0,517.38,15.73,0,0,0,5,0
5143,3083.69,3,25,3,587.62,83.39,0,0,2,1,1
5144,729.63,13,38,4,185.66,32.44,1,0,1,1,0
5145,2718.84,4,63,2,1208.04,17.37,1,0,0,3,0
5146,1240.76,6,47,4,681.96,143.85,0,0,2,2,0
5147,968.47,7,46,4,545.31,9.02,0,0,1,4,0
5148,887.68,14,26,4,375.47,7.66,0,0,5,5,0
5149,2313.72,18,30,2,295.71,5.12,0,0,1,2,0
5150,1518.65,10,35,3,673.63,6.64,0,1,0,3,0
5151,10676.77,19,55,0,754.52,14.57,0,0,3,3,0
5152,467.68,22,39,4,3215.28,59.95,0,0,0,1,0
5153,1841.07,3,48,2,3454.91,55.72,1,0,1,5,0
5154,646.0,17,52,4,433.81,72.08,0,0,0,2,0
5155,459.76,13,59,1,308.9,42.85,0,0,0,5,0
5156,1084.78,5,59,4,241.56,33.92,0,1,3,5,0
5157,1258.09,15,27,3,713.52,28.27,0,0,2,4,0
5158,20295.89,17,26,3,245.13,103.83,0,0,1,1,1
5159,912.2,0,48,4,220.61,21.04,0,1,0,3,0
5160,354.19,7,61,1,369.62,111.06,0,0,0,4,0
5161,1440.88,0,57,3,408.37,16.12,1,0,0,3,1
5162,137.74,0,41,5,367.87,8.56,0,0,1,2,1
5163,1000.29,18,58,3,182.36,14.73,1,0,1,4,0
5164,1114.35,20,66,3,618.46,34.56,0,0,4,3,0
5165,2427.46,9,25,4,609.62,130.11,0,0,1,5,0
5166,2903.36,17,67,2,1939.48,9.76,1,0,0,5,0
5167,662.77,11,37,4,246.25,43.36,0,0,0,1,0
5168,943.3,16,34,7,1013.57,12.28,0,0,1,3,0
5169,509.73,0,45,2,2773.62,56.61,0,0,0,4,0
5170,354.94,7,23,3,207.42,31.28,0,1,0,2,0
5171,1495.02,9,59,2,278.0,66.13,0,0,0,5,0
5172,306.87,9,50,2,243.15,96.93,0,1,1,4,0
5173,724.42,17,45,2,951.08,20.38,0,0,0,1,0
5174,405.38,8,18,2,921.54,139.18,0,0,0,1,0
5175,1900.14,1,58,2,1425.9,31.6,0,0,0,2,1
5176,6643.74,2,69,4,708.65,137.94,0,0,0,5,0
5177,298.39,1,52,2,2809.36,13.11,0,0,1,3,1
5178,171.91,5,41,0,1025.77,113.69,1,0,1,3,0
5179,967.88,22,23,1,1820.51,20.3,1,0,0,5,0
5180,1113.98,11,24,2,752.95,69.47,0,0,1,2,0
5181,1364.66,21,26,7,488.53,172.39,0,0,1,2,0
5182,701.82,18,54,3,577.41,121.61,0,0,0,1,0
5183,897.27,14,33,1,1993.74,31.15,0,1,0,3,0
5184,1583.69,18,51,3,1255.82,21.15,0,0,1,1,0
5185,3103.95,11,52,4,1196.05,47.42,0,0,1,3,0
5186,155.24,17,52,5,1471.24,61.18,0,0,0,4,0
5187,758.29,15,37,3,821.65,38.85,1,0,0,4,0
5188,1358.05,1,40,3,6326.47,94.35,0,0,4,2,0
5189,437.91,10,59,2,555.89,3.0,0,1,1,3,0
5190,6192.97,11,52,0,725.72,45.77,0,0,0,2,0
5191,580.91,4,64,1,464.55,37.25,0,0,0,1,0
5192,1052.27,23,63,3,991.35,2.01,1,0,1,1,0
5193,1912.22,5,40,2,162.87,0.64,0,0,1,1,1
5194,607.11,10,21,4,62.34,46.59,0,0,1,1,0
5195,173.02,20,27,0,396.49,6.28,0,0,1,4,0
5196,714.33,9,60,4,1061.03,73.17,0,0,0,2,0
5197,3070.02,3,28,4,1512.12,149.04,0,0,0,3,0
5198,782.98,8,57,3,242.67,9.77,0,0,2,3,0
5199,470.39,11,26,4,175.41,80.12,0,1,0,2,1
5200,2767.42,9,57,3,373.15,44.75,0,0,0,2,0
5201,787.78,13,29,0,367.94,29.7,0,0,1,2,0
5202,658.42,4,34,1,791.47,52.53,0,0,2,2,0
5203,1273.41,0,49,3,735.26,81.06,0,0,2,1,0
5204,2370.25,4,40,5,2150.6,176.42,0,0,1,5,1
5205,11869.34,15,32,4,477.68,54.01,0,0,1,3,0
5206,2507.99,4,68,3,229.56,68.7,0,1,0,3,1
5207,3497.63,4,45,3,849.06,46.76,0,0,3,3,0
5208,661.19,17,69,1,307.18,41.63,0,0,3,3,0
5209,393.13,5,55,3,311.03,3.35,0,0,0,4,0
5210,1167.16,20,22,3,2588.1,8.43,0,0,1,4,0
5211,1220.69,17,57,4,1400.31,23.84,0,0,1,2,0
5212,372.97,9,35,5,472.87,52.42,0,0,1,2,0
5213,920.31,14,38,4,2857.55,3.94,0,1,0,4,1
5214,1634.87,23,32,2,1291.96,39.3,0,0,2,1,0
5215,1572.46,21,20,2,907.42,0.66,0,0,1,2,0
5216,1815.81,10,63,2,386.7,72.64,0,0,3,1,0
5217,1466.99,18,43,3,128.15,54.97,0,0,0,4,0
5218,660.5,12,32,7,335.59,36.77,1,0,0,1,0
5219,655.96,19,62,5,448.97,42.33,1,0,0,1,0
5220,330.65,2,37,4,255.34,134.97,0,0,1,1,0
5221,6534.0,15,38,0,734.37,118.59,0,0,1,2,0
5222,1111.48,6,43,0,130.24,78.69,0,0,4,1,1
5223,875.81,11,58,6,1928.21,20.49,1,0,1,2,0
5224,433.2,14,40,6,461.34,5.67,0,1,1,5,1
5225,20653.87,7,66,2,1201.58,19.39,0,0,0,1,0
5226,374.9,22,68,2,1190.22,69.71,0,0,1,5,1
5227,714.19,16,42,2,247.79,47.21,0,0,0,1,0
5228,1662.1,0,21,3,165.23,61.14,1,0,0,5,1
5229,1998.62,20,69,0,398.6,5.56,0,0,1,4,0
5230,2858.16,7,27,0,898.2,8.63,1,0,0,5,0
5231,6684.91,13,39,2,741.99,54.58,0,0,2,5,1
5232,1819.21,9,20,6,1690.12,23.24,1,0,1,3,0
5233,381.45,18,36,4,910.39,23.04,0,0,0,5,0
5234,848.15,7,48,2,965.46,24.93,0,0,0,5,0
5235,1491.94,18,26,1,348.34,79.47,0,0,2,2,0
5236,8675.22,3,46,4,542.44,60.04,0,0,2,1,0
5237,271.02,9,54,5,554.17,5.6,1,0,2,3,0
5238,3650.34,22,63,1,1090.43,21.11,0,0,2,2,0
5239,1312.8,2,24,3,1214.91,56.02,0,1,0,3,1
5240,2534.7,3,55,2,552.28,186.75,1,0,1,1,0
5241,990.3,15,41,4,566.96,121.67,0,0,0,5,0
5242,472.28,23,25,5,881.07,14.27,0,0,2,1,0
5243,2323.6,3,51,5,3121.98,3.42,0,0,0,5,0
5244,2109.97,19,43,0,165.44,42.58,0,1,4,3,1
5245,2898.81,19,45,5,317.63,26.06,0,0,0,5,0
5246,1082.14,12,45,1,328.15,10.13,0,0,0,1,0
5247,601.95,20,63,1,232.11,52.73,1,0,0,5,0
5248,230.72,16,24,5,351.98,8.74,0,0,0,1,0
5249,2488.35,22,20,2,899.22,21.65,0,0,0,1,0
5250,1675.54,15,69,1,1417.49,79.13,0,0,0,2,0
5251,417.47,16,39,3,799.64,57.65,0,0,0,1,0
5252,639.97,5,55,1,786.86,46.71,0,0,1,2,0
5253,687.62,2,63,4,318.92,133.56,1,0,1,4,0
5254,248.89,19,61,3,79.0,6.7,0,0,3,2,0
5255,484.11,23,35,0,897.71,58.71,1,0,1,5,0
5256,352.89,3,29,2,1933.38,6.24,0,1,0,4,0
5257,725.98,7,48,3,1431.91,7.33,0,0,0,2,0
5258,523.9,19,56,1,616.78,35.3,0,0,1,2,0
5259,215.51,8,22,3,707.62,1.22,1,0,0,3,1
5260,8288.22,21,61,6,2044.94,34.76,1,0,1,2,0
5261,3837.36,0,58,2,381.13,0.48,0,0,1,4,0
5262,503.2,12,46,2,462.97,46.12,0,0,1,5,0
5263,1440.03,1,60,2,157.56,18.7,0,0,0,2,0
5264,1664.81,22,53,3,965.02,4.35,0,0,0,5,0
5265,3608.64,9,31,4,445.91,75.9,0,0,1,1,0
5266,483.67,22,61,8,523.65,24.71,0,0,0,2,0
5267,3268.57,18,35,6,1147.84,29.35,0,0,0,5,0
5268,634.03,16,24,6,364.53,23.46,0,0,1,1,0
5269,288.34,23,40,2,990.48,4.37,0,0,1,4,0
5270,2262.3,12,50,6,1032.39,30.8,0,0,0,1,0
5271,3986.86,13,62,3,498.39,54.75,1,0,0,1,0
5272,14587.34,10,33,5,1301.69,116.85,0,0,2,2,0
5273,330.39,9,54,3,612.5,72.15,0,1,0,2,0
5274,2205.96,6,68,1,1178.89,4.13,0,0,0,5,0
5275,727.93,9,42,2,406.26,9.06,0,0,1,1,0
5276,2400.32,23,26,4,1062.2,2.29,0,0,1,1,0
5277,252.02,0,45,4,500.74,6.36,0,0,1,1,0
5278,310.2,13,26,1,869.77,32.75,1,0,0,3,0
5279,504.78,2,29,5,882.41,12.41,0,0,0,5,0
5280,1186.74,12,35,0,483.51,52.2,0,0,0,2,0
5281,577.62,1,44,1,472.29,1.65,0,0,0,4,0
5282,2119.75,16,43,1,561.29,97.33,1,1,1,1,0
5283,3062.22,20,43,6,704.42,56.6,0,0,2,4,0
5284,1997.35,2,27,3,1052.66,173.81,0,1,1,4,1
5285,5534.67,14,34,0,804.22,152.7,1,1,2,2,0
5286,1662.08,7,68,5,60.42,59.03,0,0,1,5,0
5287,324.77,5,49,1,1318.67,8.6,0,0,1,3,0
5288,4287.15,8,41,3,918.32,12.56,0,0,1,5,0
5289,598.75,10,60,1,1706.63,16.26,0,0,0,4,1
5290,2725.53,21,65,3,1311.48,27.82,0,0,3,5,1
5291,5290.85,1,25,5,474.25,42.3,0,0,1,3,0
5292,1731.4,8,47,4,261.53,57.38,0,1,2,3,0
5293,245.63,17,43,3,2822.69,3.93,0,1,1,3,0
5294,437.81,18,41,5,1856.86,47.15,0,0,0,4,1
5295,4116.44,21,44,3,1208.43,3.05,0,0,1,5,0
5296,926.0,17,32,3,351.81,87.73,0,0,2,2,0
5297,1187.46,4,45,3,234.67,2.06,0,0,1,3,0
5298,2342.15,17,28,5,469.83,24.72,0,0,0,2,0
5299,2200.24,11,56,2,1323.28,27.23,0,0,0,2,0
5300,1449.25,3,19,1,96.99,42.24,0,1,0,4,0
5301,890.1,14,68,3,371.97,5.02,0,0,1,3,0
5302,802.18,10,26,2,5666.23,135.23,0,1,1,4,0
5303,2586.08,18,67,2,500.2,24.16,1,1,1,4,1
5304,1907.54,4,62,6,685.38,25.23,0,0,0,5,0
5305,847.85,5,40,3,651.52,13.93,1,0,0,4,0
5306,3236.06,12,50,4,2642.61,75.87,0,0,2,5,0
5307,963.88,22,36,1,513.72,0.39,0,0,1,5,0
5308,467.94,9,30,4,158.03,5.61,1,0,0,3,0
5309,513.39,23,31,1,1516.93,31.82,1,0,0,2,0
5310,412.1,13,49,0,282.79,172.57,0,0,0,3,1
5311,835.13,3,66,7,201.56,1.81,0,0,2,5,1
5312,3765.83,19,39,2,2254.96,3.2,0,0,1,1,0
5313,490.24,22,37,2,1205.49,62.74,0,0,1,2,0
5314,1324.08,11,50,5,496.61,66.49,0,1,1,2,0
5315,568.68,14,22,0,1675.39,113.62,0,0,1,1,0
5316,845.3,9,37,2,1451.27,42.98,0,0,0,3,0
5317,242.25,10,31,2,385.3,25.84,0,0,1,1,0
5318,879.6,8,44,2,774.68,29.99,0,0,1,1,0
5319,903.52,10,43,3,610.64,28.24,0,0,0,3,0
5320,1882.37,1,49,3,390.73,181.6,0,0,1,1,0
5321,1370.98,12,47,5,689.02,23.91,1,0,0,1,0
5322,330.83,21,44,7,1229.74,5.05,0,0,1,5,0
5323,3242.82,7,43,2,314.95,17.1,0,0,0,4,1
5324,1353.3,20,35,5,1284.79,161.05,1,0,1,3,0
5325,1337.28,20,62,4,150.52,27.95,0,0,0,5,1
5326,1086.61,7,40,5,792.96,19.0,0,1,2,3,1
5327,653.43,0,61,3,369.02,18.61,0,1,1,1,1
5328,1363.49,5,64,0,2350.04,0.46,1,0,2,5,0
5329,1764.44,12,41,1,183.2,50.14,1,0,1,2,0
5330,191.16,8,21,7,549.19,64.42,1,0,1,2,0
5331,639.85,5,58,0,341.75,21.77,0,0,1,1,0
5332,849.84,14,20,1,422.4,103.1,0,0,0,2,0
5333,1416.82,22,60,4,267.65,67.91,0,1,0,1,0
5334,3616.68,15,47,4,763.53,45.92,1,0,0,4,1
5335,506.87,3,64,1,797.72,60.84,0,0,0,5,1
5336,666.5,16,33,1,166.81,73.36,0,0,2,3,0
5337,656.86,8,24,2,1095.17,37.44,1,0,1,4,0
5338,492.0,11,56,2,187.03,25.36,0,0,0,1,0
5339,774.96,21,39,7,680.9,6.72,0,0,4,2,0
5340,2370.37,18,58,3,2723.46,25.96,0,0,1,3,0
5341,382.28,19,48,2,334.28,39.94,0,0,1,5,0
5342,1682.13,11,66,0,523.65,147.7,0,0,1,1,0
5343,199.96,21,30,3,353.88,8.41,0,1,2,5,1
5344,625.57,5,58,0,388.89,70.73,0,0,2,3,0
5345,788.8,11,58,2,852.62,13.77,0,0,1,5,0
5346,5853.88,8,69,2,2417.8,157.33,0,0,0,2,0
5347,833.14,19,46,2,646.73,45.17,0,0,0,3,0
5348,121.36,4,45,2,1727.08,28.35,1,0,1,3,0
5349,148.58,20,61,3,372.25,21.3,1,0,0,1,0
5350,1134.59,2,36,6,1614.46,11.28,0,1,1,4,1
5351,2025.9,1,40,3,2515.46,62.68,0,0,1,2,0
5352,1596.32,7,64,1,1762.98,50.53,0,0,0,1,0
5353,1296.69,9,67,1,1192.38,110.43,0,0,0,3,0
5354,3506.1,14,25,3,1102.52,45.48,0,0,1,2,0
5355,639.32,8,42,0,362.52,9.3,0,0,0,3,0
5356,2683.59,9,55,5,204.36,57.42,0,1,1,3,0
5357,214.43,10,55,3,1132.21,105.51,0,0,0,1,0
5358,443.66,8,52,4,354.75,232.63,0,0,0,2,0
5359,180.0,13,43,8,377.84,57.77,0,0,2,5,0
5360,833.1,4,20,0,202.4,17.09,0,0,0,3,1
5361,1047.06,8,19,2,420.11,41.66,0,0,0,3,0
5362,1229.18,3,22,1,1586.29,36.18,0,0,0,1,0
5363,1166.64,1,37,2,1429.4,35.87,0,0,3,5,1
5364,433.74,18,29,3,231.59,4.09,0,0,0,2,0
5365,906.65,0,55,2,306.95,10.82,0,1,1,5,0
5366,245.32,20,33,3,157.56,37.13,0,1,1,2,0
5367,4286.51,0,54,8,890.85,80.02,0,0,1,2,0
5368,809.47,11,55,1,772.65,10.03,0,0,1,5,0
5369,672.58,10,53,1,827.3,8.97,0,1,1,1,0
5370,5371.92,0,63,4,466.53,71.33,0,1,0,5,0
5371,316.64,13,46,2,1125.26,58.65,0,0,1,1,0
5372,355.82,10,52,3,527.17,33.19,0,0,1,1,0
5373,366.42,6,66,6,1430.73,2.58,1,1,1,5,0
5374,1024.67,1,54,4,276.92,32.0,0,0,0,3,0
5375,1688.56,14,38,2,1333.91,90.05,0,0,2,4,0
5376,2297.73,7,38,4,940.42,0.53,0,0,0,1,0
5377,14357.03,21,45,3,1127.76,5.41,0,1,0,1,0
5378,115.65,19,23,1,512.93,82.86,0,0,1,2,0
5379,2015.73,14,37,4,2706.22,37.24,0,0,3,3,0
5380,628.21,7,53,2,375.45,54.27,0,0,0,2,0
5381,610.08,9,30,0,4125.08,68.33,1,0,1,5,0
5382,590.06,18,57,3,950.96,17.85,1,0,1,3,0
5383,441.96,2,28,5,1663.35,17.68,0,0,1,5,0
5384,5910.73,19,41,5,2130.12,15.32,1,0,1,5,0
5385,2546.05,13,36,1,1240.62,9.15,0,1,1,3,0
5386,1122.37,8,40,5,2983.63,18.17,0,0,0,5,0
5387,4234.48,8,48,3,1419.04,152.7,0,0,0,5,1
5388,241.65,20,54,3,1196.53,4.49,0,0,1,4,0
5389,289.83,5,54,6,969.52,13.76,0,0,1,3,0
5390,124.22,7,20,3,904.07,19.14,0,1,0,4,0
5391,544.89,10,51,4,1629.28,8.35,0,0,1,5,0
5392,1289.1,7,46,3,340.61,4.03,0,0,1,3,0
5393,1215.44,11,20,3,589.37,8.83,0,1,0,4,0
5394,1273.27,9,32,1,999.86,37.52,0,0,0,1,0
5395,267.45,22,24,4,372.33,45.41,0,0,1,3,0
5396,2448.31,3,20,2,1440.13,12.12,0,0,1,5,1
5397,1393.57,15,64,3,561.86,35.04,0,0,0,5,0
5398,2282.56,19,60,4,239.38,0.31,0,1,0,3,0
5399,165.21,5,33,2,409.97,46.07,0,0,0,3,0
5400,1497.41,8,62,2,1435.2,0.07,1,0,1,1,0
5401,334.37,22,51,5,288.92,51.47,0,1,1,4,1
5402,737.07,4,37,3,308.24,33.02,0,0,0,5,0
5403,1871.26,20,61,5,1007.55,5.79,0,0,2,4,0
5404,1201.22,23,56,3,231.94,4.63,0,0,1,1,0
5405,468.0,5,50,5,1046.72,0.35,0,0,0,5,0
5406,1103.53,16,31,5,128.05,40.11,0,0,0,3,0
5407,237.1,16,59,2,972.66,82.14,0,0,1,5,0
5408,3464.31,23,52,2,617.33,97.09,0,0,1,5,0
5409,893.12,21,28,3,2458.67,42.11,0,0,0,2,0
5410,3356.15,12,37,2,139.81,109.09,0,0,0,2,0
5411,647.73,16,47,3,396.66,99.02,0,1,0,1,0
5412,649.64,13,45,2,1006.53,59.9,1,0,1,2,0
5413,510.72,1,32,3,640.01,22.56,1,0,2,3,0
5414,2633.78,18,55,1,446.14,87.78,0,0,3,1,0
5415,539.46,2,67,3,161.62,24.85,0,1,0,4,1
5416,2089.32,1,30,4,931.19,25.81,0,0,1,4,0
5417,748.11,1,64,5,4070.84,56.67,0,0,2,5,0
5418,152.02,21,52,4,368.76,131.5,0,0,1,5,0
5419,619.98,6,64,1,706.61,34.66,0,0,1,4,0
5420,337.27,3,41,0,881.18,9.75,0,0,1,3,0
5421,1134.45,16,18,4,483.1,7.68,0,0,0,2,0
5422,333.48,5,59,5,642.75,17.99,0,0,1,5,0
5423,2768.26,6,41,3,290.41,30.59,0,0,0,1,0
5424,1001.17,19,44,3,219.37,17.67,0,0,1,4,0
5425,918.19,5,35,5,2214.23,62.23,0,1,0,2,0
5426,2113.06,8,43,3,602.89,39.12,0,0,0,5,0
5427,2875.28,19,46,4,1031.79,26.11,1,0,1,3,0
5428,1074.81,3,25,2,944.64,12.0,0,1,0,2,0
5429,507.15,4,61,0,310.04,46.5,0,0,4,3,0
5430,186.05,18,43,3,234.16,56.06,0,0,1,1,0
5431,552.22,9,22,3,406.06,76.66,1,0,1,3,0
5432,591.57,17,50,0,794.6,234.68,1,0,1,4,0
5433,1220.55,14,57,1,343.15,13.15,0,0,0,4,0
5434,776.54,0,22,6,457.51,0.76,0,1,1,5,0
5435,2181.86,4,66,1,133.28,34.7,1,0,0,2,0
5436,594.08,4,64,3,644.72,128.85,0,0,0,5,0
5437,1035.83,7,53,3,706.61,14.3,0,0,1,1,0
5438,3583.11,21,30,5,663.07,70.5,0,0,1,5,1
5439,1543.53,21,34,5,296.88,19.25,0,0,0,3,1
5440,1032.73,21,30,2,302.18,24.81,1,0,0,2,0
5441,600.68,19,42,3,277.73,147.56,0,0,0,4,0
5442,582.17,14,19,3,473.58,30.9,0,1,1,4,1
5443,468.43,16,41,4,376.18,64.61,0,0,2,5,0
5444,638.42,18,53,1,2056.68,39.91,1,0,0,2,0
5445,2334.76,12,42,2,2818.72,72.18,0,0,1,4,0
5446,878.41,21,51,7,1371.79,19.09,0,0,0,4,0
5447,284.36,20,29,3,719.66,104.74,0,1,0,1,0
5448,6426.4,9,36,2,515.88,39.81,0,0,0,4,0
5449,1510.15,16,67,3,339.29,18.49,0,1,0,3,0
5450,268.56,4,59,1,701.26,1.95,0,0,0,5,0
5451,704.97,17,47,3,583.8,0.66,0,1,0,2,0
5452,1225.23,16,54,2,290.8,21.8,1,0,2,3,0
5453,6030.54,3,60,2,353.16,12.15,0,0,1,1,1
5454,362.09,21,18,1,140.24,2.71,1,1,1,1,1
5455,2910.39,6,20,2,295.01,40.24,0,0,0,1,0
5456,4444.78,4,66,0,914.89,224.54,0,0,1,3,0
5457,584.84,7,43,5,1519.86,27.44,1,0,1,2,0
5458,830.88,7,32,2,1014.32,40.16,0,0,1,2,0
5459,389.04,10,63,4,444.7,12.41,0,0,2,3,0
5460,894.75,8,64,3,175.71,11.47,0,0,1,1,0
5461,1057.23,18,65,4,255.46,19.9,0,0,3,2,0
5462,2121.01,18,45,4,946.8,90.11,0,0,0,3,0
5463,3262.29,8,21,1,921.01,161.67,0,0,0,4,0
5464,519.0,22,36,3,395.27,67.3,0,0,1,2,0
5465,153.34,19,41,4,480.69,1.04,0,0,1,5,0
5466,1073.58,16,57,3,3104.79,28.85,0,0,1,1,0
5467,1470.76,15,23,1,162.5,27.3,0,0,1,4,1
5468,1407.29,6,33,2,670.55,136.82,1,0,1,1,1
5469,791.02,21,49,3,251.8,68.44,0,0,2,4,0
5470,1242.34,2,47,5,264.48,62.66,0,0,1,2,0
5471,4991.27,20,52,3,928.63,41.59,1,0,4,4,0
5472,1606.37,18,25,4,2584.81,51.9,0,0,0,5,0
5473,754.93,7,22,6,1090.37,59.97,0,1,0,2,0
5474,665.01,4,54,4,2322.46,40.21,0,0,0,1,0
5475,925.33,5,29,4,141.8,93.16,0,1,0,2,1
5476,5634.93,1,42,2,985.49,1.88,0,0,1,1,0
5477,912.97,23,50,2,1372.76,141.83,0,0,0,4,0
5478,1075.14,18,56,1,547.02,74.27,0,1,1,5,0
5479,677.01,12,41,2,1292.76,37.64,1,0,1,3,0
5480,3291.12,5,28,5,5235.84,98.42,0,0,0,4,0
5481,7784.09,5,59,2,749.96,88.01,0,1,2,2,0
5482,1720.92,1,52,3,485.98,27.18,0,0,2,4,1
5483,1191.27,23,57,4,1650.43,91.57,0,0,1,2,0
5484,1137.72,4,18,1,1614.33,10.43,1,0,0,4,1
5485,101.06,10,25,1,536.01,31.67,0,0,0,4,0
5486,2310.34,10,40,3,427.45,13.22,1,0,0,5,0
5487,1254.09,23,37,5,1612.34,6.64,0,0,2,2,0
5488,1683.01,13,49,2,469.08,112.5,1,0,1,5,0
5489,538.37,12,28,3,637.0,22.86,0,0,1,4,0
5490,746.61,7,24,7,848.72,57.66,0,0,0,4,0
5491,727.04,14,47,3,573.2,23.51,0,0,2,2,0
5492,3046.12,11,65,4,676.13,39.28,0,0,1,5,0
5493,750.88,2,56,3,343.64,21.39,0,1,0,3,0
5494,8801.35,20,30,0,1043.47,67.88,0,0,1,5,0
5495,1687.26,22,59,5,481.06,77.2,1,0,0,4,0
5496,306.22,4,66,7,2267.35,28.15,1,0,0,1,0
5497,964.35,5,20,2,730.93,98.17,0,0,1,5,0
5498,571.53,1,24,3,1515.46,21.95,0,0,0,3,0
5499,122.19,7,60,4,1100.17,71.87,0,0,0,1,0
5500,5428.79,4,30,1,1630.55,52.5,0,0,0,5,0
5501,2215.3,21,54,6,464.87,30.44,0,0,0,1,0
5502,1869.09,16,42,3,257.94,109.87,1,1,0,4,0
5503,1293.88,1,40,4,324.23,42.46,0,0,0,4,0
5504,275.33,10,68,2,305.66,91.69,0,0,1,3,0
5505,676.13,3,64,2,345.69,66.09,1,0,1,2,0
5506,2544.73,10,50,6,259.88,38.03,0,0,0,1,1
5507,383.29,8,22,5,606.24,19.76,0,0,1,3,0
5508,87.2,5,49,5,1209.09,150.94,0,0,0,5,1
5509,873.84,23,47,3,236.48,2.92,1,0,0,4,1
5510,951.69,1,48,2,388.29,112.45,0,1,2,5,0
5511,1255.84,14,30,1,1507.75,35.3,0,0,3,2,0
5512,2272.23,4,59,2,192.88,69.06,0,0,3,1,1
5513,2074.77,11,22,3,664.79,20.33,0,0,2,3,0
5514,1420.51,12,40,2,1065.68,24.24,0,0,0,2,0
5515,3624.72,16,18,7,3529.64,10.58,0,0,1,1,0
5516,240.09,3,27,2,100.63,154.33,0,0,2,4,0
5517,1816.35,9,67,3,231.79,2.21,1,0,0,2,0
5518,2051.93,0,44,2,840.61,24.46,0,0,1,5,0
5519,317.49,10,25,2,493.26,20.38,0,0,0,3,0
5520,243.99,15,69,2,74.27,83.85,0,1,0,3,0
5521,520.12,10,20,3,465.86,34.82,0,1,0,3,0
5522,565.92,8,36,2,322.0,9.26,1,0,0,2,0
5523,2329.52,1,68,5,177.82,35.57,0,0,0,2,1
5524,593.16,6,19,2,490.6,13.46,1,0,2,4,0
5525,465.75,18,66,3,230.36,0.86,1,0,2,2,0
5526,594.88,17,48,5,332.82,39.32,0,0,1,5,0
5527,3356.43,19,65,2,1880.34,22.35,0,1,1,5,1
5528,1111.03,6,27,5,2956.07,13.65,0,0,2,5,0
5529,916.67,22,33,4,323.17,9.45,1,0,1,4,0
5530,982.4,8,54,7,729.62,30.23,0,0,0,1,0
5531,3992.05,11,37,3,1095.01,101.87,0,0,2,3,0
5532,518.44,2,20,4,338.04,70.97,0,0,3,1,0
5533,4086.76,22,52,2,306.13,0.23,0,1,0,5,1
5534,1353.56,21,51,4,1106.5,65.68,0,0,0,2,0
5535,934.1,15,38,1,553.86,3.78,0,0,3,3,0
5536,13371.76,6,53,4,559.8,39.7,0,0,1,4,0
5537,381.6,22,49,2,260.89,75.72,0,0,1,2,0
5538,769.94,4,35,2,293.45,30.19,0,1,1,1,0
5539,319.76,22,51,1,699.39,23.64,0,0,2,1,0
5540,2842.56,6,55,5,469.27,140.23,0,0,0,5,0
5541,5938.36,18,20,3,715.85,1.49,0,1,0,4,1
5542,5825.05,16,20,3,1411.71,5.6,0,0,0,5,0
5543,3729.2,15,44,2,748.96,102.14,0,0,1,4,0
5544,899.99,20,19,2,395.43,108.68,1,0,1,4,0
5545,761.1,23,20,1,1372.57,23.32,0,0,0,3,0
5546,206.2,20,34,3,647.56,38.85,0,1,0,4,0
5547,8399.05,18,63,2,1898.18,8.98,0,0,0,1,0
5548,1752.81,17,56,1,376.45,107.83,0,0,3,1,0
5549,670.51,18,55,0,606.44,31.66,0,0,2,1,0
5550,4138.37,3,57,1,506.34,41.52,0,0,1,1,1
5551,414.57,0,36,2,723.34,6.28,0,0,0,2,0
5552,1646.85,3,36,3,800.27,47.7,0,0,2,3,0
5553,922.76,3,61,1,660.97,59.51,0,0,1,5,0
5554,2076.99,8,22,3,1267.48,17.46,0,0,2,5,0
5555,1029.09,7,22,4,922.18,113.24,0,0,3,2,0
5556,257.0,1,31,7,4700.59,11.4,0,0,0,5,0
5557,1182.72,22,44,6,5343.57,113.84,0,0,1,2,0
5558,3130.24,5,66,3,378.82,60.76,0,0,0,5,0
5559,1065.06,22,65,4,436.05,88.85,0,0,2,5,0
5560,2380.62,10,53,2,237.8,60.05,0,1,1,3,0
5561,385.47,3,57,5,2417.91,27.97,1,0,0,4,0
5562,1068.21,13,52,4,467.61,20.14,0,0,2,4,1
5563,587.27,20,38,4,813.99,66.23,0,0,0,2,0
5564,2314.57,21,22,5,253.06,17.7,0,0,1,1,0
5565,1131.72,8,41,6,733.02,3.19,0,0,2,3,0
5566,2186.54,1,56,2,161.82,14.18,0,0,1,1,0
5567,3254.23,0,67,3,1728.69,70.37,0,0,0,3,0
5568,2189.92,3,41,1,2883.42,78.81,1,0,1,1,0
5569,1441.04,11,57,3,1162.91,16.19,0,0,1,2,0
5570,404.15,4,60,0,311.32,19.87,0,0,0,2,0
5571,1093.58,8,63,3,1036.25,39.85,0,1,0,3,0
5572,643.49,21,67,1,778.86,15.19,0,0,0,5,0
5573,777.39,3,30,1,2021.86,46.59,0,1,0,3,0
5574,754.06,15,55,4,1308.9,16.57,0,0,0,2,0
5575,411.61,1,62,6,281.68,6.44,0,0,0,4,0
5576,154.88,15,18,4,1685.6,8.41,0,0,0,5,1
5577,562.2,15,60,4,623.55,14.42,0,0,2,1,0
5578,1330.59,20,56,2,1906.13,9.19,0,0,0,5,0
5579,284.81,23,27,1,190.15,183.15,0,0,1,3,1
5580,1113.97,23,19,6,1013.53,53.7,0,1,0,4,0
5581,7333.94,21,33,2,525.47,9.88,1,0,1,3,0
5582,3050.49,10,54,1,717.97,27.57,0,0,0,5,0
5583,5673.39,0,33,0,386.49,15.68,0,0,0,4,0
5584,1621.53,14,40,6,993.07,57.68,0,0,0,1,0
5585,3524.56,23,43,1,314.52,100.97,0,0,0,3,0
5586,531.68,3,33,3,190.17,25.61,0,0,3,1,0
5587,575.74,17,44,2,365.0,28.0,0,0,0,5,0
5588,70.87,16,64,1,368.09,25.41,0,0,0,3,0
5589,3590.85,6,58,2,517.08,29.82,0,1,0,3,0
5590,5117.0,17,47,3,1176.36,1.83,0,0,0,3,0
5591,630.7,12,50,3,315.24,44.9,1,0,0,4,0
5592,850.69,19,49,2,1251.35,151.87,0,1,0,3,0
5593,516.02,19,26,4,1057.79,76.93,0,0,1,4,0
5594,1607.85,9,28,0,1490.17,98.81,1,0,0,2,0
5595,3377.64,0,54,1,495.54,13.01,0,0,0,3,0
5596,191.95,1,23,2,2315.25,46.72,0,0,0,2,0
5597,1651.5,16,47,3,524.16,111.73,0,0,1,1,0
5598,831.58,21,57,2,1363.24,3.55,0,0,0,5,0
5599,1228.31,2,32,3,2537.25,104.88,0,1,2,3,0
5600,1735.4,16,65,4,1744.76,3.33,0,0,0,1,0
5601,908.5,11,47,1,606.42,203.93,0,1,0,2,0
5602,988.72,23,35,5,273.84,4.38,0,0,0,4,0
5603,885.48,11,29,6,309.25,22.94,0,0,1,4,0
5604,2893.77,19,21,4,301.35,2.81,0,0,0,2,0
5605,1666.97,9,33,5,383.87,2.92,0,0,1,1,0
5606,1367.29,6,40,1,647.02,100.6,0,0,1,3,0
5607,307.68,9,28,8,1113.06,3.29,0,0,2,1,0
5608,751.01,17,41,4,1240.86,78.66,1,1,3,4,0
5609,2693.7,21,39,3,1435.31,118.69,0,0,0,3,0
5610,1138.76,5,56,4,1368.09,136.71,0,1,0,2,0
5611,2120.76,6,32,3,602.8,99.77,1,0,1,2,0
5612,6415.75,16,66,4,1119.72,155.24,0,0,0,5,0
5613,3098.29,11,32,7,537.87,2.66,0,0,2,2,0
5614,1203.7,16,27,3,848.27,284.32,0,0,0,5,0
5615,657.87,17,45,4,554.42,1.04,0,0,0,2,0
5616,85.32,13,53,6,653.23,9.11,1,0,2,4,0
5617,926.69,10,34,6,504.74,4.22,0,0,3,4,1
5618,791.55,1,53,6,160.18,68.13,0,1,2,5,1
5619,1620.3,20,39,3,536.1,4.55,0,0,1,3,0
5620,940.2,0,40,2,1077.34,17.31,0,1,0,5,0
5621,796.01,10,46,3,1421.65,50.82,1,0,0,1,0
5622,185.05,1,39,4,984.49,34.46,0,0,1,1,0
5623,428.39,15,28,4,309.43,7.32,1,1,2,5,0
5624,1766.32,21,53,3,445.26,36.86,0,0,1,5,0
5625,6099.17,2,61,1,184.26,20.83,0,1,2,3,0
5626,994.73,19,46,3,1144.73,44.09,0,1,0,2,0
5627,1522.05,0,59,6,325.81,38.66,0,0,0,4,0
5628,2842.61,20,49,5,895.91,227.85,0,0,0,2,0
5629,487.41,19,31,2,952.34,99.58,0,0,1,5,0
5630,1582.58,7,35,4,326.75,0.18,0,0,2,4,0
5631,522.96,18,55,0,826.3,9.68,0,0,2,4,0
5632,2604.05,0,54,7,2831.25,122.17,1,0,0,5,0
5633,1275.89,4,51,4,502.51,38.77,0,0,1,4,0
5634,1478.01,0,62,2,1583.87,71.25,0,0,0,2,1
5635,501.4,10,40,0,823.09,35.01,0,0,2,4,0
5636,2223.93,20,49,2,849.5,77.03,0,1,2,2,1
5637,8819.43,8,63,1,618.19,7.12,1,0,0,2,0
5638,400.25,4,20,3,1402.67,66.95,0,1,1,1,1
5639,780.74,1,60,5,586.53,101.86,0,0,1,4,0
5640,1382.44,12,39,2,1075.22,15.44,0,1,1,5,1
5641,2407.65,17,40,4,1404.89,22.97,1,1,1,3,0
5642,626.69,11,21,3,1498.59,44.65,0,0,0,1,0
5643,64.52,13,30,3,1044.55,101.34,0,0,0,2,0
5644,4269.23,4,49,7,1221.17,119.19,0,0,0,1,0
5645,2346.09,23,46,4,681.08,38.22,1,0,2,1,1
5646,191.91,9,57,3,473.58,53.66,0,0,1,3,0
5647,597.31,19,57,2,866.08,103.14,1,0,0,5,0
5648,5261.56,1,62,3,872.61,13.15,0,0,2,3,0
5649,4664.78,3,27,2,869.23,87.21,0,0,0,2,1
5650,2803.55,11,30,1,1622.77,15.18,0,0,2,5,0
5651,919.55,10,62,4,683.56,43.49,0,0,0,5,0
5652,1191.52,3,34,2,225.34,136.41,0,0,0,1,0
5653,962.06,10,55,3,130.58,35.82,0,0,3,1,0
5654,3388.83,8,19,1,773.27,4.9,1,0,0,4,1
5655,456.76,9,34,1,1513.11,113.08,0,1,0,5,0
5656,489.9,5,61,2,562.49,43.97,0,1,3,3,0
5657,3011.74,14,43,1,2989.51,3.69,1,0,1,3,1
5658,1049.05,9,55,3,758.69,0.53,0,0,3,1,0
5659,4352.33,21,54,0,4554.89,15.14,0,0,2,4,0
5660,560.31,20,22,4,621.04,6.41,0,0,1,5,0
5661,1038.18,5,42,6,2358.96,49.5,0,1,0,1,0
5662,435.98,0,26,5,479.79,45.41,0,0,0,5,0
5663,1104.74,20,45,2,1569.32,91.91,0,0,1,1,0
5664,250.0,21,39,4,1074.16,36.01,1,0,3,4,0
5665,673.42,23,46,0,886.33,14.59,0,0,0,5,0
5666,260.8,19,52,1,883.28,2.58,0,0,1,1,0
5667,2194.97,20,37,2,2086.95,0.53,0,0,0,4,0
5668,2245.29,3,22,5,585.87,130.03,0,0,1,2,0
5669,194.36,22,56,2,736.38,7.8,0,1,1,3,0
5670,4162.56,21,61,3,5999.27,34.58,0,0,0,4,0
5671,13325.24,13,49,5,1042.39,79.18,0,0,1,4,0
5672,1148.26,19,56,2,1810.97,132.0,1,0,1,5,1
5673,577.6,21,27,1,554.82,11.26,0,0,0,5,1
5674,18477.9,19,57,1,439.91,13.19,0,1,1,2,0
5675,293.25,7,34,3,1250.58,9.91,1,1,1,3,0
5676,1118.91,10,54,3,805.04,8.65,0,0,0,3,0
5677,1312.41,14,32,5,575.55,30.34,0,0,1,4,0
5678,4209.7,18,26,1,174.98,50.52,0,0,1,3,1
5679,1571.43,7,49,2,161.33,61.25,0,0,1,2,0
5680,666.05,12,40,3,142.75,19.82,0,0,2,1,1
5681,423.61,17,28,0,885.6,48.88,0,1,2,1,0
5682,779.13,21,30,5,285.3,0.12,0,0,1,5,0
5683,400.64,23,35,2,167.05,109.58,0,0,1,1,0
5684,1150.35,16,66,5,332.3,101.92,0,0,1,2,0
5685,623.78,5,26,2,145.2,39.27,0,0,1,4,0
5686,246.16,14,59,5,409.26,13.94,0,0,0,5,0
5687,3847.37,12,22,4,393.36,179.19,0,0,3,2,0
5688,666.69,17,60,3,998.43,83.21,0,0,1,1,0
5689,308.54,10,39,2,758.0,0.85,0,0,1,2,0
5690,926.8,12,49,2,452.65,31.71,0,0,0,5,0
5691,1174.23,0,64,4,1127.85,5.38,0,0,0,4,0
5692,191.24,17,19,3,246.54,7.09,1,1,1,4,0
5693,1527.9,4,38,5,454.31,0.07,0,0,0,4,0
5694,384.85,5,45,1,354.13,58.19,0,0,0,3,0
5695,6069.48,0,69,3,634.94,14.55,0,1,1,2,0
5696,1851.89,6,41,1,127.01,18.18,0,0,1,2,0
5697,735.17,3,41,3,4132.18,2.41,0,0,1,3,0
5698,520.52,8,31,4,882.49,0.4,0,0,1,5,0
5699,987.36,14,54,5,906.31,78.68,0,0,1,5,0
5700,2023.92,5,44,7,130.78,54.15,0,0,2,1,1
5701,1069.03,16,41,2,793.53,24.09,0,0,2,5,0
5702,882.57,19,23,4,556.17,3.62,0,0,2,5,0
5703,1162.55,17,43,0,1626.75,74.76,1,0,4,4,0
5704,599.53,21,32,3,527.9,130.43,0,0,0,2,0
5705,778.05,3,46,1,501.12,37.48,0,0,1,4,1
5706,136.21,8,53,2,636.14,7.48,1,0,1,2,0
5707,2903.66,13,27,2,2014.11,52.85,0,0,1,2,0
5708,1478.52,2,45,3,188.9,3.71,0,0,1,2,0
5709,506.0,0,68,1,165.16,9.05,0,0,1,1,0
5710,7322.7,10,26,1,110.28,31.81,1,0,1,4,0
5711,1196.33,0,38,3,1579.49,14.32,0,0,3,3,0
5712,389.11,11,27,1,1437.69,133.12,1,0,2,3,0
5713,2583.08,8,21,2,253.11,82.74,0,0,2,1,0
5714,1632.79,4,21,4,213.07,16.2,0,0,0,4,0
5715,1627.14,14,23,1,1432.12,165.93,0,1,2,1,1
5716,716.4,17,43,1,209.21,23.76,0,0,0,1,0
5717,1720.72,8,57,3,528.77,42.01,0,0,0,4,0
5718,844.08,12,33,2,428.39,41.51,0,1,0,5,1
5719,1912.07,12,25,1,8974.57,52.43,0,0,2,3,0
5720,163.21,23,45,1,582.93,13.96,0,0,1,3,0
5721,710.61,12,33,1,1843.08,127.59,0,1,0,2,0
5722,6137.39,9,55,2,961.32,15.44,0,0,1,2,0
5723,509.25,9,66,1,455.61,54.66,0,0,0,3,0
5724,599.54,21,18,4,418.48,72.57,0,0,1,4,0
5725,700.67,6,36,1,707.98,106.65,0,0,1,1,0
5726,325.45,21,67,4,713.5,30.53,0,0,4,1,0
5727,120.51,4,34,5,443.91,62.19,1,0,0,1,0
5728,870.8,19,66,3,1039.28,4.46,0,0,3,4,0
5729,1256.22,6,45,5,685.15,75.26,0,1,1,4,0
5730,1040.54,19,61,1,380.25,70.46,0,1,0,4,1
5731,948.73,9,29,5,498.39,26.43,1,0,2,4,0
5732,1144.86,9,23,3,999.13,18.8,0,0,0,4,0
5733,3049.83,20,24,3,285.21,23.92,0,0,0,4,0
5734,906.47,23,25,4,284.98,4.75,0,0,2,2,0
5735,617.65,12,20,2,239.04,50.78,1,0,0,4,1
5736,827.89,14,66,3,498.12,122.11,0,0,0,3,0
5737,1957.35,5,38,2,544.94,54.79,0,0,1,2,0
5738,4500.87,19,25,4,273.39,43.44,1,0,1,2,0
5739,585.14,11,45,3,664.73,233.91,0,0,0,2,0
5740,1210.68,18,47,1,669.13,39.03,0,0,0,4,0
5741,1538.18,10,49,3,1398.44,21.22,0,0,0,1,0
5742,406.43,5,28,4,1363.14,60.98,0,0,1,5,0
5743,1119.25,0,37,0,134.26,36.85,0,0,0,4,1
5744,253.24,1,67,3,837.51,178.94,1,0,1,5,0
5745,186.97,22,33,2,137.54,114.12,1,0,1,3,0
5746,1582.48,14,42,3,1048.56,146.72,0,0,0,4,0
5747,747.04,3,62,1,1031.52,0.05,0,0,1,4,0
5748,1342.49,4,26,1,297.92,20.34,0,0,0,5,0
5749,1077.18,14,68,4,870.71,49.34,1,0,0,3,0
5750,413.06,10,56,3,290.81,18.43,0,0,1,2,0
5751,1048.11,9,66,5,597.87,53.42,0,0,1,2,0
5752,319.55,16,57,2,708.72,62.75,0,0,0,3,0
5753,4407.1,1,57,3,538.27,48.81,1,1,1,2,1
5754,282.6,19,20,2,1204.09,30.65,0,1,2,5,0
5755,901.64,23,33,1,355.13,59.66,0,0,0,5,0
5756,386.73,9,29,3,993.19,75.79,0,1,0,3,0
5757,1939.96,19,32,1,248.52,59.55,0,1,0,2,0
5758,787.27,2,21,2,123.11,83.57,0,0,1,2,0
5759,652.84,18,40,3,168.73,147.11,0,0,2,4,0
5760,2573.96,4,44,3,301.11,5.41,0,0,0,2,1
5761,1129.39,2,56,2,1123.08,118.45,0,0,0,1,0
5762,1838.39,7,60,4,1030.26,15.98,0,0,3,4,1
5763,411.03,4,54,1,557.39,41.48,0,0,1,1,0
5764,269.13,11,30,2,124.71,142.69,0,1,1,1,0
5765,1220.73,13,60,4,2857.62,48.39,1,0,1,1,0
5766,797.24,6,54,1,196.44,4.4,0,0,0,3,0
5767,2051.72,10,57,3,885.16,34.58,0,0,2,2,0
5768,1012.41,7,38,4,479.65,112.38,1,1,1,4,1
5769,1346.25,4,46,4,917.49,26.56,0,0,0,5,0
5770,216.29,7,46,3,1913.37,94.18,0,0,1,3,0
5771,7247.68,11,66,2,772.64,79.04,0,0,0,4,0
5772,930.53,14,28,3,1173.73,118.45,0,0,0,1,1
5773,2203.03,18,68,1,7783.32,15.26,1,0,1,3,0
5774,475.28,15,67,0,1498.54,34.31,0,0,0,4,0
5775,1492.2,13,45,4,180.62,20.41,0,0,0,2,1
5776,298.02,6,27,2,73.63,38.21,0,0,0,2,0
5777,1723.42,7,22,1,1018.75,0.97,0,0,1,3,0
5778,768.18,6,42,0,458.9,13.83,1,0,0,2,0
5779,1129.12,17,50,1,1259.17,182.55,0,0,0,2,0
5780,2203.88,23,34,3,86.61,46.21,0,0,0,1,0
5781,319.72,5,66,4,1690.42,9.52,0,1,1,3,0
5782,553.08,18,50,2,613.17,35.5,0,0,2,5,0
5783,1732.51,3,42,2,3539.15,59.86,0,0,1,3,0
5784,8939.38,22,50,1,663.29,46.28,0,1,1,1,0
5785,955.2,2,26,6,1020.68,34.85,0,0,1,3,0
5786,1980.56,16,44,1,491.58,56.04,0,1,0,4,0
5787,985.38,21,42,2,462.17,9.13,0,0,0,3,0
5788,7648.35,18,21,3,840.84,28.83,0,0,1,3,0
5789,191.1,14,26,6,519.52,69.37,0,0,1,1,0
5790,1205.47,5,63,2,414.34,43.31,0,0,0,3,0
5791,215.82,11,32,3,894.11,118.37,0,0,1,4,0
5792,89.43,18,33,1,419.62,29.33,0,0,0,3,0
5793,1476.55,5,33,1,917.73,7.09,1,1,1,2,0
5794,1260.8,10,30,1,189.26,2.5,0,0,2,4,0
5795,824.82,19,31,4,670.0,32.45,0,0,0,3,0
5796,986.15,19,39,9,571.32,28.77,0,1,1,5,0
5797,24301.65,9,38,5,110.52,14.82,0,0,0,3,0
5798,847.11,15,26,3,249.13,44.64,0,0,2,2,0
5799,1826.44,17,58,2,85.62,14.4,0,0,1,2,0
5800,572.86,13,21,4,721.65,12.19,0,1,0,2,0
5801,1473.26,3,27,4,351.51,48.67,1,0,0,4,1
5802,864.17,11,52,1,513.75,144.97,0,1,0,5,0
5803,727.4,19,26,4,1929.35,11.33,0,0,2,4,0
5804,6760.81,22,68,2,664.8,10.09,0,1,2,3,0
5805,3558.82,20,65,5,840.1,36.63,0,0,0,5,0
5806,1257.33,7,33,4,451.68,6.36,0,0,0,1,0
5807,109.49,6,66,3,369.58,17.41,0,0,0,3,0
5808,764.32,8,35,1,210.79,234.21,0,1,2,4,0
5809,16367.08,23,27,1,1184.72,91.96,0,0,0,1,0
5810,870.74,16,38,5,2287.74,61.23,0,0,0,3,0
5811,3305.09,9,68,1,1697.12,1.32,0,1,2,3,0
5812,4637.55,2,32,5,257.19,15.4,0,0,1,5,0
5813,1365.07,20,32,3,1816.97,42.16,0,0,0,4,0
5814,472.57,7,28,3,584.46,61.94,0,0,0,2,0
5815,96.03,13,57,5,2158.46,55.19,0,0,1,1,0
5816,2173.65,6,65,4,905.41,10.26,0,0,1,4,0
5817,485.53,15,59,3,854.97,31.39,0,1,1,2,0
5818,1307.86,17,58,2,873.47,11.06,0,0,1,1,0
5819,314.25,10,64,2,171.55,128.57,0,0,1,3,0
5820,841.14,5,54,2,242.07,40.76,0,0,0,1,0
5821,1134.24,19,37,5,403.07,24.74,0,0,0,4,0
5822,1434.53,20,51,3,496.93,125.06,0,0,0,5,0
5823,359.67,13,39,0,730.43,117.15,0,0,0,5,0
5824,3629.72,20,65,1,459.42,35.07,1,0,2,1,0
5825,603.72,12,35,2,443.77,58.04,0,0,1,5,0
5826,205.52,3,33,4,1793.3,19.2,0,0,0,4,0
5827,983.36,19,22,1,1960.88,18.38,0,0,0,2,0
5828,1134.99,19,18,0,1079.53,39.88,0,0,2,5,0
5829,1287.67,10,36,4,372.53,93.75,0,0,0,4,0
5830,4281.82,17,27,4,930.02,45.46,1,0,0,1,0
5831,865.71,0,38,2,1852.66,30.72,0,0,0,1,0
5832,973.0,11,30,2,546.35,54.55,0,0,2,4,0
5833,363.88,17,41,1,1946.92,83.64,1,0,2,4,0
5834,2491.28,6,40,2,3128.79,77.4,0,0,1,5,0
5835,1318.58,11,40,6,1451.96,23.15,0,0,1,2,0
5836,720.52,0,28,1,1092.19,137.18,0,1,1,1,0
5837,163.26,21,64,2,877.92,0.79,0,0,0,4,1
5838,4649.02,3,19,3,1104.54,29.96,0,0,0,2,0
5839,321.28,17,23,2,929.6,119.04,0,0,2,1,0
5840,607.12,14,28,4,249.83,59.54,1,0,0,4,0
5841,1569.24,2,32,6,1928.17,60.87,0,0,0,2,0
5842,331.44,6,26,7,712.33,8.51,0,0,0,5,0
5843,246.29,5,29,2,4675.12,43.62,0,0,0,1,0
5844,131.11,14,53,3,6081.81,170.49,0,0,0,3,0
5845,2255.21,14,45,9,544.14,11.88,0,0,0,4,0
5846,635.76,5,40,3,783.46,19.81,0,0,0,3,0
5847,20481.35,7,44,4,471.43,24.6,0,0,1,1,0
5848,405.71,7,41,2,310.25,22.31,1,0,0,5,1
5849,436.4,21,31,5,635.25,49.32,0,0,0,1,0
5850,623.04,0,52,4,682.78,13.37,0,0,1,5,1
5851,1398.47,12,44,1,234.38,35.23,0,0,2,1,0
5852,685.26,22,38,4,271.82,25.56,0,1,0,2,0
5853,2022.99,23,66,4,61.65,51.71,0,0,1,3,1
5854,412.16,20,30,3,261.14,13.85,0,0,0,2,0
5855,275.45,12,25,1,1307.86,40.27,1,0,0,1,0
5856,181.6,10,61,5,2110.28,67.42,0,0,1,2,0
5857,118.68,3,61,4,137.42,59.04,0,0,0,1,1
5858,653.23,6,61,3,227.67,89.87,0,0,1,1,0
5859,811.61,11,51,6,1774.88,156.36,0,0,1,1,0
5860,583.22,12,59,2,336.0,96.2,0,0,0,5,0
5861,3802.47,21,40,4,459.91,139.2,0,1,0,5,1
5862,3744.45,11,26,5,383.75,0.88,1,0,1,4,0
5863,784.62,15,18,1,1385.14,49.57,0,0,2,5,0
5864,182.38,5,53,0,2537.52,15.58,0,0,1,3,0
5865,622.22,13,63,6,705.51,82.77,0,0,0,1,0
5866,601.95,18,33,4,468.15,85.47,1,0,2,1,0
5867,568.42,15,42,4,557.27,2.45,1,0,0,5,0
5868,545.82,3,35,4,1357.6,45.26,0,0,2,5,0
5869,570.51,4,51,1,1012.46,95.15,0,0,1,3,1
5870,745.06,8,55,2,544.31,44.27,0,0,1,1,0
5871,580.83,23,20,5,642.3,27.72,0,0,2,2,0
5872,1350.62,2,37,5,374.54,3.99,0,0,2,5,0
5873,1572.42,21,36,3,389.59,65.52,1,0,0,2,0
5874,441.14,9,30,6,217.3,3.88,0,0,0,3,0
5875,3909.11,16,34,3,1663.21,45.55,0,0,0,5,1
5876,411.55,18,31,4,108.71,124.82,0,0,0,3,0
5877,217.5,9,47,0,831.41,27.16,0,0,1,3,0
5878,1604.84,11,39,1,651.08,73.52,0,1,1,5,0
5879,484.25,22,60,2,616.96,80.42,1,0,2,2,0
5880,1512.16,6,65,2,407.56,0.52,0,0,1,1,0
5881,99.12,17,60,7,525.78,123.22,0,0,3,1,0
5882,4413.64,18,46,3,2718.9,10.46,0,0,0,1,0
5883,2148.0,14,67,3,705.21,16.61,1,0,1,2,0
5884,244.58,6,19,2,756.89,102.31,0,0,1,4,0
5885,249.94,11,25,6,776.32,58.01,1,0,3,2,0
5886,5838.71,21,31,2,379.48,23.25,0,0,2,2,0
5887,524.59,6,51,5,422.26,4.6,0,1,0,1,0
5888,476.19,9,30,2,1014.12,24.41,0,1,2,3,0
5889,113.74,23,27,4,339.54,169.56,0,0,1,1,1
5890,772.18,21,25,5,615.65,5.53,1,1,1,2,0
5891,873.3,19,24,2,1684.54,93.58,1,0,1,2,1
5892,2242.83,9,30,3,389.05,19.67,0,1,0,4,0
5893,270.68,22,43,1,609.24,53.15,0,0,0,4,0
5894,239.78,4,49,3,532.71,49.92,0,0,1,3,0
5895,1721.52,17,36,3,994.21,19.7,0,0,0,4,0
5896,3001.09,8,32,2,747.15,2.79,0,0,1,4,0
5897,227.89,15,19,3,384.85,8.06,0,0,0,3,0
5898,3234.13,6,54,0,434.29,41.72,0,0,0,5,0
5899,1138.59,9,36,2,398.55,148.66,1,0,1,5,0
5900,3267.58,4,50,6,373.66,130.03,0,0,1,2,0
5901,1022.27,6,56,1,163.48,6.02,0,0,1,5,0
5902,88.03,4,67,3,768.81,104.06,1,1,1,2,0
5903,942.03,14,50,4,389.39,13.32,0,0,0,2,0
5904,3165.75,18,18,3,979.37,120.33,0,0,0,4,0
5905,448.65,9,56,1,711.7,71.04,0,0,1,4,0
5906,744.0,7,45,3,491.73,162.55,0,0,1,5,0
5907,919.53,23,34,0,460.62,29.15,1,0,1,3,0
5908,60.37,8,23,4,231.28,65.76,0,0,0,3,0
5909,5833.35,10,69,2,737.63,66.45,1,1,1,2,0
5910,445.24,21,61,2,622.33,34.28,1,0,1,3,0
5911,1818.44,1,37,2,404.0,183.49,0,0,2,4,1
5912,1005.56,2,64,2,136.17,13.96,0,0,1,2,0
5913,3856.9,12,30,5,564.18,214.21,0,0,0,3,0
5914,1645.92,10,29,3,598.75,83.6,0,0,1,2,0
5915,867.03,9,47,3,1606.23,47.87,0,0,0,1,0
5916,448.76,14,38,2,685.41,3.93,0,0,0,1,0
5917,2435.36,5,19,2,1724.72,15.01,0,0,1,2,0
5918,168.44,0,35,0,402.23,92.03,1,0,3,1,0
5919,2092.03,13,45,3,537.81,65.13,1,0,1,3,0
5920,365.39,17,21,4,297.0,164.43,0,1,2,4,0
5921,3836.38,23,59,4,538.0,25.27,1,1,0,4,0
5922,1288.58,10,60,3,1288.68,112.43,0,0,0,1,0
5923,2088.34,7,23,3,1318.51,98.96,0,0,0,2,0
5924,1190.33,21,55,1,794.39,169.27,1,0,0,4,0
5925,190.11,2,26,4,226.72,15.9,0,1,0,3,0
5926,463.72,13,37,3,216.12,34.11,0,0,2,1,0
5927,2148.21,1,62,3,545.18,4.22,1,0,0,4,1
5928,1295.5,15,47,4,386.5,44.69,0,1,1,3,0
5929,3572.39,5,54,3,1130.6,65.9,0,0,1,2,0
5930,1641.35,0,55,3,971.58,13.59,0,0,0,1,0
5931,417.09,13,21,4,876.39,9.3,1,0,1,5,0
5932,494.69,9,55,1,421.01,51.02,0,0,0,5,1
5933,1215.51,5,67,1,748.44,24.97,0,0,0,3,0
5934,108.41,8,30,5,868.87,27.81,1,0,1,1,0
5935,5845.58,6,52,0,505.42,31.85,0,0,0,3,0
5936,1705.73,1,47,6,549.14,35.82,0,0,3,2,0
5937,3740.72,10,59,2,847.83,10.88,0,0,2,2,1
5938,225.74,13,21,4,277.04,43.11,0,0,2,4,0
5939,3806.88,4,42,1,418.76,3.58,1,0,0,4,0
5940,10213.84,8,48,8,392.86,6.02,0,0,3,4,0
5941,292.69,6,64,1,1462.38,62.16,1,0,1,4,0
5942,2371.79,13,29,7,434.49,65.73,0,0,1,5,1
5943,1097.85,15,32,1,680.01,15.48,0,0,1,4,0
5944,234.06,21,43,0,1115.02,10.21,0,0,2,5,0
5945,1795.22,15,27,1,362.52,2.78,0,0,1,2,0
5946,2524.01,6,29,5,1340.46,27.14,0,0,0,3,0
5947,601.17,9,39,2,1435.49,35.57,0,0,0,4,0
5948,3518.95,20,57,3,121.62,114.86,0,0,0,4,0
5949,207.11,5,38,4,884.57,0.12,0,1,0,1,1
5950,245.98,16,52,5,1521.68,26.03,1,1,0,2,0
5951,1257.14,0,24,3,489.05,27.17,0,0,0,2,0
5952,1124.83,1,35,2,1024.63,108.82,0,0,0,1,0
5953,535.62,13,44,2,230.54,10.91,0,1,0,1,0
5954,2464.13,3,52,2,187.21,3.42,0,0,0,2,0
5955,1864.77,8,64,4,473.78,24.03,1,0,2,5,0
5956,2586.7,22,19,2,304.73,47.38,0,0,1,5,0
5957,969.58,5,49,5,884.55,97.65,0,1,1,5,0
5958,2003.36,16,32,4,861.96,15.67,0,0,0,5,0
5959,702.29,20,62,2,2724.01,14.47,0,0,2,2,0
5960,8551.13,10,41,0,1259.04,19.72,0,0,0,1,0
5961,486.61,3,37,6,412.32,6.29,0,0,4,3,0
5962,9002.86,20,27,8,689.71,189.08,1,0,0,4,0
5963,1135.57,8,41,3,791.52,38.89,0,1,1,1,0
5964,277.13,15,41,2,1014.66,15.89,0,0,1,1,0
5965,4307.36,2,41,2,124.7,22.45,0,0,0,5,0
5966,1243.77,3,57,2,462.93,100.48,0,0,2,2,0
5967,2568.62,23,65,1,1531.17,56.0,0,0,1,1,0
5968,3728.85,2,65,0,912.08,40.28,0,0,2,4,1
5969,1537.57,12,51,4,686.5,64.51,0,0,1,5,0
5970,606.53,18,58,3,439.1,70.49,1,0,0,4,0
5971,2909.43,20,57,2,598.71,10.8,0,0,3,1,0
5972,1097.46,0,28,7,687.69,8.64,0,0,1,4,0
5973,2177.34,22,43,7,321.01,170.1,0,0,2,1,0
5974,127.26,22,18,0,823.84,10.27,0,1,1,3,1
5975,1714.68,5,47,4,703.55,31.25,0,1,1,4,0
5976,579.06,21,60,2,476.13,203.09,0,0,2,4,0
5977,5729.08,2,35,2,475.11,27.0,0,0,0,5,0
5978,2044.87,2,43,5,245.52,36.16,0,0,0,3,0
5979,1393.9,15,64,1,1614.8,80.06,0,0,1,1,0
5980,1783.46,9,26,2,989.22,20.81,1,0,2,4,0
5981,404.06,16,26,3,837.21,28.2,0,1,0,4,0
5982,5559.46,6,18,2,1022.85,20.19,1,0,0,3,0
5983,8033.46,12,24,3,72.92,16.94,0,1,0,5,1
5984,1624.43,10,61,3,2583.4,31.92,0,0,0,1,0
5985,5379.78,9,59,3,80.08,68.5,0,0,1,3,0
5986,620.7,6,68,4,1355.47,100.98,0,0,0,3,1
5987,494.17,23,33,0,716.85,31.75,0,0,2,1,0
5988,1142.44,5,55,1,283.74,19.36,0,1,0,1,0
5989,1694.16,23,28,5,723.06,121.29,1,1,0,2,0
5990,739.53,0,68,5,981.34,20.47,0,0,1,3,0
5991,1877.63,16,42,3,444.38,74.58,0,0,2,5,0
5992,1489.79,11,46,5,1738.49,69.04,0,0,0,1,0
5993,404.11,3,36,3,198.78,2.55,0,0,1,5,0
5994,1842.34,2,35,3,284.14,9.78,0,0,0,2,1
5995,2600.68,5,64,3,241.66,42.53,1,0,3,1,0
5996,1301.76,15,46,6,211.58,101.11,0,0,1,2,0
5997,3472.56,12,33,3,759.74,45.07,0,0,0,1,0
5998,324.6,8,63,6,2400.46,67.88,0,0,0,5,0
5999,1751.01,10,57,1,1313.27,66.29,0,0,0,3,0
6000,340.26,19,25,6,520.8,34.1,1,0,0,5,0
6001,359.93,20,51,2,2020.81,41.14,0,0,1,3,0
6002,583.51,12,23,3,1516.82,3.7,0,0,0,2,0
6003,427.49,22,62,3,388.81,131.37,0,0,1,3,0
6004,633.97,18,62,0,525.67,56.1,0,0,1,3,0
6005,885.23,2,47,4,838.52,8.39,0,1,0,4,0
6006,2532.99,11,61,2,355.85,13.99,0,0,0,2,0
6007,795.4,18,51,2,301.02,0.23,0,1,0,3,0
6008,224.61,7,38,3,1200.33,15.33,0,0,0,3,0
6009,3429.15,13,69,2,1445.2,19.04,0,0,1,2,0
6010,474.81,21,29,4,294.13,57.46,0,1,2,1,1
6011,1034.09,8,66,3,889.95,32.38,0,0,0,3,0
6012,1713.92,23,23,3,878.34,92.51,0,0,0,5,0
6013,1338.91,16,56,6,275.13,4.54,0,0,0,5,1
6014,3275.35,5,23,7,861.5,61.38,0,0,1,4,1
6015,1770.47,3,21,4,1006.3,103.93,0,0,0,1,0
6016,463.45,3,26,3,1045.2,27.35,1,1,1,2,0
6017,9687.21,18,22,3,525.61,17.04,0,0,1,2,0
6018,1331.86,11,27,5,837.69,29.49,0,1,0,1,0
6019,946.39,1,64,3,762.42,77.76,0,0,0,4,0
6020,2875.34,16,25,0,702.52,125.69,0,0,0,2,0
6021,1407.33,14,40,2,1331.72,3.39,0,0,1,1,0
6022,1634.72,9,21,1,304.48,37.59,1,0,0,3,0
6023,13255.71,2,54,1,332.27,51.04,0,0,1,3,1
6024,832.87,19,24,3,279.39,0.88,0,0,0,1,0
6025,798.1,3,23,4,1444.22,10.0,0,0,0,5,0
6026,1232.23,21,62,2,646.18,3.23,0,1,2,5,0
6027,3201.95,0,68,2,398.03,17.15,0,0,2,2,0
6028,243.1,0,59,5,1801.4,11.5,0,0,1,4,0
6029,153.61,17,32,2,541.7,33.35,1,0,1,2,0
6030,609.65,3,52,5,114.53,53.26,0,0,1,1,1
6031,214.02,22,67,6,389.57,92.33,0,0,2,5,0
6032,717.07,21,49,1,704.96,18.14,0,0,0,4,1
6033,1812.57,14,31,4,878.35,2.59,0,0,0,4,0
6034,450.0,22,52,1,379.72,0.19,0,0,0,2,0
6035,263.27,20,28,2,464.28,93.07,0,0,0,4,0
6036,1175.37,21,27,1,439.53,105.24,0,0,0,3,0
6037,2598.12,9,34,5,1080.03,5.32,0,0,2,3,0
6038,201.35,16,30,2,1894.74,0.51,0,0,0,3,0
6039,2490.48,21,51,3,361.18,80.54,0,0,1,1,0
6040,2483.21,11,62,5,2004.01,51.18,0,0,1,1,0
6041,2847.18,19,68,4,749.37,40.61,0,0,0,5,1
6042,3708.86,11,22,4,571.87,38.09,0,1,1,3,0
6043,9917.08,15,65,1,511.75,74.31,0,0,1,4,0
6044,768.09,4,27,4,297.81,17.36,0,0,2,4,0
6045,1223.62,15,49,3,326.27,24.64,0,1,0,3,0
6046,723.11,16,29,2,289.4,4.05,0,0,1,2,0
6047,1098.8,22,69,5,267.31,41.75,0,0,0,4,0
6048,5079.02,14,30,3,877.11,161.97,0,1,2,3,0
6049,285.71,12,38,2,3430.88,16.69,0,0,0,2,0
6050,463.57,7,65,3,350.63,132.43,0,0,2,1,0
6051,4346.74,20,50,3,511.92,65.32,1,0,2,4,1
6052,3041.29,1,58,4,1408.24,13.32,0,0,0,1,0
6053,762.7,7,65,2,286.1,54.36,0,0,1,2,0
6054,2577.05,9,68,5,209.04,22.8,0,0,0,5,0
6055,1542.59,6,64,7,136.03,6.52,0,0,0,5,0
6056,4916.12,9,67,5,669.66,4.87,0,0,1,3,0
6057,1181.46,3,49,3,385.17,0.87,0,0,3,2,0
6058,3058.35,10,29,4,222.89,79.93,1,0,0,3,0
6059,15398.29,8,63,6,372.91,108.08,1,0,0,2,0
6060,1994.4,3,52,2,1274.63,32.94,0,0,0,5,0
6061,1152.08,2,53,3,452.13,36.69,0,1,0,2,0
6062,2258.48,10,55,2,1235.3,58.82,0,0,1,4,1
6063,761.07,2,65,3,896.26,60.35,0,0,0,5,1
6064,11943.8,17,45,1,710.0,19.59,1,0,0,2,0
6065,1313.0,18,30,3,620.72,8.67,0,0,0,2,0
6066,834.7,13,29,4,1072.51,28.14,1,0,1,5,0
6067,475.47,23,39,1,789.9,59.7,0,0,1,1,0
6068,3285.32,10,61,0,729.31,81.54,0,0,1,1,0
6069,2610.21,23,19,4,132.18,4.67,0,0,0,3,0
6070,666.9,1,46,3,486.41,44.37,0,1,1,3,0
6071,1951.69,1,30,2,180.66,2.78,0,0,4,4,0
6072,242.61,1,52,5,262.75,87.09,1,0,0,5,0
6073,1319.45,9,30,2,1395.54,54.95,0,0,0,2,0
6074,1724.61,22,51,3,549.58,59.64,0,0,0,1,0
6075,6047.07,14,36,4,2334.95,71.72,1,0,0,1,1
6076,507.34,21,26,1,1110.11,34.22,0,0,1,3,0
6077,305.41,11,69,2,359.12,17.76,0,0,1,3,0
6078,447.9,10,48,0,447.49,77.01,0,0,0,2,0
6079,288.14,16,50,5,1040.82,75.11,1,0,0,3,0
6080,4174.11,17,44,2,960.42,7.25,0,0,0,4,1
6081,5159.73,13,62,5,1342.08,116.53,0,0,0,5,0
6082,1510.53,16,19,3,108.29,12.5,0,0,2,2,0
6083,3719.32,14,32,2,176.59,18.3,1,0,0,4,0
6084,1253.83,11,36,2,382.75,12.16,0,0,1,3,0
6085,997.14,15,48,2,1058.86,168.48,0,0,0,5,0
6086,786.0,22,33,5,1172.46,17.8,1,0,1,1,0
6087,804.01,5,60,2,64.18,177.72,0,1,1,1,0
6088,233.27,1,32,4,307.41,50.8,0,0,0,1,0
6089,1428.32,1,23,2,972.45,9.71,0,0,2,3,0
6090,1053.28,15,31,3,274.53,40.35,1,0,1,3,1
6091,2310.83,1,44,4,780.43,106.97,0,0,0,4,0
6092,1204.14,7,55,1,906.37,41.24,0,0,2,4,1
6093,931.97,6,36,3,422.6,7.11,0,0,1,2,0
6094,458.89,0,54,2,669.25,16.91,0,0,1,3,0
6095,1178.68,3,60,4,567.43,12.73,0,1,0,1,0
6096,2294.42,10,21,4,949.72,6.73,0,0,1,1,0
6097,349.56,19,43,3,529.18,19.82,0,0,0,5,1
6098,1196.88,6,26,4,147.74,54.1,0,0,0,4,0
6099,1384.43,17,58,1,1000.66,24.1,0,0,4,3,0
6100,534.82,3,66,2,624.8,29.33,1,0,0,2,0
6101,609.2,16,57,5,995.01,19.33,1,0,0,2,0
6102,1381.07,10,32,2,325.9,259.89,0,0,0,1,0
6103,353.04,10,58,2,517.75,44.12,0,0,0,4,0
6104,1556.08,19,54,2,427.72,89.75,0,0,2,5,0
6105,447.93,10,21,3,1323.4,29.11,1,0,2,1,0
6106,3174.34,14,43,2,1099.52,9.23,0,0,1,4,0
6107,11359.71,13,69,0,2143.91,93.8,0,0,0,2,0
6108,463.7,16,35,5,586.58,72.08,0,0,0,1,0
6109,1870.96,1,58,3,236.27,20.01,1,0,1,3,1
6110,530.2,17,52,4,279.25,46.62,0,0,0,5,0
6111,3105.58,15,58,0,1337.18,4.91,0,0,0,3,0
6112,309.43,11,58,2,1856.02,1.33,1,0,0,4,1
6113,1773.28,9,46,2,223.45,84.58,0,0,1,4,1
6114,458.06,15,41,2,431.33,142.3,0,0,0,2,0
6115,891.6,2,21,3,264.33,21.08,1,0,1,4,0
6116,391.1,7,38,4,3186.3,45.51,0,0,0,4,1
6117,2495.76,21,56,3,877.79,63.17,0,0,2,4,0
6118,474.86,21,24,4,319.61,68.53,1,0,0,2,0
6119,1904.48,23,40,0,305.98,32.8,0,0,1,4,0
6120,777.36,1,57,2,2060.13,47.5,0,1,4,5,1
6121,978.02,21,38,2,1078.74,53.51,0,0,1,4,0
6122,1271.25,0,18,2,662.27,5.45,0,1,1,4,0
6123,511.92,13,58,2,457.37,51.8,0,0,1,4,0
6124,1353.39,3,42,3,466.95,35.76,0,0,0,2,0
6125,5066.14,3,48,6,212.58,23.78,0,1,0,1,0
6126,503.66,8,61,6,366.27,15.17,0,1,1,2,0
6127,3539.75,2,55,1,447.59,50.79,0,0,1,4,0
6128,4905.43,4,62,2,578.46,9.12,0,0,0,5,1
6129,484.85,0,22,4,604.66,83.26,0,0,1,5,0
6130,255.94,21,48,6,1389.08,9.42,0,1,1,5,0
6131,1483.21,18,68,4,359.86,73.84,1,0,0,2,0
6132,634.34,0,18,4,1983.4,85.03,0,0,0,4,0
6133,7105.35,9,47,5,586.48,140.38,0,0,2,5,0
6134,1135.48,21,35,2,861.02,31.11,0,0,2,4,0
6135,491.67,11,25,5,1494.54,3.29,1,0,0,5,0
6136,348.22,9,43,3,998.52,56.61,1,0,0,4,0
6137,3261.38,1,57,3,1178.61,16.61,0,0,0,4,0
6138,619.44,15,32,2,404.54,4.87,0,0,0,1,0
6139,1145.77,7,36,1,572.9,96.82,0,0,0,1,0
6140,2852.08,13,27,4,1172.2,7.53,0,0,4,3,0
6141,675.69,14,41,4,1193.73,35.3,0,0,2,2,0
6142,1047.41,15,33,5,753.33,77.68,0,0,2,1,0
6143,1078.61,10,60,2,1164.9,11.1,0,0,1,3,0
6144,2171.83,11,48,4,341.02,113.47,0,0,0,2,0
6145,1979.79,1,61,3,1122.81,20.14,0,1,1,3,0
6146,879.97,3,33,2,1378.72,25.24,0,0,0,3,0
6147,1168.7,2,33,3,661.43,7.05,0,0,2,2,1
6148,756.14,8,45,3,760.34,51.71,0,0,0,5,0
6149,250.23,17,37,1,129.83,34.19,0,1,0,5,0
6150,1418.85,18,52,5,2000.72,182.79,0,0,3,3,0
6151,7274.95,6,26,3,872.84,59.92,0,0,1,4,0
6152,453.18,3,57,2,1055.24,71.15,1,0,0,4,1
6153,506.22,5,27,5,864.81,11.1,0,1,0,3,0
6154,459.1,18,62,0,957.71,62.37,0,0,1,1,0
6155,2263.33,0,35,1,904.55,40.75,0,0,0,1,0
6156,1717.26,15,62,1,2159.58,25.86,0,0,3,4,0
6157,935.86,10,62,1,4816.0,76.31,0,0,0,1,0
6158,437.9,21,32,3,1584.65,192.1,0,0,1,3,0
6159,1202.76,3,62,3,1802.17,4.98,0,0,0,1,0
6160,229.38,17,47,7,463.95,77.77,0,0,1,4,0
6161,1265.76,22,65,3,557.75,125.96,0,0,0,5,0
6162,2621.56,4,49,3,890.23,18.93,0,0,0,4,0
6163,313.81,21,57,5,1021.0,22.55,0,0,0,5,0
6164,236.86,5,44,2,897.26,79.18,0,1,1,4,0
6165,5321.11,1,44,0,307.51,153.57,0,0,4,1,1
6166,594.81,11,36,2,475.28,139.78,0,1,1,1,0
6167,3415.05,21,27,3,495.57,2.86,0,0,1,4,0
6168,940.12,8,61,2,962.71,102.56,0,1,1,5,0
6169,932.66,19,63,5,514.53,44.15,0,0,2,3,0
6170,1700.05,11,23,5,565.28,27.33,0,0,0,1,0
6171,453.05,12,41,0,538.27,93.39,0,0,0,4,0
6172,1252.0,21,26,2,1097.92,80.58,0,1,1,3,0
6173,748.83,22,44,4,1739.29,35.6,0,1,1,4,0
6174,292.8,16,24,2,351.13,26.44,0,0,1,1,0
6175,1536.84,4,23,3,1223.45,31.98,0,0,2,2,0
6176,842.77,19,50,0,322.35,19.16,0,0,1,5,0
6177,937.27,12,38,5,1119.88,57.05,0,0,1,5,1
6178,326.96,12,63,4,241.52,111.3,0,0,0,1,0
6179,5385.15,9,55,1,2008.73,14.42,0,0,0,5,1
6180,2635.2,14,61,5,534.43,87.29,0,0,0,4,0
6181,2876.0,14,34,3,790.37,22.37,0,0,0,3,0
6182,807.99,17,48,3,728.66,7.07,0,0,0,3,0
6183,194.57,17,54,4,1972.63,2.07,0,1,2,3,0
6184,7730.41,1,28,3,392.54,32.63,0,0,2,4,0
6185,1031.64,22,45,4,636.78,42.0,0,0,0,4,0
6186,518.63,10,22,3,753.57,0.3,0,0,0,2,0
6187,1663.7,12,29,4,1450.11,52.87,1,0,0,5,0
6188,3523.19,10,20,2,362.01,36.55,1,0,2,3,0
6189,1071.64,3,58,4,120.52,297.92,0,0,0,1,0
6190,3938.58,14,55,4,265.55,5.52,0,0,2,4,0
6191,3238.94,21,19,3,1187.3,61.04,1,0,2,1,0
6192,373.76,22,43,4,706.75,12.23,0,0,1,4,0
6193,559.03,10,19,2,629.04,11.56,0,1,0,1,0
6194,2857.03,17,29,4,338.03,0.94,0,0,0,5,0
6195,72.78,15,57,0,703.19,0.33,0,0,1,3,0
6196,944.39,9,19,4,999.54,10.33,0,0,0,5,0
6197,262.22,11,58,4,605.06,9.65,0,0,3,1,0
6198,680.92,12,33,4,1876.94,0.02,0,0,1,4,0
6199,813.36,8,47,3,1306.66,63.14,0,0,1,4,0
6200,766.44,20,64,3,598.5,35.03,0,0,1,1,0
6201,631.27,12,63,5,1155.61,25.22,1,0,0,4,1
6202,366.08,5,69,1,702.83,5.48,0,0,0,4,0
6203,10849.9,5,53,2,850.46,20.32,0,0,1,3,0
6204,7097.25,10,21,6,552.71,31.8,0,0,1,3,0
6205,343.07,18,28,10,767.56,311.94,0,0,3,5,0
6206,5335.39,10,41,3,202.34,35.73,0,1,1,2,0
6207,735.49,9,35,4,351.38,0.99,1,0,0,4,1
6208,1247.86,22,44,4,1711.31,11.64,0,0,0,2,0
6209,1029.39,14,54,2,514.28,21.89,0,1,0,4,0
6210,566.94,12,19,3,286.32,30.43,1,0,2,2,0
6211,2933.21,22,32,3,2504.96,56.09,0,0,1,3,0
6212,1243.75,7,28,1,524.39,44.65,0,0,1,1,0
6213,680.92,4,44,3,1020.46,35.59,0,0,1,5,0
6214,297.5,1,66,5,441.74,90.98,0,1,0,5,0
6215,448.72,15,65,2,1392.98,10.92,0,0,1,3,0
6216,212.43,12,64,1,667.8,4.05,0,0,0,5,0
6217,1110.12,18,40,4,174.11,91.07,1,0,1,3,0
6218,331.4,8,52,3,3495.12,31.01,0,0,0,1,0
6219,840.87,14,69,3,416.83,40.3,0,0,0,5,0
6220,4316.08,5,47,0,516.44,90.82,0,0,0,4,0
6221,3638.4,7,64,2,252.67,145.77,0,0,1,5,1
6222,1061.8,23,41,0,157.96,40.15,0,0,3,2,0
6223,1005.17,13,36,1,1598.72,83.63,1,0,0,5,0
6224,7185.89,4,46,2,785.57,39.35,0,0,1,2,0
6225,1845.96,16,30,3,141.44,1.69,0,0,0,4,1
6226,790.13,21,65,7,491.94,156.02,1,0,4,2,0
6227,263.48,6,40,1,900.03,85.12,0,0,1,4,0
6228,1625.99,8,29,3,1077.7,70.0,1,0,0,1,0
6229,2513.23,15,66,5,327.65,29.15,0,0,1,5,0
6230,583.09,17,65,1,441.32,142.84,1,0,2,2,0
6231,1467.33,12,58,3,387.14,33.65,0,0,2,1,0
6232,762.37,17,46,3,492.5,63.79,0,0,0,1,0
6233,912.3,9,23,1,796.33,5.3,1,0,1,2,0
6234,91.12,0,68,0,1274.08,12.35,0,0,1,5,0
6235,878.5,20,40,3,802.33,27.6,0,0,1,3,0
6236,2891.03,17,48,1,822.86,43.53,0,0,1,1,0
6237,583.24,18,62,2,570.15,81.88,1,0,1,1,0
6238,1155.77,1,38,5,260.46,13.78,0,1,0,2,0
6239,514.94,3,41,3,592.04,74.44,1,0,0,4,0
6240,1572.53,10,25,2,473.4,110.36,1,0,0,4,0
6241,883.13,2,61,6,383.78,85.31,0,0,1,3,0
6242,428.7,8,26,2,674.22,48.7,0,1,2,3,0
6243,4157.01,9,39,2,190.53,83.03,0,0,1,5,0
6244,2776.46,1,21,4,458.63,104.98,0,0,1,3,0
6245,598.9,6,30,2,383.39,40.5,0,0,0,4,0
6246,1804.05,14,51,6,339.74,83.08,0,0,0,4,0
6247,1876.97,18,20,5,1057.43,27.33,1,0,1,5,1
6248,2084.54,9,54,4,734.52,36.96,0,0,1,2,0
6249,201.49,23,45,2,967.98,2.7,0,0,0,1,0
6250,3000.72,19,43,4,936.78,107.49,0,0,0,2,0
6251,620.36,13,67,1,302.21,7.56,0,0,1,5,0
6252,766.76,3,63,4,1595.37,16.16,0,1,0,2,0
6253,15334.83,10,51,3,454.29,19.1,0,1,0,4,0
6254,1483.08,2,32,4,1641.66,6.16,0,0,0,5,0
6255,745.22,22,25,6,489.97,127.39,0,0,1,5,1
6256,120.87,16,65,6,240.22,175.38,0,0,0,3,1
6257,4401.78,6,52,4,287.25,100.2,0,0,1,2,1
6258,285.66,10,41,2,1420.77,21.26,0,0,0,4,0
6259,402.04,17,69,1,1028.09,2.84,0,0,1,1,0
6260,787.33,13,69,3,365.97,10.1,0,1,0,4,1
6261,4520.65,13,54,1,792.11,73.94,0,0,0,1,0
6262,2376.16,5,21,2,1447.26,16.84,0,0,0,3,0
6263,936.51,8,29,2,2449.02,111.56,0,0,1,2,0
6264,1492.63,21,36,1,751.45,90.13,0,0,1,4,0
6265,601.61,2,32,2,860.76,13.52,0,0,2,1,0
6266,1260.99,16,47,2,583.95,59.12,0,0,2,3,0
6267,1180.08,11,62,2,672.02,29.2,1,0,2,4,0
6268,2889.3,3,54,5,1053.62,12.1,0,0,2,1,0
6269,2884.71,19,29,2,279.31,44.59,0,0,3,2,0
6270,1797.19,15,36,4,1118.8,90.81,0,0,1,1,0
6271,763.3,23,51,2,487.84,130.72,0,1,1,4,0
6272,2302.66,9,24,1,368.49,3.03,0,0,0,4,0
6273,1000.28,6,45,1,369.56,27.13,1,0,0,5,0
6274,371.7,9,45,2,3047.4,46.37,1,1,0,1,0
6275,732.68,6,46,5,1877.91,20.62,0,1,0,4,0
6276,1193.36,22,54,3,333.37,19.11,0,0,2,4,0
6277,2724.98,17,37,3,825.87,73.91,1,1,0,3,0
6278,912.76,8,28,4,799.44,76.28,0,0,5,2,0
6279,327.28,21,67,3,2662.26,65.27,1,0,0,4,0
6280,1160.66,17,67,0,467.89,114.4,0,0,0,4,0
6281,1228.39,16,56,2,112.38,34.13,0,0,0,1,0
6282,1320.59,10,59,3,603.76,77.51,1,0,1,1,0
6283,2751.42,0,40,1,534.99,0.56,0,0,1,4,1
6284,3037.9,16,69,2,958.39,218.82,0,0,0,5,0
6285,605.34,3,63,3,1322.13,125.81,0,0,0,2,0
6286,592.21,3,37,4,1661.76,92.05,1,0,1,1,0
6287,387.53,13,37,4,1619.22,44.31,0,0,2,4,0
6288,2205.73,8,28,3,1118.38,39.28,0,0,1,4,0
6289,4669.56,12,19,1,1542.11,8.13,0,1,1,3,0
6290,800.25,15,30,3,222.86,2.77,0,0,2,5,0
6291,861.41,0,30,0,541.4,14.78,1,0,3,2,0
6292,4754.19,2,58,3,668.5,8.18,0,0,0,1,0
6293,1818.12,18,66,2,957.29,41.14,0,0,2,4,0
6294,1696.35,7,32,4,402.23,20.21,0,0,0,4,0
6295,333.31,17,48,4,388.94,24.54,1,0,1,2,0
6296,2161.87,5,40,3,500.89,1.34,0,0,0,1,0
6297,433.05,19,39,1,942.48,39.77,0,0,0,4,0
6298,352.83,5,33,5,45.41,53.38,0,0,0,4,0
6299,775.28,4,59,2,655.21,20.35,0,0,2,2,0
6300,610.46,11,46,2,373.19,7.04,0,0,1,2,0
6301,878.66,8,37,2,334.44,60.82,0,0,2,3,0
6302,259.57,8,45,2,867.58,6.9,0,0,1,5,0
6303,2860.68,16,44,1,746.32,84.87,1,0,2,3,0
6304,3386.95,18,61,3,783.35,39.49,0,1,0,5,0
6305,156.44,16,46,1,761.7,13.55,0,0,1,5,0
6306,2917.43,21,22,7,2038.83,114.5,0,1,0,1,0
6307,487.59,15,69,5,1707.23,7.64,1,0,1,3,0
6308,2583.69,11,66,1,218.2,45.96,0,0,2,1,0
6309,1024.08,2,59,1,450.05,48.05,0,0,0,2,0
6310,1128.65,13,55,4,495.0,1.9,0,0,0,2,0
6311,911.33,16,69,2,197.27,47.04,0,0,1,5,0
6312,3685.38,21,55,2,5882.35,59.24,0,0,2,4,0
6313,317.48,15,61,3,722.28,120.47,0,0,1,5,0
6314,2013.92,20,68,1,257.75,61.71,0,0,0,5,0
6315,3298.85,11,19,9,1562.23,33.12,1,0,1,1,0
6316,2244.73,23,62,4,740.11,95.97,0,1,1,5,0
6317,11211.54,1,37,2,362.28,21.83,0,0,1,2,0
6318,646.16,7,60,4,1161.67,96.73,0,0,1,3,0
6319,2856.36,11,64,4,1384.74,92.89,0,0,3,5,0
6320,986.25,20,30,7,1156.84,46.27,1,0,1,2,0
6321,3764.63,15,43,1,1030.87,21.13,1,0,1,5,0
6322,1088.23,7,52,2,377.96,44.73,0,1,1,4,0
6323,744.06,15,63,7,178.71,118.17,0,0,1,2,1
6324,4048.38,9,25,3,254.14,50.6,0,0,0,5,0
6325,670.78,19,45,3,454.59,91.63,0,0,0,4,0
6326,267.01,14,58,6,166.11,21.13,0,0,0,1,0
6327,654.03,3,32,0,2812.63,17.29,0,0,2,2,0
6328,2036.59,14,67,7,299.98,14.78,0,0,2,4,1
6329,4411.8,3,25,4,571.63,33.79,0,0,1,2,0
6330,1225.53,10,28,3,741.81,28.28,0,0,1,2,0
6331,4097.77,5,46,2,1605.91,96.28,0,0,1,1,0
6332,281.98,3,22,1,983.06,5.97,1,0,0,5,0
6333,703.97,8,64,5,778.59,40.38,0,0,1,1,0
6334,821.74,8,64,4,4312.25,25.83,0,0,2,2,0
6335,977.93,2,24,7,2409.56,138.69,0,0,1,1,0
6336,1192.84,22,35,1,912.41,77.65,0,0,0,4,0
6337,2188.37,4,45,3,838.77,28.4,0,0,0,5,0
6338,702.88,14,29,4,598.34,51.17,1,0,3,5,0
6339,1260.2,8,29,3,1189.83,68.44,0,0,2,5,0
6340,1048.25,1,53,5,494.39,3.69,1,1,0,2,0
6341,434.46,2,46,1,367.84,56.0,0,1,0,2,1
6342,978.81,20,28,3,2028.04,7.51,0,0,2,5,0
6343,949.88,11,23,2,360.81,10.47,0,0,0,1,0
6344,929.75,15,38,2,646.34,30.92,0,0,0,5,0
6345,1132.02,4,27,4,487.77,194.25,0,0,1,2,1
6346,1182.84,9,49,8,630.37,151.99,0,0,0,1,0
6347,711.73,14,64,2,781.7,116.28,0,0,0,3,0
6348,3915.56,13,50,5,668.42,1.75,0,0,0,1,0
6349,340.54,13,34,3,329.97,95.81,1,0,1,2,0
6350,533.27,22,20,3,479.79,74.84,0,0,1,1,0
6351,17676.01,12,60,3,1122.5,34.54,0,0,0,4,1
6352,388.39,15,35,2,795.48,19.68,0,0,0,2,0
6353,283.23,7,27,3,912.5,70.45,0,0,0,5,0
6354,2285.81,7,58,4,1371.09,5.66,0,0,1,2,0
6355,137.4,16,56,6,1024.11,52.55,1,1,2,1,0
6356,866.73,16,60,0,411.84,55.72,0,0,0,3,0
6357,9375.22,2,25,5,862.71,40.34,0,1,1,5,1
6358,233.94,0,51,1,845.97,105.1,1,0,0,1,1
6359,151.11,16,54,6,186.9,20.01,1,1,0,1,0
6360,244.89,23,58,4,174.53,32.52,1,0,0,1,0
6361,2692.86,15,50,0,949.56,71.08,0,0,0,1,0
6362,3377.11,16,66,4,424.03,63.06,0,0,1,3,0
6363,656.82,1,27,6,459.76,41.33,0,0,1,2,0
6364,2171.58,13,57,2,827.89,15.88,0,0,2,3,0
6365,4403.94,6,35,1,673.25,17.42,0,0,1,2,0
6366,6550.83,18,42,0,635.56,67.59,0,0,0,5,0
6367,857.19,0,59,9,2201.75,0.29,0,0,2,1,0
6368,109.79,16,58,9,544.55,52.88,0,0,0,1,0
6369,482.57,9,53,2,819.18,14.27,1,0,2,1,0
6370,715.65,5,19,2,415.34,55.89,0,0,1,4,0
6371,846.46,6,36,2,1522.6,10.35,0,0,1,1,0
6372,908.81,5,27,4,870.63,23.62,0,0,1,4,0
6373,3357.31,4,66,4,2721.85,70.08,0,0,0,3,0
6374,3922.28,1,20,5,745.81,70.37,0,0,2,2,1
6375,923.64,17,36,3,851.9,11.77,0,1,0,4,0
6376,3289.48,23,68,2,644.25,23.6,0,0,1,3,0
6377,1568.16,16,43,3,2340.74,34.91,0,0,1,5,0
6378,1169.7,23,68,1,893.22,44.26,0,0,0,2,0
6379,2714.99,22,68,1,623.01,67.82,0,1,0,4,0
6380,1178.8,6,64,2,325.33,1.2,0,0,1,3,0
6381,8585.34,20,42,1,113.9,6.13,0,0,1,5,1
6382,260.24,18,67,1,715.73,8.58,1,0,2,2,1
6383,655.13,6,34,5,521.92,10.58,0,0,1,4,0
6384,966.31,22,27,5,53.16,1.54,1,0,0,2,0
6385,1701.82,6,63,2,479.05,126.58,0,0,0,2,0
6386,3896.99,15,68,4,289.37,8.85,0,0,1,5,0
6387,1070.2,11,67,3,2524.37,3.82,1,0,0,4,1
6388,264.48,14,28,5,632.56,31.91,1,0,0,5,0
6389,2546.6,14,28,1,1790.0,141.67,0,0,0,5,0
6390,2333.11,10,29,1,953.84,166.75,0,0,0,2,0
6391,157.3,1,57,4,1501.08,56.41,0,1,2,1,1
6392,1092.47,2,65,2,4191.11,9.82,0,0,1,1,0
6393,223.6,18,25,5,1279.03,0.19,0,0,1,5,0
6394,564.17,19,41,4,8669.99,20.4,0,0,1,4,0
6395,444.61,14,31,2,1096.08,6.7,0,0,0,2,0
6396,2463.32,15,40,5,1765.17,70.34,0,1,0,5,0
6397,1232.54,0,67,3,509.03,173.86,0,0,0,4,0
6398,303.2,14,53,1,212.35,4.37,0,0,1,1,0
6399,2644.05,11,34,2,89.84,25.29,0,0,1,5,0
6400,261.44,6,62,2,1348.9,116.38,1,0,1,3,0
6401,1525.56,6,22,0,450.87,65.15,1,0,0,5,0
6402,485.89,10,20,2,506.79,101.93,0,0,1,4,0
6403,760.76,19,26,1,500.72,128.18,0,1,1,4,0
6404,1815.78,10,37,0,390.17,26.6,0,0,1,5,0
6405,1847.24,16,67,2,2504.19,59.15,0,0,2,3,0
6406,4175.42,2,37,6,328.43,61.78,0,0,2,1,0
6407,1010.04,15,68,1,983.58,49.82,1,0,1,3,0
6408,1489.88,4,36,4,983.53,19.71,1,1,1,3,0
6409,707.87,1,38,7,202.87,89.24,0,0,2,4,0
6410,1315.52,22,33,3,1055.09,73.24,0,0,1,5,0
6411,1701.88,6,50,3,265.11,29.46,0,0,2,3,0
6412,993.95,9,22,6,618.81,27.32,0,0,1,5,0
6413,180.59,4,41,6,489.4,0.54,0,0,0,3,0
6414,1527.63,14,32,4,694.18,92.72,0,1,1,2,0
6415,1579.02,11,43,3,1076.75,16.7,0,0,0,4,0
6416,555.48,9,61,5,328.78,31.82,1,0,1,3,1
6417,303.57,21,42,2,417.06,26.49,0,0,1,2,0
6418,4797.64,16,45,1,181.07,56.68,0,0,0,4,0
6419,1792.64,19,50,2,278.63,24.72,1,0,1,4,0
6420,872.11,19,63,3,1221.91,9.91,0,0,1,5,0
6421,351.77,10,35,3,494.41,101.48,0,0,0,3,0
6422,482.12,7,35,4,1377.77,10.14,0,0,0,5,0
6423,4034.31,14,55,1,310.85,1.44,1,0,1,3,0
6424,1258.48,1,50,5,359.04,10.92,1,0,1,2,0
6425,632.33,16,44,0,1608.44,30.36,0,0,3,3,0
6426,1825.65,22,66,2,798.96,27.52,0,0,2,2,0
6427,485.71,5,67,4,201.76,79.56,1,0,1,3,0
6428,4918.91,20,32,4,422.93,10.84,0,0,1,2,0
6429,4242.04,12,61,1,1324.69,74.72,0,1,0,5,0
6430,687.75,7,30,3,581.33,5.07,0,0,0,3,0
6431,584.83,10,69,3,1761.43,32.09,0,0,1,5,0
6432,79.99,14,51,5,236.36,100.25,0,0,0,4,0
6433,249.24,12,21,0,1755.91,26.63,1,0,1,1,0
6434,287.3,17,52,5,258.33,165.22,0,0,0,3,0
6435,1255.38,17,36,5,809.2,49.85,0,0,2,2,0
6436,791.37,16,48,5,1419.28,70.66,1,0,1,5,0
6437,285.62,21,42,2,737.89,35.65,0,0,1,2,0
6438,827.85,12,57,6,1050.99,28.08,1,1,0,5,0
6439,1817.72,2,29,2,1509.82,4.42,0,0,1,1,1
6440,1859.08,20,29,4,972.36,6.39,0,0,1,4,0
6441,164.08,23,59,0,518.12,42.4,0,0,4,1,0
6442,964.62,6,42,1,554.32,47.55,1,1,1,2,1
6443,274.97,11,50,3,338.16,209.17,1,0,2,3,0
6444,2701.95,3,54,0,251.31,97.51,0,0,0,4,0
6445,2402.21,23,45,5,1906.85,93.05,1,0,0,5,1
6446,446.74,10,69,8,1086.54,16.89,0,0,0,4,0
6447,509.77,13,60,4,2116.57,26.53,0,1,1,3,0
6448,691.41,17,26,3,1082.15,5.39,0,0,1,3,0
6449,115.26,6,31,3,500.91,43.56,0,0,0,2,0
6450,1534.51,4,20,2,261.58,3.6,0,1,0,1,0
6451,834.77,15,22,2,440.82,29.6,0,0,2,5,0
6452,2893.36,10,43,8,1140.93,41.76,0,0,1,4,0
6453,365.62,21,58,3,375.97,12.95,0,0,0,3,0
6454,590.45,2,35,0,1909.1,74.68,0,0,2,1,0
6455,243.1,15,55,4,498.17,56.17,0,0,0,2,0
6456,401.7,10,38,4,253.62,8.0,0,0,0,2,0
6457,336.3,9,56,1,517.19,205.77,0,0,0,5,0
6458,2968.98,22,33,1,800.03,39.05,0,0,1,1,0
6459,545.52,22,57,2,2592.49,1.34,1,0,1,2,1
6460,1241.62,1,40,3,728.33,21.55,0,0,0,5,0
6461,749.37,15,46,3,404.4,193.91,0,0,2,3,0
6462,308.13,16,27,5,2066.74,116.3,0,0,0,4,0
6463,926.76,9,22,3,1668.05,8.19,0,0,0,5,0
6464,1996.4,17,28,1,610.03,96.55,0,0,1,1,0
6465,327.75,11,46,4,182.2,48.17,0,0,1,3,0
6466,2462.94,7,62,4,417.5,1.1,0,0,2,4,0
6467,468.85,2,44,6,1189.32,70.82,0,0,0,1,1
6468,676.56,19,69,6,1806.05,26.62,0,0,3,2,1
6469,1864.38,23,51,6,745.46,25.22,0,1,0,1,0
6470,564.85,2,31,6,621.62,24.13,0,0,2,4,0
6471,1138.62,5,58,2,441.28,45.39,0,1,1,4,1
6472,800.56,1,59,3,1208.3,62.63,0,1,1,1,0
6473,1248.09,2,27,7,294.81,52.16,0,1,1,4,1
6474,101.42,16,59,1,429.0,13.84,0,0,1,1,0
6475,175.97,8,68,4,1993.57,61.35,1,0,0,3,0
6476,2030.36,3,28,6,1448.09,7.28,0,0,0,4,0
6477,3093.88,21,28,1,2182.37,177.61,0,0,0,4,0
6478,441.21,22,52,3,394.79,32.09,0,1,0,3,0
6479,859.17,1,36,2,244.47,4.79,0,0,0,3,1
6480,1472.5,23,41,3,2174.14,42.97,0,0,1,5,0
6481,2193.42,8,18,4,1199.86,43.02,0,0,0,2,0
6482,144.36,13,29,3,1512.57,1.98,0,0,1,1,0
6483,452.13,10,64,1,1213.76,0.55,0,0,0,4,1
6484,786.36,1,31,3,2935.55,277.37,0,1,0,4,0
6485,2215.29,20,20,0,1172.3,24.72,0,0,1,3,0
6486,13338.77,1,69,2,786.37,14.08,0,0,0,1,0
6487,873.05,4,62,5,862.52,39.67,0,1,1,2,0
6488,268.55,6,67,3,800.86,0.42,0,0,0,1,0
6489,1639.7,21,49,0,2351.99,0.65,1,0,2,5,0
6490,4109.25,3,33,1,1816.79,5.98,1,0,0,3,0
6491,1221.72,13,55,3,2370.75,81.11,0,0,1,3,0
6492,442.9,1,27,6,134.09,14.27,0,0,1,2,0
6493,2858.33,22,34,2,553.04,35.0,0,0,0,5,1
6494,2129.29,11,66,0,325.99,12.66,0,1,0,5,1
6495,393.04,9,57,2,2990.96,39.35,0,0,0,4,0
6496,1605.88,0,21,4,373.4,35.55,0,0,2,1,0
6497,2972.82,18,32,2,1095.83,25.6,0,0,0,3,0
6498,3575.61,22,50,6,3325.2,28.39,0,1,0,4,0
6499,1026.13,15,56,9,884.51,52.98,0,1,1,2,0
6500,766.57,14,27,4,506.52,92.31,1,0,0,2,0
6501,3741.62,13,24,3,801.08,19.24,1,0,2,3,1
6502,326.96,8,50,3,229.66,37.98,0,1,0,2,1
6503,1700.33,20,34,6,204.85,96.27,0,0,1,1,0
6504,278.65,22,29,3,1057.26,9.19,0,0,1,5,0
6505,3182.35,14,34,2,96.26,194.51,0,0,1,4,0
6506,847.21,6,64,0,641.82,69.44,0,0,0,3,0
6507,3899.42,3,33,4,606.8,22.79,0,0,3,4,0
6508,1792.58,20,31,1,3243.98,23.51,0,0,2,5,0
6509,322.72,17,20,0,1031.01,11.49,0,0,1,2,0
6510,4557.95,7,68,4,538.14,15.59,0,0,0,4,0
6511,5173.19,11,61,1,1435.45,44.22,1,0,1,1,0
6512,2649.92,14,68,3,781.78,0.19,0,0,0,2,0
6513,512.04,14,67,1,281.48,1.17,0,0,1,2,0
6514,807.53,16,47,2,853.19,215.17,0,0,0,1,0
6515,1268.29,1,63,2,762.99,13.43,0,0,3,4,0
6516,542.56,11,69,4,721.53,88.47,0,0,3,2,0
6517,5957.14,2,58,2,966.11,47.39,1,1,0,5,0
6518,1266.9,6,52,3,1583.03,29.53,0,0,0,1,0
6519,73.45,5,43,6,903.8,65.87,1,0,0,2,0
6520,1539.72,13,29,3,242.35,2.57,0,1,1,2,1
6521,774.21,22,48,1,200.49,70.55,1,0,1,1,0
6522,1017.47,4,69,2,496.52,97.24,0,1,1,2,0
6523,758.53,3,34,3,469.67,16.44,0,1,1,5,1
6524,2457.86,14,54,3,895.17,17.95,1,0,1,1,0
6525,3359.97,6,25,2,1945.07,5.44,0,0,0,3,0
6526,1455.42,2,36,3,2351.5,96.86,0,0,0,4,0
6527,781.09,12,43,7,400.65,82.49,1,1,0,2,0
6528,1052.23,9,21,2,162.9,27.69,1,0,0,1,0
6529,1118.34,22,32,3,702.43,23.72,0,0,0,4,0
6530,491.55,1,68,6,1612.36,27.89,1,0,1,4,0
6531,1956.53,11,64,7,472.15,27.27,0,0,0,3,0
6532,1737.22,23,31,0,699.25,28.07,0,0,0,3,0
6533,5117.6,21,47,5,584.87,7.88,0,0,0,5,1
6534,3848.16,11,65,5,2373.01,0.68,1,0,0,4,0
6535,552.43,18,59,4,4217.34,71.87,1,0,1,3,0
6536,2490.65,18,41,4,1136.9,21.06,0,0,0,1,0
6537,423.71,20,63,1,1158.0,33.75,0,0,0,5,0
6538,2199.38,2,69,0,218.5,18.37,0,0,1,4,0
6539,654.18,5,60,4,475.78,24.03,1,0,0,2,0
6540,394.16,1,51,2,1351.19,3.89,0,0,2,1,0
6541,1451.05,23,36,6,921.22,23.12,0,0,1,1,0
6542,75.6,12,20,5,1002.51,31.1,0,0,2,1,0
6543,190.38,8,21,2,169.69,89.44,0,0,0,5,0
6544,918.29,12,28,6,121.32,19.45,0,0,1,5,0
6545,1190.87,22,30,0,3181.66,4.64,0,0,0,2,0
6546,758.0,13,67,3,590.61,71.19,0,0,1,2,0
6547,226.01,18,35,3,175.2,23.55,0,0,1,3,0
6548,484.01,10,36,7,603.13,123.47,0,0,2,2,0
6549,1621.67,13,61,5,211.22,159.75,0,0,1,3,0
6550,1962.12,15,50,1,264.8,102.73,0,0,1,1,0
6551,1078.99,9,55,5,366.89,12.85,0,0,1,4,0
6552,3487.13,19,20,4,211.02,14.64,0,1,1,3,0
6553,1631.73,15,66,2,43.96,79.02,0,0,1,1,0
6554,519.33,1,52,5,1221.34,29.54,0,0,2,2,0
6555,828.4,15,18,3,416.64,17.68,0,1,1,1,0
6556,269.65,13,52,2,1423.02,17.4,0,0,1,1,0
6557,984.23,20,53,4,685.21,43.07,0,0,0,1,0
6558,3334.58,17,55,7,154.95,112.7,1,0,0,4,0
6559,2176.1,5,56,3,649.7,48.24,1,0,0,4,0
6560,4456.01,6,42,1,2062.23,48.42,0,0,0,3,0
6561,810.07,12,57,2,614.23,68.71,0,0,1,3,0
6562,4213.71,1,30,3,372.79,71.42,0,0,0,3,0
6563,903.88,14,21,4,209.85,120.09,1,0,1,4,0
6564,4777.08,16,23,7,418.93,8.84,1,0,0,3,1
6565,1072.92,12,28,2,262.38,208.78,0,1,1,2,1
6566,2224.38,6,18,4,454.07,19.94,0,0,0,3,0
6567,4793.96,0,25,5,115.83,16.53,0,1,1,5,0
6568,903.77,2,51,0,251.29,35.65,0,0,0,1,0
6569,1364.29,19,57,4,1072.26,15.35,0,0,1,4,0
6570,3979.31,17,69,5,747.04,13.26,0,0,1,1,0
6571,960.06,6,26,5,509.57,170.27,1,1,0,2,1
6572,292.69,20,53,4,241.04,5.49,0,0,2,4,1
6573,9348.84,16,66,2,2476.2,229.97,0,0,0,2,0
6574,685.56,11,56,4,3791.39,48.71,1,0,0,5,0
6575,1285.31,15,59,1,246.61,159.2,0,0,0,4,0
6576,3484.25,23,54,1,1325.84,113.85,1,0,1,3,0
6577,596.75,9,59,4,257.69,52.26,0,0,2,1,0
6578,400.27,22,61,1,1019.38,44.56,1,0,1,1,1
6579,1413.38,15,38,1,96.5,245.53,0,0,2,1,0
6580,182.53,19,37,1,406.05,36.2,0,1,1,2,0
6581,822.29,17,55,4,774.58,9.85,1,1,2,4,0
6582,1401.14,14,18,2,907.93,247.69,1,0,0,1,0
6583,837.19,22,52,2,294.2,19.54,0,0,1,2,0
6584,234.29,10,45,1,1066.98,4.57,1,0,1,5,0
6585,5400.13,17,24,1,621.26,63.1,0,1,1,3,0
6586,1216.26,5,60,3,205.55,29.53,0,0,1,4,0
6587,4587.78,0,61,2,269.25,24.55,0,0,2,3,0
6588,845.53,22,26,5,2477.94,49.93,0,0,0,4,1
6589,454.86,6,18,6,770.34,2.72,0,0,1,1,0
6590,1435.37,11,53,3,468.89,59.9,0,0,0,5,0
6591,883.78,19,51,1,197.22,35.0,1,0,0,3,0
6592,337.73,3,51,2,420.56,33.69,1,0,1,4,0
6593,4768.49,9,34,6,777.69,115.15,0,0,1,5,0
6594,588.59,20,49,6,906.33,88.96,1,0,1,2,0
6595,174.12,1,19,1,735.25,37.92,1,0,0,3,0
6596,4138.82,8,53,4,385.3,43.18,0,1,0,1,0
6597,662.29,9,42,6,144.91,82.24,0,0,3,1,0
6598,597.15,19,60,4,616.25,26.49,1,0,1,2,0
6599,187.66,10,68,2,645.13,55.62,0,0,0,2,0
6600,6253.78,13,43,6,329.76,38.91,1,0,0,3,1
6601,302.03,2,62,1,560.76,34.62,0,0,1,2,0
6602,1162.64,0,43,5,720.28,209.06,0,0,0,3,0
6603,2731.54,6,38,3,864.17,0.88,1,1,2,5,0
6604,1671.9,3,35,2,1279.17,26.78,0,1,1,4,0
6605,1033.13,6,46,1,93.54,133.09,0,0,0,2,0
6606,200.0,15,68,3,960.86,131.66,0,0,1,5,1
6607,487.98,9,41,1,181.5,68.86,0,0,2,2,0
6608,1323.19,14,64,2,286.35,44.81,0,0,2,5,0
6609,499.11,15,45,0,1582.51,58.7,0,0,0,5,0
6610,1343.94,5,29,2,246.7,14.58,0,0,2,3,0
6611,2168.4,3,28,1,1343.64,33.51,0,0,1,1,0
6612,2871.25,3,44,5,413.03,38.4,0,0,0,5,0
6613,321.76,23,40,4,2213.8,3.29,0,0,0,3,0
6614,9863.99,22,50,5,222.03,100.58,0,0,2,2,0
6615,2362.51,3,33,8,618.89,30.5,0,0,1,2,0
6616,1094.75,21,45,1,69.56,114.58,0,0,2,2,0
6617,3260.18,21,45,1,716.08,24.71,1,0,0,4,0
6618,11677.37,16,62,2,176.06,26.29,0,0,0,4,0
6619,260.16,12,55,1,542.11,14.0,0,0,0,4,0
6620,875.45,1,23,3,329.22,51.69,0,0,2,2,0
6621,101.65,19,59,0,2815.24,39.76,0,0,1,2,0
6622,1329.62,5,46,4,461.44,122.07,0,0,1,4,1
6623,1580.34,21,51,3,2530.16,28.04,1,0,0,3,0
6624,1054.52,0,20,2,297.14,52.22,1,0,0,2,0
6625,569.9,7,23,3,46.12,61.48,0,0,0,2,0
6626,141.24,17,65,1,1221.04,19.27,0,0,0,3,0
6627,1593.25,20,55,2,249.91,106.36,0,0,0,1,0
6628,4700.55,3,30,1,1621.67,23.97,0,0,1,1,1
6629,607.27,4,53,4,593.06,50.72,1,0,1,4,0
6630,1702.85,4,32,2,1074.58,47.83,0,1,3,3,0
6631,228.57,14,23,5,1357.75,27.36,0,0,1,3,0
6632,1732.31,9,50,1,3922.72,10.13,0,0,1,4,0
6633,739.98,7,58,3,1558.47,44.89,0,0,2,4,0
6634,511.62,6,29,3,775.08,23.54,1,0,0,2,0
6635,512.67,11,60,6,1331.01,23.83,0,0,0,1,0
6636,739.81,10,30,4,1221.32,33.95,0,0,0,3,0
6637,1607.5,12,50,1,993.82,56.54,1,0,1,3,0
6638,295.25,14,68,5,3363.85,65.4,1,0,1,5,0
6639,737.22,16,45,2,554.75,27.85,0,1,1,2,0
6640,1052.08,21,53,2,751.69,6.38,0,0,0,1,0
6641,365.39,21,22,3,418.4,78.44,0,0,0,1,0
6642,6612.16,17,42,1,6078.43,55.34,0,1,0,5,0
6643,467.08,7,34,1,518.21,80.65,0,1,0,2,1
6644,561.47,5,54,3,882.71,18.98,0,0,0,1,0
6645,412.28,10,36,2,309.19,119.91,0,0,0,4,0
6646,6624.17,8,52,4,477.44,15.24,0,0,1,2,0
6647,1906.27,4,60,1,1500.77,17.11,0,0,1,1,1
6648,429.84,6,51,4,600.05,38.43,0,0,1,4,1
6649,3315.06,21,63,2,1710.83,296.52,0,0,0,5,0
6650,1340.37,14,23,3,1285.24,11.29,0,0,3,1,0
6651,1418.36,20,36,3,611.69,91.16,1,0,1,2,0
6652,777.06,21,18,4,326.98,0.12,1,0,0,3,1
6653,518.32,3,24,5,844.67,13.56,1,0,1,5,0
6654,1537.27,18,51,1,845.39,21.24,0,0,1,3,0
6655,635.82,12,36,2,673.77,52.29,0,0,0,2,0
6656,6746.34,0,50,4,846.75,6.04,0,0,1,1,0
6657,308.19,0,43,3,379.38,6.89,1,0,0,1,1
6658,5095.72,21,58,7,1129.95,7.91,0,1,2,2,0
6659,981.11,13,66,6,934.52,54.32,0,1,0,2,1
6660,1478.95,8,59,4,361.06,6.09,0,0,0,5,1
6661,2522.88,23,44,5,455.12,25.39,0,0,0,2,0
6662,583.91,11,55,0,636.63,8.52,0,0,1,2,0
6663,2602.55,17,43,6,458.35,24.07,0,0,1,1,0
6664,73.15,8,52,4,357.46,62.6,0,0,2,5,0
6665,533.79,7,37,1,1527.6,16.27,1,0,1,1,0
6666,435.26,13,41,4,1358.23,48.07,0,0,1,5,0
6667,313.09,8,64,2,1081.35,14.28,1,0,0,3,0
6668,884.52,19,38,4,260.14,66.89,0,0,1,3,0
6669,1612.84,1,43,3,2926.7,75.04,0,0,0,4,0
6670,2214.23,0,37,4,857.91,18.58,1,1,0,2,1
6671,1395.32,12,23,0,601.9,1.2,0,1,0,1,0
6672,563.58,9,20,1,1293.5,6.91,0,1,2,5,0
6673,1586.07,7,27,5,606.03,33.76,1,1,0,4,1
6674,1241.76,6,29,2,66.4,24.07,0,0,0,3,0
6675,2796.31,23,50,3,821.76,21.2,1,0,1,4,1
6676,2384.96,11,39,5,1593.49,43.29,0,0,0,1,0
6677,1130.57,16,33,5,903.14,8.81,0,0,0,4,0
6678,447.08,11,34,1,150.02,30.5,1,0,1,4,0
6679,570.81,15,27,0,1315.1,11.37,1,0,0,3,0
6680,632.84,9,29,1,827.45,198.32,0,0,2,4,1
6681,800.1,11,36,1,873.95,2.49,0,0,0,4,0
6682,1433.75,10,57,4,196.52,0.8,0,0,1,5,0
6683,2242.11,13,40,6,426.94,41.53,0,0,1,3,0
6684,1041.98,21,57,4,275.59,3.23,0,0,1,1,0
6685,1114.46,19,27,2,1370.37,83.3,0,0,0,2,0
6686,1265.61,12,27,1,970.07,85.63,0,0,0,1,0
6687,654.65,1,67,1,401.42,28.3,0,0,0,3,0
6688,434.68,19,27,5,365.13,91.12,0,0,0,4,0
6689,189.53,6,56,3,517.12,67.45,0,0,2,3,0
6690,547.22,0,47,2,838.34,7.28,0,0,0,2,0
6691,1760.13,2,21,6,1353.85,98.16,0,1,0,2,1
6692,542.99,19,18,6,320.72,103.68,0,0,0,3,0
6693,864.54,11,60,3,887.35,19.48,0,1,1,4,0
6694,1748.36,4,36,8,496.04,74.58,0,0,0,2,0
6695,1845.84,11,22,5,63.06,113.83,0,0,2,1,0
6696,372.59,2,47,4,434.35,68.45,0,1,0,3,1
6697,2972.2,19,43,2,917.36,4.94,0,0,1,3,0
6698,3385.82,4,57,4,346.29,4.97,0,0,0,1,0
6699,354.3,0,51,5,879.5,201.97,0,0,2,2,0
6700,481.14,15,19,1,1162.57,38.97,1,0,1,2,1
6701,3608.66,8,41,3,1674.06,51.7,1,0,0,1,0
6702,946.86,9,31,2,284.24,121.67,0,0,0,5,1
6703,119.13,9,58,3,1703.33,0.37,0,0,1,2,0
6704,270.51,12,59,2,682.96,27.82,0,0,0,1,0
6705,854.6,15,30,2,189.2,41.78,0,0,0,3,0
6706,342.73,19,46,4,548.33,0.11,1,0,0,4,0
6707,725.29,3,18,3,524.91,48.96,0,0,1,5,0
6708,1132.74,13,63,2,432.14,95.17,1,0,0,4,1
6709,4732.72,16,51,4,247.03,2.82,1,0,0,5,0
6710,820.2,4,21,2,804.92,81.54,0,1,0,4,1
6711,3205.24,12,45,1,633.36,189.78,0,0,0,5,0
6712,4576.82,2,36,1,428.17,126.47,0,0,1,5,1
6713,4602.29,4,18,3,309.69,38.5,0,1,1,5,1
6714,1457.9,15,53,4,153.7,98.47,1,0,2,1,0
6715,153.96,18,60,2,2293.25,73.62,0,0,0,1,0
6716,1738.58,18,30,4,537.34,85.1,0,0,1,3,0
6717,3128.78,16,67,3,1255.16,25.38,0,0,1,3,0
6718,1011.24,17,59,2,1624.15,32.28,0,0,2,4,0
6719,6276.6,17,22,1,1526.4,13.66,0,0,1,1,0
6720,2591.09,22,50,4,1137.72,2.65,0,0,0,1,0
6721,1935.8,7,31,2,795.93,45.47,0,0,1,1,0
6722,3249.9,17,33,2,170.61,18.52,0,0,0,3,0
6723,1530.53,8,49,2,2347.47,34.93,0,0,2,2,0
6724,90.67,18,67,2,266.95,164.43,0,0,2,4,1
6725,665.71,9,44,2,2195.19,3.26,0,1,0,5,1
6726,3630.65,1,52,5,525.42,103.37,0,0,0,3,0
6727,489.02,16,20,7,1465.21,4.54,0,0,1,5,0
6728,877.02,23,21,2,1315.73,53.0,0,0,0,4,0
6729,385.74,12,24,2,888.14,21.02,0,0,0,1,0
6730,6528.44,10,30,2,884.02,5.28,0,0,1,4,0
6731,5892.83,15,58,6,576.53,70.72,0,0,0,1,0
6732,453.11,19,20,2,689.99,59.96,1,0,0,5,0
6733,1270.67,6,34,4,685.96,51.12,0,0,1,3,0
6734,555.3,2,64,3,757.89,167.45,0,0,0,4,0
6735,2028.28,15,27,3,598.1,1.2,0,0,0,2,0
6736,1825.63,18,64,0,229.26,28.52,0,0,0,4,0
6737,2469.34,19,18,0,476.02,41.35,1,0,2,4,0
6738,1528.31,15,45,2,935.91,22.14,1,0,0,2,0
6739,20648.67,1,27,2,597.98,55.36,0,0,0,4,1
6740,392.32,13,24,2,670.41,114.73,1,0,0,5,0
6741,198.22,19,56,2,409.32,59.7,0,0,1,5,0
6742,740.19,9,20,0,1052.08,42.13,0,0,0,4,0
6743,228.61,18,24,3,1096.15,66.94,0,0,2,1,0
6744,246.54,23,26,3,103.17,5.81,1,0,5,3,0
6745,402.9,10,57,3,191.05,49.71,0,0,0,3,0
6746,436.07,17,52,7,575.32,26.15,1,0,0,3,0
6747,422.16,10,43,2,994.11,19.19,1,0,1,3,0
6748,1841.28,8,22,7,845.3,35.37,0,0,0,1,0
6749,661.04,18,30,2,595.15,81.67,0,0,1,1,0
6750,916.43,19,62,2,1294.98,26.6,0,0,1,1,0
6751,2681.77,9,47,3,1080.06,60.61,0,0,0,4,0
6752,509.63,2,57,2,567.53,44.45,0,0,1,4,0
6753,841.73,2,67,2,594.68,123.94,0,0,0,4,0
6754,1580.92,23,56,1,233.53,29.43,0,0,0,3,0
6755,157.34,7,27,4,720.82,85.72,0,0,0,3,0
6756,101.0,5,59,2,1042.61,92.25,1,0,2,4,0
6757,1550.17,19,40,2,373.46,31.2,0,0,0,3,0
6758,1793.66,0,28,4,686.0,33.53,0,0,0,1,0
6759,8640.54,19,29,3,870.67,20.28,0,0,1,5,1
6760,1284.46,23,30,5,1335.52,34.21,1,0,0,1,0
6761,2489.26,5,57,1,519.94,14.33,0,0,0,2,0
6762,901.92,1,66,4,333.94,97.69,0,0,3,1,0
6763,1476.2,18,63,2,507.97,14.38,0,0,0,4,0
6764,5809.54,6,66,6,839.99,14.89,0,1,2,1,0
6765,131.11,10,68,1,803.45,113.0,0,0,0,2,0
6766,1658.41,10,33,4,194.29,37.98,0,0,0,2,0
6767,9279.72,3,26,5,507.49,5.55,0,0,3,1,0
6768,1453.94,19,69,8,293.27,21.21,0,0,1,4,0
6769,5713.42,15,27,2,682.69,61.1,0,0,0,5,0
6770,584.52,4,46,5,885.62,26.03,0,0,2,1,0
6771,1062.05,23,26,1,1504.19,27.51,1,0,0,3,1
6772,1134.02,6,50,1,1821.02,34.53,0,0,1,3,0
6773,119.39,15,41,2,989.47,12.58,0,0,0,5,0
6774,340.98,14,52,5,477.8,27.59,1,0,1,4,1
6775,366.18,4,28,2,441.78,12.13,0,0,0,3,0
6776,2495.06,0,56,3,963.49,21.6,0,0,2,1,0
6777,2623.21,19,67,7,1226.89,38.0,0,0,0,2,0
6778,1516.31,21,30,4,251.6,59.16,0,1,3,5,0
6779,2500.14,21,40,3,4484.69,50.25,0,0,0,1,0
6780,930.62,8,42,2,936.19,42.85,0,0,0,4,0
6781,3647.99,20,67,3,1301.8,45.26,0,0,0,3,0
6782,1106.31,4,33,4,963.46,35.76,1,0,2,5,0
6783,1161.96,21,65,1,287.69,47.68,0,0,2,3,0
6784,840.85,5,38,2,467.19,23.54,0,0,0,2,0
6785,2174.27,2,27,1,357.74,114.85,0,1,0,2,0
6786,719.68,5,58,3,172.24,44.65,0,1,2,5,1
6787,2911.52,7,57,4,249.82,137.91,0,0,1,4,0
6788,353.49,5,36,4,2718.21,25.92,0,0,1,5,0
6789,365.43,15,52,5,559.48,25.09,0,0,0,5,0
6790,2180.76,15,45,3,1333.15,167.65,0,0,0,4,0
6791,1003.71,20,58,3,423.05,65.29,0,0,0,2,0
6792,696.53,2,19,3,375.06,36.57,0,0,0,3,0
6793,2670.6,16,68,3,2190.86,63.38,1,0,1,2,0
6794,597.49,20,47,2,574.21,25.27,0,1,0,3,0
6795,897.67,5,57,3,555.95,71.11,0,0,1,3,0
6796,4443.63,5,67,4,820.97,11.76,0,0,2,5,0
6797,5110.96,21,57,2,1103.65,150.67,0,0,2,5,0
6798,5283.79,18,22,1,433.59,30.89,0,0,1,5,0
6799,827.06,19,55,7,115.81,4.88,0,0,0,3,0
6800,3754.47,14,59,2,1677.7,93.22,1,0,0,1,0
6801,424.56,18,32,1,938.18,112.39,0,0,0,3,1
6802,442.79,1,53,5,328.25,65.46,0,1,0,5,0
6803,104.54,7,20,2,584.35,49.67,0,0,1,1,0
6804,5842.23,6,41,2,1917.95,131.85,0,0,1,1,1
6805,462.21,7,58,3,2351.99,48.65,0,0,0,2,0
6806,966.29,12,65,2,510.09,78.37,0,0,0,5,0
6807,441.28,21,65,2,2202.39,31.86,0,0,1,5,0
6808,2197.7,14,64,4,665.47,64.95,1,1,0,1,0
6809,753.23,11,58,4,369.61,344.52,0,0,0,5,1
6810,297.43,14,66,3,435.9,24.1,0,1,1,3,0
6811,1705.58,13,29,3,2753.43,63.67,0,0,1,4,1
6812,261.46,6,25,6,1057.46,8.06,0,0,1,4,0
6813,474.66,16,31,5,311.47,50.41,0,0,0,5,0
6814,133.37,4,35,3,1517.11,19.5,0,0,1,1,0
6815,264.02,19,61,3,1565.46,100.72,1,0,0,1,0
6816,1310.98,9,63,0,477.14,22.29,0,0,1,4,0
6817,153.77,18,37,0,966.42,29.45,1,0,0,4,0
6818,249.35,17,40,4,2068.05,196.38,1,1,1,5,1
6819,1094.04,23,22,1,262.86,12.13,0,0,0,2,1
6820,636.76,9,18,3,156.16,41.59,0,0,1,1,0
6821,8038.81,1,62,3,387.96,99.67,0,0,0,5,1
6822,6862.98,5,63,3,162.92,18.9,0,0,0,3,1
6823,460.39,2,19,2,245.61,0.77,0,0,0,1,0
6824,1914.36,18,33,3,1659.17,113.33,0,0,2,5,1
6825,2319.91,4,22,5,337.99,48.33,0,0,0,1,0
6826,603.36,6,39,4,630.02,13.1,0,0,2,2,0
6827,245.79,6,18,4,1188.01,16.17,0,0,1,2,0
6828,1083.23,9,29,1,1716.78,80.37,0,0,1,1,0
6829,922.56,0,36,1,878.98,51.37,0,0,0,1,0
6830,709.27,10,39,2,120.15,65.95,0,0,3,3,0
6831,1706.7,22,59,2,637.98,43.05,0,1,1,3,0
6832,517.64,6,61,4,1229.26,78.04,0,0,0,5,0
6833,346.54,5,68,4,760.4,86.04,0,0,0,3,0
6834,1223.03,5,65,6,1030.96,24.46,0,0,1,5,0
6835,1613.19,12,34,6,388.28,115.61,0,1,4,5,1
6836,338.1,15,30,1,717.39,35.18,0,0,1,3,0
6837,2774.12,12,56,1,1128.59,8.73,0,0,2,1,0
6838,186.7,1,45,2,2080.14,12.33,0,0,0,4,0
6839,615.16,18,20,0,399.21,66.18,0,0,0,5,1
6840,847.25,18,22,4,392.25,23.69,0,1,1,3,0
6841,580.43,18,53,1,2359.67,15.22,0,0,1,3,0
6842,623.24,17,32,3,507.75,46.41,0,1,0,1,0
6843,7122.93,5,34,2,794.86,76.23,0,0,1,1,0
6844,468.3,1,61,2,820.54,5.78,0,0,1,2,0
6845,12597.1,18,63,6,662.66,29.81,0,0,1,2,0
6846,1697.86,5,46,1,3146.12,73.8,0,0,2,3,0
6847,1202.38,19,21,10,553.72,116.98,0,0,0,3,0
6848,1765.59,22,49,0,1252.18,0.68,0,0,0,4,0
6849,13765.6,21,66,0,476.29,53.37,1,1,0,4,0
6850,406.02,14,60,4,2958.09,45.49,0,0,1,1,0
6851,357.66,5,55,5,344.82,36.46,0,0,0,3,0
6852,515.5,2,21,3,1090.82,8.73,0,0,1,3,0
6853,1132.46,10,30,5,102.09,67.7,0,0,0,3,0
6854,195.24,7,37,1,525.91,24.94,0,0,1,4,0
6855,1121.41,21,64,0,1038.35,13.37,0,0,0,5,0
6856,5964.3,17,35,4,208.07,94.86,0,0,0,5,0
6857,1275.9,16,66,4,493.49,18.34,0,0,0,2,0
6858,818.37,18,68,6,8616.47,11.06,0,0,1,5,0
6859,591.01,18,59,5,282.88,18.7,0,0,1,2,0
6860,2693.27,23,54,1,827.08,9.99,0,0,0,5,0
6861,480.18,20,29,4,205.83,75.09,0,1,1,2,0
6862,6949.3,16,42,2,279.77,10.05,0,0,1,1,0
6863,7580.69,3,47,3,936.65,63.06,0,0,0,1,1
6864,1417.64,6,32,4,556.43,8.87,0,1,0,4,1
6865,1084.08,4,53,5,346.93,12.83,0,0,2,4,1
6866,3073.77,15,25,1,457.92,20.97,1,0,3,3,1
6867,3277.38,5,45,4,1614.62,149.85,0,0,0,1,1
6868,489.81,13,69,4,553.42,122.56,0,0,0,4,1
6869,647.71,19,39,1,1054.81,4.45,0,0,1,2,0
6870,292.26,1,66,3,164.46,20.46,0,0,0,1,0
6871,1650.88,17,55,1,430.11,21.26,0,0,0,1,0
6872,2135.87,17,33,3,472.8,11.89,0,0,0,2,0
6873,284.31,12,22,4,367.73,28.6,0,0,1,2,0
6874,695.62,17,63,2,600.31,68.92,0,0,0,1,0
6875,285.07,16,51,1,520.5,5.23,1,0,0,3,0
6876,446.39,12,66,1,1191.55,55.68,0,0,2,1,0
6877,1902.68,11,55,0,1612.12,15.11,0,0,0,1,0
6878,526.64,2,28,3,404.47,51.42,0,0,0,3,0
6879,811.74,21,19,3,1738.32,57.27,0,0,0,1,0
6880,215.44,6,42,8,371.14,65.12,0,0,3,2,0
6881,1322.12,0,42,2,732.73,98.92,0,0,1,5,0
6882,1049.14,4,18,4,229.47,114.94,0,0,1,2,1
6883,529.03,20,48,2,529.43,71.17,0,1,0,3,0
6884,907.77,0,22,4,2259.71,32.8,1,1,0,3,0
6885,1313.3,3,57,6,745.19,2.26,1,0,0,3,0
6886,485.48,0,21,4,541.64,138.32,1,0,2,1,0
6887,250.57,12,68,3,134.25,45.98,1,1,1,3,0
6888,6671.33,13,22,2,631.56,38.24,0,0,0,2,0
6889,582.15,14,22,1,718.3,13.69,0,0,0,2,0
6890,995.49,16,33,4,455.14,57.64,0,0,0,3,0
6891,3013.45,11,35,1,509.21,262.3,1,0,1,5,0
6892,37386.13,6,60,2,611.56,20.03,0,0,1,3,0
6893,315.93,22,34,0,681.8,80.37,0,0,1,2,0
6894,1719.57,18,52,6,575.74,17.2,0,0,1,1,0
6895,540.47,22,35,1,1696.9,33.45,0,0,1,4,0
6896,639.83,2,21,3,290.46,11.99,0,0,0,4,0
6897,533.68,17,68,2,2290.71,35.95,0,0,0,5,0
6898,355.79,3,48,2,538.35,30.74,1,0,1,2,0
6899,1052.27,2,48,2,1020.76,1.98,0,1,2,3,0
6900,251.01,11,26,0,1560.52,24.05,0,0,1,2,0
6901,2826.54,22,48,4,775.16,3.24,0,0,0,1,0
6902,1158.64,11,22,3,648.26,29.95,0,1,1,4,0
6903,1673.1,16,53,7,747.79,196.03,0,0,0,1,0
6904,688.02,5,33,0,140.75,17.33,0,0,2,2,0
6905,759.6,14,59,5,79.58,36.25,0,1,0,4,0
6906,1462.0,1,58,2,1217.48,6.97,0,1,0,3,0
6907,342.39,7,33,3,511.24,8.36,0,0,1,2,0
6908,766.63,13,37,4,336.27,21.96,0,0,1,3,0
6909,464.23,4,47,1,793.48,33.64,0,1,2,4,1
6910,450.08,2,43,2,586.6,60.43,0,0,0,2,0
6911,132.98,9,66,6,236.34,30.5,0,0,1,4,0
6912,4185.27,6,48,2,1418.98,1.23,1,0,0,4,0
6913,551.95,10,67,2,1643.1,15.8,1,0,0,2,0
6914,3510.02,14,32,1,787.06,1.25,0,0,1,5,0
6915,3193.24,1,69,4,758.68,125.02,0,0,0,1,0
6916,303.08,4,58,2,659.38,1.47,0,0,0,3,0
6917,369.29,10,55,3,732.07,2.54,0,0,2,4,0
6918,14192.98,7,55,2,879.46,17.71,0,0,2,4,0
6919,6316.53,12,60,2,456.77,50.03,1,1,2,2,0
6920,1062.61,10,37,4,1264.15,22.15,0,1,0,3,0
6921,1418.53,16,52,4,762.18,3.18,0,0,0,1,0
6922,583.56,14,40,3,1234.8,90.47,0,0,1,5,0
6923,1689.78,0,61,4,1824.55,60.24,0,0,0,4,0
6924,535.3,18,64,4,684.75,25.24,0,0,0,2,0
6925,143.69,15,56,3,868.08,56.49,0,0,0,4,0
6926,292.49,18,42,1,1113.6,16.05,0,1,0,4,0
6927,1120.01,12,67,2,703.7,37.52,0,1,1,5,0
6928,353.87,22,39,3,505.05,106.23,0,1,0,3,0
6929,1025.28,21,64,0,770.04,5.7,1,0,1,5,0
6930,374.41,22,25,3,1882.85,93.83,0,0,2,5,0
6931,501.52,3,26,2,96.0,77.69,0,0,0,1,0
6932,2573.87,10,32,5,1208.73,148.9,0,0,3,4,1
6933,1404.56,17,65,1,753.29,36.05,0,0,1,5,0
6934,1086.09,17,37,0,438.09,16.07,0,0,1,4,0
6935,2641.13,9,52,1,1330.68,21.78,0,1,0,3,0
6936,1773.32,16,54,2,253.81,51.06,1,0,0,2,1
6937,4659.03,12,20,2,482.65,7.59,1,0,0,4,0
6938,692.38,13,51,2,1899.53,21.67,1,0,0,3,0
6939,713.63,6,51,5,146.21,64.81,0,0,0,3,0
6940,298.54,9,53,4,993.13,42.64,0,0,0,4,0
6941,714.1,2,52,3,2102.39,3.24,0,0,0,1,0
6942,2877.77,1,26,5,1608.29,34.34,0,0,0,5,0
6943,4023.82,18,47,3,914.89,37.14,0,0,0,5,1
6944,2864.95,6,43,5,308.68,60.33,0,1,1,5,0
6945,182.33,4,29,3,1359.61,0.54,0,0,1,1,0
6946,3239.41,2,41,4,402.5,27.97,0,0,2,4,1
6947,174.42,1,58,2,587.45,108.85,0,0,0,5,0
6948,2692.21,22,36,5,638.16,1.27,0,0,0,4,0
6949,759.16,21,61,1,248.47,55.8,0,0,0,1,0
6950,2213.95,5,33,4,1872.46,12.63,0,0,3,2,0
6951,289.33,13,43,2,618.1,24.51,0,1,2,1,0
6952,3537.47,6,40,3,627.8,107.76,0,0,2,1,1
6953,253.41,21,50,4,407.71,22.51,0,0,1,3,0
6954,562.02,1,59,3,377.4,39.42,0,0,0,2,0
6955,404.2,10,47,2,1089.62,4.7,1,0,2,3,0
6956,189.75,20,40,3,1112.61,19.63,0,0,0,3,0
6957,1205.35,2,27,8,7170.77,7.64,0,0,2,4,1
6958,6674.76,8,53,3,518.49,41.23,1,0,1,5,0
6959,15786.42,7,48,3,474.0,30.79,0,0,1,5,0
6960,1208.52,10,60,3,1612.74,15.37,0,0,2,3,0
6961,3349.88,17,39,5,1303.98,394.19,1,0,0,1,0
6962,1383.12,0,60,2,527.63,8.32,0,0,0,4,0
6963,1806.02,14,60,4,882.19,87.29,1,1,2,3,0
6964,778.88,3,55,2,2318.12,1.82,0,0,1,4,0
6965,1332.85,3,64,4,256.55,93.81,0,0,0,1,0
6966,1877.09,9,19,4,367.31,32.41,0,1,2,1,1
6967,614.95,10,40,2,937.47,88.07,0,0,0,1,0
6968,1014.86,17,52,4,387.27,68.76,0,1,4,4,1
6969,1034.39,22,54,3,402.93,42.51,0,0,0,2,0
6970,2505.9,14,49,5,1776.03,23.23,0,0,0,1,0
6971,377.65,2,60,6,925.75,54.76,0,0,0,2,0
6972,1041.54,6,29,5,636.62,89.35,0,0,0,3,0
6973,7420.53,6,52,3,357.19,34.99,0,1,3,2,0
6974,3512.42,16,58,1,891.84,26.8,0,0,0,4,0
6975,4226.71,21,20,5,1698.99,7.71,0,0,1,2,0
6976,1123.76,19,51,3,236.67,113.29,0,0,0,4,0
6977,1511.71,23,55,3,250.38,15.55,0,0,1,5,0
6978,2987.63,15,41,4,1146.06,6.59,0,0,0,1,0
6979,5220.01,15,55,1,425.45,3.43,0,1,2,2,0
6980,155.77,7,34,3,348.31,69.47,0,0,0,1,0
6981,294.29,2,57,4,385.83,56.2,0,1,0,3,0
6982,4062.05,19,18,3,1218.38,6.42,0,0,0,2,0
6983,831.4,14,25,2,1188.84,37.77,0,1,0,5,0
6984,560.19,0,32,3,912.97,8.28,0,0,2,3,0
6985,312.89,9,67,4,472.15,24.19,1,0,0,5,0
6986,629.54,1,62,4,346.43,76.36,0,0,2,3,0
6987,269.79,6,42,2,410.51,12.93,0,0,1,4,0
6988,8875.89,13,25,2,326.73,1.41,0,0,1,4,0
6989,1072.3,15,69,2,485.85,10.74,0,0,1,4,0
6990,1034.89,14,49,2,684.63,25.58,0,0,0,1,0
6991,1974.51,6,67,4,1200.94,13.83,1,0,1,4,0
6992,2870.8,12,30,0,685.59,64.05,0,0,2,1,0
6993,2823.94,9,63,4,581.2,77.84,0,0,1,2,0
6994,3208.7,8,32,3,2594.34,13.75,1,0,0,3,0
6995,583.56,8,23,3,41.1,15.64,0,0,1,5,0
6996,814.14,5,50,3,1111.78,41.06,0,1,2,3,0
6997,2366.18,23,24,2,1009.94,69.82,0,0,1,3,0
6998,647.17,11,50,6,1020.38,160.16,0,0,0,2,0
6999,1091.05,22,64,3,1398.93,17.87,0,0,0,4,1
7000,1633.96,19,46,2,257.34,121.0,0,1,0,1,0
7001,2404.71,19,55,4,1427.14,10.03,0,0,1,3,0
7002,185.36,21,54,4,904.17,2.1,0,0,0,3,0
7003,2241.15,13,61,3,484.53,78.63,1,0,1,3,0
7004,868.07,19,49,4,1100.98,32.56,0,1,0,5,0
7005,2224.88,6,20,4,766.97,4.0,0,1,0,1,0
7006,2384.95,7,37,5,312.94,3.69,0,0,0,3,1
7007,5474.82,7,31,3,131.77,0.69,0,0,2,5,0
7008,4244.82,7,45,4,232.88,18.29,0,0,0,2,0
7009,4215.7,1,55,1,375.62,66.47,0,0,2,4,0
7010,4645.57,13,21,0,912.3,54.73,0,0,0,2,0
7011,1467.59,9,32,5,210.29,400.49,0,0,0,1,0
7012,1132.5,17,34,1,923.62,45.06,0,0,0,3,0
7013,2624.95,17,54,4,853.99,5.85,1,0,1,3,0
7014,2280.34,17,41,2,3448.71,191.99,0,1,0,5,0
7015,805.07,15,55,6,887.76,59.04,0,0,0,3,0
7016,1643.89,19,59,3,126.99,23.42,0,0,0,3,0
7017,1058.81,4,58,2,1663.31,14.18,1,0,1,3,0
7018,466.88,19,53,3,320.58,12.56,1,0,0,4,0
7019,3985.67,4,58,3,307.22,156.44,0,0,2,4,0
7020,1158.87,19,25,1,569.16,27.19,0,1,2,1,0
7021,8507.54,22,20,5,1033.6,33.36,1,0,0,1,1
7022,215.83,9,47,0,534.07,90.64,0,0,1,4,0
7023,628.43,16,39,2,670.46,166.02,0,0,0,4,1
7024,1133.02,12,69,3,320.29,0.22,0,0,0,2,0
7025,3419.95,16,50,2,261.31,231.49,0,0,0,1,1
7026,1635.12,17,42,2,781.49,3.92,0,1,2,5,0
7027,1495.88,12,69,4,196.41,90.65,0,0,0,4,1
7028,355.22,16,47,4,375.92,150.11,0,0,0,4,1
7029,344.83,14,54,3,510.55,41.18,0,0,3,3,0
7030,1513.99,11,20,3,802.45,40.12,0,0,3,1,0
7031,280.31,9,21,3,540.05,55.28,0,0,0,4,0
7032,644.27,12,46,2,515.98,21.76,0,0,1,1,0
7033,1809.7,10,49,4,248.55,9.06,0,0,1,3,0
7034,410.62,2,40,6,477.55,3.44,1,0,2,1,0
7035,5460.83,21,36,3,544.71,106.47,1,0,1,1,0
7036,3729.15,9,32,0,928.18,39.63,0,1,0,1,1
7037,227.83,10,68,0,350.7,59.22,1,0,0,1,0
7038,431.66,5,33,5,325.31,20.18,0,0,2,5,0
7039,111.52,0,40,5,252.18,82.26,0,1,0,1,0
7040,501.4,5,57,2,750.98,21.53,0,0,0,5,0
7041,2359.93,4,63,2,502.6,1.51,0,0,0,4,0
7042,724.95,6,54,4,597.46,20.54,0,1,1,4,0
7043,1738.53,21,18,1,455.27,94.96,0,0,0,5,0
7044,239.29,11,36,2,469.96,104.33,0,0,2,4,0
7045,2435.67,11,54,6,409.08,136.45,0,0,0,2,0
7046,629.48,6,52,2,992.93,34.61,0,0,2,3,0
7047,1110.06,1,47,4,687.43,156.86,0,1,0,3,0
7048,999.37,0,34,5,2152.2,34.58,0,0,1,3,0
7049,307.49,22,56,1,521.78,8.36,0,0,0,3,0
7050,346.17,17,66,2,2346.91,34.86,0,0,1,4,0
7051,2886.48,11,43,5,529.82,101.48,0,0,1,3,0
7052,1634.34,6,30,4,1000.45,77.02,0,0,0,1,0
7053,3133.95,18,39,1,407.97,28.46,0,0,2,5,0
7054,1517.26,21,63,3,979.93,11.95,1,1,2,4,1
7055,1265.21,2,40,7,104.99,43.51,0,0,0,3,0
7056,195.19,9,61,5,245.2,133.85,1,0,2,4,1
7057,836.84,10,60,0,303.8,9.77,0,0,1,3,0
7058,1067.01,4,50,1,3436.84,87.73,1,1,0,2,1
7059,7731.88,1,44,5,1545.37,7.97,0,1,0,2,1
7060,2179.73,7,52,4,818.42,126.04,0,0,2,4,0
7061,5095.24,13,29,1,476.93,59.09,0,0,0,2,0
7062,1993.28,7,26,3,417.64,5.78,0,0,1,1,0
7063,538.45,22,51,2,409.54,11.31,0,0,0,1,0
7064,1232.9,5,31,1,1141.43,130.81,1,0,1,5,0
7065,1388.84,0,54,6,715.05,35.42,0,0,1,2,0
7066,428.74,23,20,1,1365.34,30.21,0,0,1,4,0
7067,746.66,0,61,1,1041.71,3.0,1,0,2,4,0
7068,892.68,7,61,4,926.09,4.39,0,0,0,2,0
7069,5462.27,10,38,3,355.18,58.83,0,0,2,5,0
7070,136.9,17,24,2,354.39,75.01,0,0,1,3,0
7071,3662.2,23,50,2,738.47,100.87,0,0,0,3,1
7072,429.75,9,52,5,901.48,34.94,0,0,1,3,0
7073,278.08,11,28,5,570.2,19.92,0,0,0,5,0
7074,3568.65,19,62,3,245.76,49.11,0,0,1,2,0
7075,2279.93,22,49,0,795.29,48.23,0,0,1,4,0
7076,3844.96,15,39,1,1218.42,1.76,0,0,2,5,0
7077,2442.32,4,59,1,275.18,139.68,0,1,0,5,1
7078,8602.82,15,36,1,526.36,51.44,0,1,1,1,0
7079,1917.4,23,53,0,311.93,0.32,0,0,2,1,0
7080,937.79,11,54,1,1429.72,160.49,0,0,0,2,0
7081,1545.23,5,28,3,3285.05,152.51,0,1,0,4,1
7082,3802.71,4,58,5,1903.04,145.86,0,0,0,3,0
7083,503.02,0,30,4,187.57,109.87,0,0,1,3,0
7084,571.41,18,45,0,877.32,10.21,0,0,0,3,0
7085,805.16,9,66,1,1032.84,188.99,1,0,2,3,0
7086,133.68,13,32,2,2664.2,71.76,0,0,0,2,0
7087,1259.01,20,30,3,418.76,51.19,0,0,0,2,0
7088,166.31,2,60,2,602.14,142.95,0,0,1,1,0
7089,1156.39,5,50,0,258.94,23.99,0,0,2,3,0
7090,2605.27,4,25,4,226.14,133.95,0,1,2,3,0
7091,680.7,16,49,2,702.21,46.53,0,0,1,4,0
7092,5867.1,17,54,6,2151.95,43.29,0,0,0,3,0
7093,254.55,11,65,3,680.58,51.92,0,0,0,2,0
7094,3609.27,4,21,4,691.97,70.15,0,1,0,1,1
7095,2154.12,8,68,3,241.69,29.43,0,0,2,5,0
7096,197.15,11,35,2,747.1,197.14,0,0,0,3,0
7097,16494.7,19,40,2,426.99,4.63,0,0,3,3,0
7098,1028.91,8,46,5,462.31,122.57,0,0,0,5,1
7099,456.01,2,19,0,2608.65,53.56,0,0,3,5,0
7100,268.52,0,30,1,468.26,120.35,0,0,2,4,1
7101,880.05,21,33,3,506.52,23.0,0,1,1,2,0
7102,965.45,14,25,3,792.3,88.3,0,0,1,3,0
7103,1215.18,9,36,1,39.43,47.85,0,0,1,5,0
7104,814.2,13,49,2,356.9,88.93,0,0,0,1,0
7105,2065.7,6,20,6,158.79,19.65,0,1,2,5,0
7106,744.24,3,68,4,428.22,124.63,0,0,1,5,1
7107,158.39,4,66,1,3055.8,129.01,0,0,0,2,0
7108,944.48,19,49,2,72.15,32.2,0,0,2,3,0
7109,102.77,15,58,3,175.5,25.57,0,0,2,5,0
7110,1562.08,2,38,2,1964.8,42.81,0,0,0,5,0
7111,411.87,16,42,3,585.57,11.17,1,0,2,3,0
7112,1291.24,12,34,1,945.67,34.28,0,0,1,2,0
7113,4080.91,5,42,3,718.84,113.56,0,0,0,3,0
7114,424.64,4,50,3,736.42,22.72,0,1,0,2,0
7115,3169.27,15,48,1,504.92,66.6,0,0,0,4,0
7116,710.96,10,53,1,49.62,48.79,0,0,1,3,0
7117,6330.88,16,40,5,653.75,15.15,0,1,0,4,0
7118,761.16,4,64,3,1600.49,37.94,1,0,0,2,0
7119,473.19,5,61,4,1482.49,95.73,0,0,1,5,0
7120,2180.35,9,42,6,1058.72,40.47,0,0,1,1,0
7121,709.25,20,66,2,611.72,59.68,0,0,1,2,0
7122,472.74,0,61,4,750.83,74.67,0,0,1,5,0
7123,680.05,20,65,2,1320.09,2.53,0,0,2,1,0
7124,1048.79,9,47,3,196.1,2.63,1,0,0,4,0
7125,4197.23,16,30,6,2816.9,6.11,1,0,0,5,1
7126,158.52,2,60,0,1489.16,8.9,0,1,0,3,1
7127,1122.24,1,64,7,2918.98,83.42,0,0,1,3,0
7128,2048.58,16,46,3,854.05,28.6,0,0,1,3,0
7129,1330.68,3,33,2,437.22,10.24,0,0,1,5,1
7130,4063.77,1,55,4,963.57,37.94,0,0,1,2,0
7131,1018.06,4,44,3,1217.25,72.06,0,0,0,4,1
7132,911.83,9,43,3,3105.76,7.54,1,0,0,5,1
7133,1982.93,0,28,2,526.08,21.11,0,1,0,1,1
7134,1211.14,0,64,4,477.95,10.81,0,0,0,5,0
7135,742.18,3,54,2,1552.44,51.98,0,0,1,5,1
7136,1837.47,6,20,2,551.6,7.36,0,1,2,4,0
7137,571.05,13,43,4,411.05,75.96,0,0,1,2,0
7138,595.16,13,51,0,432.88,11.65,0,0,0,2,0
7139,646.78,17,50,3,132.11,3.02,0,0,2,2,0
7140,4243.18,1,32,3,376.87,120.88,0,1,0,2,0
7141,43.77,0,19,4,932.18,20.26,0,0,0,4,0
7142,1628.8,20,45,2,662.38,34.93,0,0,1,1,0
7143,1134.87,21,37,0,968.16,5.32,0,0,1,5,0
7144,204.21,15,55,1,1921.69,32.64,0,1,1,3,0
7145,1494.77,21,61,1,4494.3,12.59,1,0,1,2,0
7146,1764.73,17,33,2,534.94,91.75,0,0,1,4,0
7147,1977.6,15,63,2,267.59,62.55,1,1,2,5,1
7148,77.34,22,21,2,468.25,54.43,0,0,0,2,0
7149,4300.08,21,25,3,1233.75,75.99,0,0,0,2,0
7150,524.4,23,61,2,4786.56,17.39,0,0,1,5,0
7151,2178.88,5,63,8,756.77,30.22,0,0,2,4,1
7152,2300.94,9,37,6,975.44,4.53,1,1,1,2,0
7153,456.37,1,43,3,553.73,3.51,0,0,0,1,0
7154,2122.73,6,49,3,752.25,19.96,0,1,0,5,0
7155,745.84,20,30,3,1796.48,86.51,0,0,1,5,0
7156,138.19,16,22,2,1269.54,45.52,0,0,0,4,0
7157,3525.37,2,61,2,635.37,27.63,0,0,0,4,1
7158,505.2,19,59,2,814.01,170.55,0,0,0,2,0
7159,466.62,11,68,5,495.49,29.19,0,0,0,5,0
7160,732.84,1,30,2,1722.63,31.64,0,0,1,5,0
7161,1439.77,6,58,5,2939.05,244.84,0,0,1,5,0
7162,1035.59,16,28,3,331.76,7.04,1,0,1,5,1
7163,1897.07,18,54,5,353.12,14.76,0,0,0,4,0
7164,287.3,11,49,1,499.35,30.19,1,0,0,4,0
7165,521.97,8,62,3,1319.42,42.35,1,0,3,4,0
7166,976.53,13,59,2,472.75,8.01,1,0,0,5,0
7167,7316.5,1,35,3,1409.49,19.94,0,0,0,5,0
7168,978.66,20,46,1,189.64,12.44,0,0,1,5,0
7169,3246.14,3,32,4,627.16,94.82,0,0,1,1,0
7170,1139.74,18,37,2,740.0,89.98,0,0,0,4,0
7171,676.1,20,61,3,315.26,13.71,0,0,1,4,1
7172,856.86,15,53,1,594.36,28.54,0,0,0,3,0
7173,926.65,21,22,3,1616.29,52.73,0,0,0,3,0
7174,2005.49,16,57,2,594.03,2.47,0,0,1,4,0
7175,4335.58,1,54,6,929.19,107.54,0,1,2,3,0
7176,1571.33,16,50,0,2070.31,35.77,0,0,0,1,0
7177,3594.2,18,35,1,321.04,12.84,1,0,0,2,0
7178,417.89,7,36,2,818.41,25.27,0,0,0,4,0
7179,724.42,23,68,4,68.24,115.97,0,0,2,5,0
7180,531.5,19,49,2,218.54,1.25,1,0,0,1,0
7181,1501.84,5,59,6,1210.29,7.7,1,0,0,3,0
7182,765.89,11,39,7,434.33,10.71,0,0,0,1,0
7183,2275.09,22,58,4,837.86,3.1,0,1,0,1,0
7184,432.25,17,18,2,198.55,12.76,1,0,0,4,0
7185,1144.85,1,42,0,76.19,84.96,0,0,1,1,0
7186,2179.52,18,37,0,379.05,37.44,0,0,0,1,0
7187,139.03,23,52,5,419.67,46.5,0,0,2,3,0
7188,9151.12,9,62,4,501.14,8.47,0,0,2,1,0
7189,826.21,2,23,2,2151.35,16.31,1,0,1,2,1
7190,144.74,11,23,4,128.96,124.74,0,0,0,2,0
7191,1284.46,15,67,3,370.73,11.81,0,0,0,1,0
7192,1133.93,11,54,5,496.17,118.62,1,0,0,3,0
7193,1010.4,7,66,3,593.55,54.42,0,1,1,3,0
7194,2954.81,4,20,3,1470.66,34.94,0,0,2,4,0
7195,2315.65,10,54,3,634.11,9.55,0,0,0,2,0
7196,1477.16,9,48,7,1257.29,55.98,0,0,1,5,0
7197,1720.13,2,52,4,1719.4,108.75,1,0,0,5,0
7198,987.96,22,62,4,218.62,8.7,0,1,0,2,1
7199,6473.62,8,32,7,1637.59,0.31,0,0,1,2,0
7200,249.84,11,34,1,568.71,67.37,0,0,3,3,0
7201,1260.99,5,32,1,690.85,45.87,1,0,1,2,0
7202,1170.31,18,22,5,747.84,34.97,0,0,1,3,0
7203,2473.23,15,39,4,928.17,30.44,0,0,1,3,0
7204,471.61,20,63,3,204.15,34.42,0,0,2,5,0
7205,191.78,22,28,5,190.19,23.47,0,0,1,4,0
7206,1282.83,23,45,5,441.83,4.3,0,1,1,2,0
7207,1452.77,13,31,9,1081.99,74.74,0,0,4,4,0
7208,4863.92,3,56,3,1858.09,31.54,0,0,0,1,0
7209,307.86,17,20,5,385.72,87.14,0,0,1,5,0
7210,3479.67,9,69,5,1320.48,201.49,0,1,2,2,0
7211,11700.82,17,59,3,560.65,9.42,0,1,2,2,0
7212,751.62,11,28,5,866.25,78.87,0,0,0,4,1
7213,301.59,18,47,1,411.31,189.75,0,0,0,1,0
7214,729.99,7,55,3,742.9,64.45,0,0,0,3,0
7215,1112.1,0,22,3,318.09,14.12,0,0,3,4,0
7216,1927.13,13,69,6,717.16,113.4,0,0,0,5,0
7217,607.05,22,39,3,1331.01,78.81,0,1,3,1,0
7218,5193.68,5,30,3,481.69,29.83,0,0,0,4,0
7219,359.77,13,61,4,812.87,42.5,0,0,1,2,0
7220,192.63,1,68,5,893.62,63.99,1,0,1,4,0
7221,3316.65,8,68,2,1616.5,6.65,0,0,1,5,0
7222,112.77,11,38,1,149.55,130.85,0,1,1,5,1
7223,894.15,4,54,1,1167.4,218.88,0,0,0,5,0
7224,24777.25,1,42,2,278.49,20.06,1,0,1,4,0
7225,1083.51,18,69,1,258.7,62.78,0,0,2,5,0
7226,357.53,6,38,0,396.83,27.35,1,0,1,3,0
7227,1035.46,6,45,3,314.48,1.41,1,0,1,5,1
7228,1042.31,9,58,1,783.65,159.37,0,0,0,1,0
7229,1287.75,16,21,2,307.13,7.68,0,0,0,2,0
7230,2126.56,13,46,1,1054.6,3.9,0,0,0,4,1
7231,387.95,10,64,3,120.16,90.76,0,1,1,4,0
7232,5928.63,19,52,0,1557.72,1.72,0,0,1,5,0
7233,1401.24,5,40,2,191.97,58.22,0,0,1,4,0
7234,2268.32,7,24,0,919.7,133.02,0,0,0,4,0
7235,585.14,18,69,5,349.46,26.06,0,0,1,1,0
7236,3969.45,18,69,3,473.76,3.54,0,0,1,4,0
7237,848.06,23,63,1,330.28,12.31,0,0,1,2,0
7238,1447.44,23,63,3,121.59,148.14,0,0,1,4,0
7239,431.34,23,26,4,459.38,31.31,0,0,0,1,0
7240,404.67,16,40,5,249.78,38.97,0,0,0,3,0
7241,2182.45,23,20,1,212.59,8.48,0,0,1,3,0
7242,703.73,23,26,4,473.94,125.06,0,0,0,4,0
7243,466.93,17,21,2,531.25,36.4,0,0,2,1,0
7244,576.41,11,66,7,711.03,37.63,1,1,0,3,0
7245,2206.04,8,42,3,988.2,42.91,0,0,2,1,0
7246,584.62,22,23,6,253.41,72.92,1,0,0,3,0
7247,974.91,23,65,3,218.53,11.34,1,0,2,1,0
7248,1113.24,15,35,4,1217.7,142.65,0,1,1,4,1
7249,161.2,17,62,1,513.15,9.64,0,0,0,3,0
7250,251.86,15,24,0,3203.03,11.0,0,0,2,5,0
7251,1534.99,15,52,7,128.76,0.62,0,0,1,4,0
7252,524.78,3,48,4,868.95,0.99,0,0,1,4,0
7253,3154.94,22,55,1,346.81,28.0,0,1,0,1,0
7254,2883.64,21,49,2,357.13,10.1,0,0,0,4,1
7255,2251.09,6,52,2,429.31,11.91,0,0,2,3,0
7256,6766.72,0,45,3,1942.83,220.84,0,0,1,4,0
7257,1009.2,23,61,3,173.97,132.48,0,0,0,4,0
7258,2098.3,22,22,3,171.93,19.46,0,0,0,1,0
7259,611.31,19,47,0,1088.85,21.02,1,1,1,4,0
7260,12738.32,0,39,1,2600.76,17.27,0,0,1,2,1
7261,7971.55,7,34,1,370.35,106.95,1,0,2,2,0
7262,1109.74,22,27,3,1584.28,5.17,0,0,2,3,0
7263,1614.19,7,24,3,1337.0,43.86,1,0,3,1,1
7264,4269.69,9,21,2,832.9,10.31,0,0,1,3,0
7265,946.58,0,59,1,769.79,70.97,0,0,0,4,0
7266,568.71,20,44,3,491.81,49.9,0,1,0,1,0
7267,2628.03,20,24,3,1372.28,24.54,0,0,0,5,0
7268,1186.12,13,40,1,1132.0,5.16,0,0,1,1,0
7269,1316.85,13,28,1,420.48,72.92,0,0,0,4,0
7270,476.15,9,25,1,187.02,4.01,1,1,1,2,0
7271,196.83,18,25,4,355.54,15.99,1,0,0,4,0
7272,1388.73,15,54,6,283.79,14.63,0,0,0,2,0
7273,2710.7,8,22,0,636.17,43.2,1,0,0,1,0
7274,874.97,19,24,2,976.51,36.05,0,0,0,4,0
7275,4612.06,15,39,3,908.29,16.41,0,0,0,3,1
7276,542.44,19,53,3,961.29,28.14,1,0,2,1,0
7277,381.95,7,19,4,776.34,28.67,1,0,0,4,0
7278,1025.33,6,41,4,653.65,42.61,1,1,0,1,0
7279,1009.7,10,68,0,632.6,114.26,0,0,0,1,1
7280,2368.4,20,19,4,1786.0,7.65,0,0,3,4,0
7281,505.24,5,65,5,449.86,40.79,0,0,0,1,0
7282,4307.42,14,29,2,558.23,0.93,1,0,1,5,1
7283,7839.4,18,64,7,117.97,59.9,0,1,0,4,1
7284,1054.54,13,59,5,430.57,51.14,0,0,3,5,0
7285,3826.52,14,43,1,522.83,59.21,0,0,0,2,0
7286,381.27,5,55,3,1732.1,32.21,1,0,1,1,0
7287,3213.84,23,62,5,228.36,10.34,0,0,1,2,0
7288,3125.27,9,23,2,600.64,29.72,0,0,0,2,0
7289,2600.44,13,40,4,590.77,1.19,0,0,2,2,0
7290,1079.7,15,19,3,1108.23,24.02,0,0,1,1,0
7291,57.15,12,43,0,458.15,91.19,0,1,1,2,0
7292,577.25,10,31,6,1082.1,20.67,0,0,2,2,0
7293,586.45,2,35,6,816.4,44.79,1,0,1,4,0
7294,412.3,7,55,5,361.85,15.13,0,0,0,2,0
7295,1239.23,2,49,4,273.46,7.21,0,0,0,3,0
7296,721.29,1,68,4,3542.85,36.79,0,0,0,1,0
7297,480.77,20,31,1,431.28,1.82,0,0,1,4,0
7298,380.39,13,47,7,171.71,117.42,1,0,2,5,1
7299,536.19,19,30,1,462.09,75.07,0,0,0,3,0
7300,3366.06,20,57,3,388.77,308.75,0,0,0,5,0
7301,566.22,21,48,5,261.35,249.43,0,1,0,3,0
7302,655.28,14,54,2,643.44,65.28,0,0,3,4,0
7303,694.58,2,62,4,773.27,74.96,0,0,3,3,0
7304,1539.16,0,55,3,132.45,37.55,0,0,0,1,0
7305,1730.65,14,39,5,735.55,12.33,0,0,1,1,0
7306,52.21,19,45,4,1197.02,82.62,0,0,0,1,0
7307,3046.15,21,36,3,307.19,15.71,0,0,1,3,0
7308,4611.77,1,60,4,227.71,52.49,0,0,1,4,1
7309,383.68,17,33,3,290.99,65.63,0,0,1,2,0
7310,414.76,0,22,1,438.77,41.54,0,1,4,4,1
7311,699.07,8,61,4,632.17,54.34,1,1,0,4,0
7312,514.91,2,66,1,261.81,17.33,0,0,1,5,0
7313,1371.87,1,19,3,465.72,71.46,0,1,1,4,0
7314,156.57,3,27,0,544.24,143.72,0,0,0,2,0
7315,358.55,15,64,5,726.08,33.08,0,0,1,3,0
7316,5111.24,21,36,1,200.52,6.45,0,0,1,3,0
7317,433.45,0,37,5,337.19,48.34,0,0,1,2,1
7318,3802.55,8,46,1,354.34,20.88,0,0,0,3,0
7319,1564.53,7,42,2,2224.5,27.16,1,0,2,1,0
7320,179.6,5,34,9,1435.16,8.22,0,0,0,3,0
7321,2070.05,19,68,4,579.17,49.15,0,1,1,1,0
7322,974.9,17,68,5,183.92,77.38,0,0,1,2,0
7323,695.43,15,30,0,1225.26,72.72,0,0,0,2,0
7324,1401.02,7,62,4,1557.89,254.82,0,0,0,4,0
7325,1762.76,22,33,2,569.32,11.93,0,0,2,3,0
7326,2225.18,3,52,3,412.07,122.75,0,0,0,5,1
7327,3562.62,2,53,2,346.47,65.95,0,0,1,3,0
7328,1649.35,14,56,3,1047.62,61.46,0,1,0,4,0
7329,277.1,5,20,2,997.01,57.56,0,1,3,3,0
7330,682.9,0,26,3,258.4,38.65,0,1,0,5,1
7331,20807.07,17,57,2,307.31,23.79,0,1,0,3,1
7332,2263.1,22,67,1,257.91,143.54,1,0,0,5,1
7333,11722.76,10,63,6,2490.94,8.19,0,0,1,5,0
7334,4426.81,2,69,2,750.11,9.68,0,1,1,4,1
7335,1396.61,12,46,5,1455.85,0.84,1,0,0,5,1
7336,1482.38,16,22,3,662.88,67.24,0,1,1,2,0
7337,1057.24,17,20,3,830.6,112.21,0,1,0,5,0
7338,192.9,13,27,4,471.62,10.29,0,0,2,2,0
7339,1116.6,6,48,3,1919.96,1.75,0,1,1,2,0
7340,3680.02,6,28,4,769.75,13.99,0,0,2,1,0
7341,602.06,13,34,1,569.62,107.57,0,0,1,1,0
7342,1655.66,23,57,3,135.62,0.82,0,0,1,2,0
7343,2569.82,14,58,4,911.91,5.33,0,0,2,5,0
7344,441.56,11,25,5,904.84,1.27,0,0,0,5,0
7345,698.33,11,69,3,1650.36,143.37,1,1,0,5,1
7346,396.27,7,19,2,468.83,7.28,0,0,1,1,0
7347,481.95,15,21,3,338.86,115.34,0,0,0,1,0
7348,302.59,8,33,2,2586.78,32.07,0,1,0,2,0
7349,445.66,1,58,5,196.63,25.11,0,0,3,5,0
7350,4534.43,13,58,6,317.12,27.8,0,0,1,3,0
7351,439.01,23,38,6,2082.66,27.12,0,0,0,2,0
7352,1244.46,23,22,4,1305.78,20.91,0,0,0,4,0
7353,663.24,15,52,2,498.72,83.25,0,1,0,2,0
7354,3564.81,4,31,1,512.96,35.46,0,0,0,1,1
7355,4069.04,4,32,4,540.49,235.42,0,1,1,2,0
7356,2602.09,19,23,1,1234.58,36.47,0,0,1,5,0
7357,1489.41,20,33,2,1249.75,85.32,0,0,1,1,0
7358,870.39,17,40,4,1028.24,68.34,0,0,3,1,0
7359,332.99,17,48,2,1180.5,25.63,0,0,0,3,0
7360,7658.17,4,59,1,1003.89,77.71,0,0,1,5,0
7361,513.03,10,63,5,93.28,8.42,1,0,2,5,1
7362,2129.51,12,29,4,862.14,11.37,0,1,2,4,0
7363,3163.92,2,58,4,489.28,48.23,0,0,1,3,0
7364,629.37,16,36,2,3680.12,62.16,0,0,0,3,0
7365,3096.45,17,29,2,203.14,51.62,0,0,0,4,0
7366,2354.81,13,62,1,248.58,35.61,0,0,1,2,0
7367,6173.15,11,30,1,723.45,7.4,0,0,0,4,0
7368,685.85,13,66,3,250.31,23.32,1,0,0,4,0
7369,303.12,17,19,1,5053.03,46.43,0,0,1,5,0
7370,661.5,19,37,4,1036.25,12.81,0,0,0,5,0
7371,1351.34,1,48,5,414.62,50.78,0,0,0,2,0
7372,1162.37,6,26,0,906.88,13.35,1,0,0,3,0
7373,739.93,14,38,3,793.88,5.15,0,0,1,5,0
7374,162.52,9,25,4,395.13,19.6,0,0,2,3,0
7375,1755.45,14,56,2,237.57,15.92,0,0,1,2,0
7376,7882.06,16,54,5,269.95,83.15,0,0,0,2,0
7377,1744.55,10,46,5,464.97,33.05,0,0,2,5,0
7378,2016.53,1,36,1,1459.8,3.31,1,0,0,1,1
7379,1943.89,20,52,3,1087.08,84.52,1,0,1,4,0
7380,1631.16,17,62,3,3833.24,15.65,0,0,0,3,0
7381,2784.06,3,55,2,336.22,41.95,0,0,0,4,0
7382,1628.43,8,43,6,254.55,38.99,0,1,0,2,0
7383,802.17,16,28,0,583.48,178.05,0,0,0,1,0
7384,494.73,16,53,2,938.5,14.71,1,0,0,3,0
7385,854.94,16,52,6,958.52,7.84,1,1,0,1,1
7386,1501.36,15,21,0,886.46,14.95,0,0,1,3,0
7387,799.44,19,20,2,785.63,42.96,1,1,1,4,0
7388,1501.68,7,62,3,429.29,12.27,0,0,1,3,0
7389,1701.3,22,64,5,476.67,20.81,0,0,0,1,0
7390,2522.94,14,29,0,2341.88,53.66,1,0,1,1,0
7391,3955.23,0,49,0,256.23,6.19,0,0,1,2,0
7392,1185.6,18,64,4,808.79,145.3,0,0,0,3,0
7393,296.55,14,43,1,1684.46,38.0,1,0,1,4,1
7394,776.58,8,60,6,295.26,33.04,0,1,1,5,0
7395,1146.03,4,60,4,294.37,22.55,0,0,0,3,1
7396,174.9,15,30,2,837.11,14.1,1,0,4,5,0
7397,4396.94,12,61,1,938.13,33.02,0,0,0,5,0
7398,1264.43,15,55,2,516.51,33.3,0,0,1,2,0
7399,1605.76,21,46,5,953.85,2.89,0,0,1,3,0
7400,4296.37,10,69,2,178.24,93.99,0,0,0,5,1
7401,583.97,12,68,1,398.22,85.95,0,0,1,2,0
7402,1946.99,5,36,3,1682.42,29.69,0,0,0,2,0
7403,982.53,19,52,4,151.62,20.53,1,0,1,5,0
7404,912.25,16,65,0,3437.36,34.55,0,0,0,4,0
7405,506.64,4,58,6,598.63,12.52,0,0,1,4,0
7406,5799.94,16,44,5,2405.39,0.04,1,0,2,5,1
7407,753.33,0,63,3,1686.98,21.87,0,0,1,1,0
7408,2207.17,4,48,5,796.49,0.91,0,0,1,3,0
7409,168.17,4,20,2,820.36,2.08,0,0,2,5,0
7410,3568.81,6,52,5,3025.59,1.5,0,0,1,3,0
7411,3140.73,15,41,0,283.54,106.04,0,0,1,1,0
7412,1208.86,17,69,3,608.85,7.75,0,0,0,4,0
7413,873.98,5,24,3,413.69,14.67,0,0,0,2,0
7414,1635.98,1,68,3,341.33,33.69,0,0,1,5,0
7415,10816.1,12,52,3,1667.28,37.68,1,0,0,4,0
7416,188.06,9,38,4,907.7,6.51,0,1,0,3,0
7417,2397.13,20,18,2,885.61,120.13,0,0,0,2,0
7418,440.71,19,61,7,888.3,13.14,0,0,0,3,0
7419,1075.01,10,23,2,1241.95,142.88,0,0,2,2,0
7420,855.87,20,56,2,571.8,14.84,0,0,1,3,0
7421,714.57,1,51,3,1577.9,0.13,0,0,0,2,0
7422,1085.22,7,35,8,616.47,178.53,1,0,1,3,0
7423,352.77,23,42,1,666.97,33.05,1,1,1,2,0
7424,3069.23,21,32,1,491.18,105.5,0,0,0,5,0
7425,182.34,18,64,5,580.4,66.28,0,0,1,2,0
7426,1881.39,19,49,3,846.56,9.86,0,1,0,2,0
7427,791.13,16,59,1,641.44,93.3,0,0,0,5,0
7428,340.04,15,66,3,344.03,2.62,0,0,1,5,0
7429,1342.63,9,67,4,552.42,35.42,1,0,1,5,0
7430,231.15,4,35,3,509.61,14.66,0,0,2,3,0
7431,1141.06,13,48,4,579.33,22.44,0,0,1,2,0
7432,264.31,23,46,5,146.72,70.74,0,0,0,4,0
7433,1739.36,18,32,2,1179.24,57.5,0,0,1,5,0
7434,435.13,3,40,4,573.34,29.0,0,0,0,3,0
7435,698.55,19,55,7,857.04,2.35,0,0,0,3,0
7436,1471.37,15,58,5,986.78,2.04,0,0,0,2,0
7437,506.47,23,28,2,273.54,60.57,1,0,2,5,0
7438,1034.88,14,32,2,1073.6,148.63,0,0,2,2,0
7439,241.33,8,40,4,283.26,93.95,0,0,0,1,0
7440,2060.85,2,20,5,850.89,6.52,1,0,1,5,1
7441,6405.51,22,36,2,153.69,6.46,0,0,0,4,0
7442,17893.79,8,18,3,109.92,47.15,1,0,4,3,1
7443,1201.31,17,41,3,1354.92,53.59,0,0,3,3,0
7444,2411.98,3,66,4,995.02,47.92,0,0,2,5,0
7445,184.82,18,28,1,555.05,108.31,0,0,1,1,0
7446,4928.23,23,47,3,619.68,13.13,0,0,1,4,0
7447,2383.27,3,67,2,177.49,9.45,0,0,1,3,0
7448,675.91,8,28,3,619.13,122.77,0,0,1,2,0
7449,3778.87,0,56,6,681.99,64.03,0,1,0,2,0
7450,850.24,0,18,4,442.87,62.19,0,1,1,2,0
7451,693.66,19,29,5,548.02,20.43,0,0,1,3,0
7452,1763.99,18,21,4,285.1,49.43,0,0,2,2,0
7453,378.66,2,42,4,190.77,64.86,0,1,2,3,0
7454,3046.12,9,25,5,716.34,45.85,0,0,0,5,0
7455,381.46,11,32,6,230.84,66.63,0,0,0,2,0
7456,383.73,17,60,2,899.75,44.59,0,0,1,2,0
7457,441.56,13,47,4,819.43,200.96,0,0,0,3,0
7458,2343.73,9,57,3,1422.72,33.86,0,0,0,3,0
7459,591.83,9,49,2,808.7,0.63,0,1,0,3,0
7460,284.86,17,61,3,6998.36,8.92,0,1,1,4,1
7461,598.44,23,52,1,483.0,166.43,0,0,0,5,0
7462,1062.05,0,38,2,838.93,31.7,1,0,0,2,1
7463,336.64,14,48,4,375.07,6.42,0,0,1,3,0
7464,346.65,7,53,5,1411.12,8.47,1,0,0,3,0
7465,9057.03,2,44,5,699.91,1.47,0,0,1,3,0
7466,463.79,17,61,1,150.61,12.83,0,0,0,2,0
7467,793.9,8,25,3,317.52,215.79,0,0,3,3,0
7468,759.58,15,40,6,540.05,19.94,1,0,1,4,0
7469,719.56,20,40,1,224.93,14.4,0,0,1,4,1
7470,2041.31,14,59,5,946.4,55.07,0,0,1,3,0
7471,2830.31,4,50,7,197.78,56.07,0,0,1,5,1
7472,807.58,12,30,3,517.84,171.84,0,0,0,4,0
7473,318.47,21,56,4,480.72,65.39,0,1,1,2,0
7474,3922.33,19,69,4,1362.18,5.82,0,1,0,1,0
7475,996.91,6,52,1,510.49,212.02,0,0,0,1,0
7476,6187.72,15,33,3,1199.48,69.36,1,0,0,4,0
7477,116.1,6,29,1,845.77,15.0,0,0,0,5,0
7478,1333.29,21,48,3,243.52,15.14,1,0,0,4,0
7479,7469.67,15,22,4,3567.3,160.94,1,0,0,2,1
7480,770.27,12,67,3,1449.22,10.7,0,0,1,5,0
7481,875.25,16,57,4,283.84,12.91,0,1,0,2,0
7482,1473.67,8,61,2,260.88,22.23,0,0,1,3,0
7483,627.16,11,42,1,1612.5,56.89,0,0,1,3,0
7484,802.66,12,38,5,1251.68,28.08,0,0,0,3,0
7485,782.26,8,20,1,1047.01,18.64,0,0,0,3,0
7486,585.57,4,65,7,281.81,15.57,0,0,0,3,0
7487,3747.55,6,27,2,373.85,6.68,0,0,0,5,0
7488,1739.02,0,40,3,1738.12,39.51,0,0,1,2,0
7489,1408.99,3,34,2,980.04,15.97,0,0,2,5,0
7490,2461.61,3,59,4,339.18,20.13,0,1,1,4,0
7491,841.89,15,52,5,1865.96,0.39,0,0,0,5,0
7492,505.63,4,42,5,3029.48,37.88,0,0,1,3,0
7493,600.27,21,19,3,419.16,59.61,1,1,0,3,0
7494,1098.59,3,44,2,358.84,131.23,1,0,0,1,0
7495,380.23,5,63,5,2042.24,10.98,0,0,1,5,0
7496,664.97,22,26,1,2283.32,125.89,0,0,2,2,0
7497,654.51,2,66,4,2246.33,22.4,1,0,1,1,0
7498,9177.92,7,21,1,852.68,81.07,0,0,0,5,1
7499,68.46,16,43,2,415.12,113.56,0,0,0,2,0
7500,916.33,17,49,3,1291.74,162.68,0,0,1,1,0
7501,6159.15,17,46,6,480.52,19.69,0,0,1,1,1
7502,1238.73,11,39,2,458.28,15.09,0,0,1,1,0
7503,2329.52,0,64,1,723.32,28.95,0,1,1,5,0
7504,1211.76,22,30,6,638.45,40.45,0,0,0,1,0
7505,562.65,11,40,3,418.24,58.66,1,0,0,3,0
7506,116.52,10,48,1,268.26,58.86,0,0,0,5,0
7507,1346.76,12,68,3,535.19,6.2,1,0,0,1,0
7508,504.92,2,58,5,380.05,47.31,0,0,1,4,0
7509,492.58,7,53,1,212.83,9.19,0,0,1,2,0
7510,665.82,2,57,1,727.95,62.13,0,1,0,2,0
7511,6278.34,16,48,3,743.1,187.71,0,0,3,1,0
7512,12147.0,12,32,2,1158.49,73.68,0,0,1,4,0
7513,1362.68,9,31,5,721.75,59.33,1,0,0,2,0
7514,688.99,16,52,5,611.56,4.03,1,0,0,4,0
7515,337.91,2,41,2,1148.07,10.21,0,0,0,3,0
7516,1752.05,12,47,1,723.87,21.94,0,0,0,5,0
7517,6521.8,21,47,2,808.26,135.51,0,0,1,4,0
7518,856.33,5,44,5,1000.51,20.09,1,0,0,1,0
7519,101.6,13,66,4,408.11,84.04,0,0,1,1,0
7520,2143.19,9,57,3,1387.9,5.48,0,0,2,1,0
7521,2937.75,19,31,6,662.42,54.24,0,0,0,4,0
7522,224.56,15,62,5,590.39,75.5,0,0,0,2,0
7523,1308.3,17,64,3,1374.64,39.15,0,0,0,5,1
7524,1721.97,12,28,5,439.32,72.8,1,0,0,4,0
7525,1019.32,9,64,1,467.6,64.31,0,0,2,2,0
7526,497.32,5,61,2,956.48,32.41,1,0,3,3,0
7527,3028.85,9,43,5,767.25,100.32,0,0,0,3,0
7528,732.61,4,38,1,9247.46,20.9,0,1,3,4,0
7529,248.34,5,26,1,1483.46,27.7,0,0,0,5,0
7530,141.25,6,64,3,98.08,38.81,0,0,1,5,0
7531,3869.38,10,18,7,832.6,7.0,0,0,0,2,0
7532,2031.77,15,61,3,152.19,36.21,1,0,0,4,0
7533,1197.48,11,23,3,477.26,19.59,0,0,1,5,0
7534,706.08,11,18,4,765.73,14.83,1,0,1,1,1
7535,646.13,22,39,4,460.09,43.0,0,0,2,1,0
7536,374.0,19,68,1,115.24,19.99,1,0,0,4,0
7537,712.33,4,30,3,697.44,96.73,0,0,1,1,0
7538,131.62,15,55,4,424.08,26.38,0,0,1,3,0
7539,525.28,5,66,5,1111.37,26.64,0,0,0,4,0
7540,803.57,8,62,2,145.84,200.71,1,0,0,5,0
7541,2018.04,4,58,1,371.7,20.89,1,0,0,1,0
7542,1053.71,20,57,3,1276.29,7.05,0,0,1,3,0
7543,2428.24,22,48,3,111.73,104.61,0,0,0,2,0
7544,4226.52,15,32,2,973.7,124.44,1,0,0,4,0
7545,3159.5,17,67,4,356.61,12.84,0,0,0,5,0
7546,1755.5,18,19,2,551.64,106.89,1,1,1,4,1
7547,1109.72,11,48,0,266.33,34.12,0,0,2,4,1
7548,411.25,1,43,4,517.34,2.22,0,0,1,4,0
7549,2298.34,9,19,4,288.03,39.8,0,0,1,3,0
7550,5882.56,11,28,2,249.63,94.45,1,0,1,4,0
7551,1543.96,13,50,3,1270.32,25.26,1,0,1,1,0
7552,7459.62,17,35,3,597.23,40.04,0,0,3,2,1
7553,238.51,18,38,3,806.91,7.58,0,1,1,4,0
7554,345.79,5,48,3,701.59,92.32,1,0,1,3,0
7555,2579.11,4,43,0,1862.23,5.65,1,0,3,2,0
7556,1428.37,15,47,6,902.8,4.96,0,0,1,1,0
7557,4079.71,13,56,4,1004.8,135.57,1,0,0,5,0
7558,1079.8,12,38,2,1184.15,103.36,0,0,0,2,0
7559,460.37,20,66,3,334.61,42.77,0,0,0,4,0
7560,885.73,1,33,1,2757.71,5.61,0,0,0,5,0
7561,236.82,1,24,1,228.74,39.48,0,0,0,3,0
7562,354.75,11,39,3,840.89,126.63,0,0,0,1,0
7563,2899.94,0,24,1,837.17,47.38,0,0,0,5,0
7564,2624.87,18,19,2,4458.32,11.05,0,0,0,5,0
7565,1576.57,15,54,5,916.82,118.13,0,1,1,4,1
7566,196.16,6,31,5,358.79,100.29,0,0,1,2,0
7567,766.32,20,25,3,400.27,39.55,0,0,0,4,0
7568,322.14,6,46,5,465.26,95.61,1,0,0,3,0
7569,3556.5,15,61,3,725.71,2.9,1,0,0,2,1
7570,611.72,5,24,10,772.4,30.92,0,0,1,5,0
7571,370.28,17,55,2,914.9,9.81,1,0,2,5,0
7572,1129.8,0,62,1,679.35,90.87,1,0,0,4,1
7573,578.16,0,39,1,1015.95,177.35,1,0,2,2,0
7574,4835.52,13,61,4,266.83,133.47,0,0,0,4,0
7575,525.94,5,34,2,183.83,34.99,0,0,2,2,0
7576,270.64,5,33,8,1606.23,35.77,0,0,0,4,0
7577,127.37,3,50,2,186.26,119.42,0,1,0,4,0
7578,1063.39,11,56,2,619.97,63.96,1,0,1,2,0
7579,625.2,17,52,2,347.03,3.88,0,0,0,5,0
7580,262.72,9,55,4,2722.63,6.87,0,1,2,4,0
7581,3601.93,2,49,0,3005.25,151.54,0,0,1,3,0
7582,2137.19,2,20,2,672.1,22.78,0,0,0,1,0
7583,1066.12,7,20,1,519.0,10.37,0,0,0,5,0
7584,4291.22,21,25,5,543.65,66.5,0,0,1,5,0
7585,2127.15,22,63,3,776.35,105.88,1,0,0,1,0
7586,481.61,0,48,3,1318.45,11.57,0,0,1,1,0
7587,387.91,17,26,4,9840.61,14.48,0,0,2,5,0
7588,2484.88,14,22,1,285.14,115.1,0,0,0,2,0
7589,1630.05,20,45,2,807.22,0.66,1,0,0,1,0
7590,1299.52,19,32,3,587.72,119.27,0,0,0,5,0
7591,470.36,16,66,4,438.59,2.0,0,0,1,3,0
7592,2014.14,10,44,2,469.67,5.01,0,0,4,1,0
7593,515.17,12,59,3,608.69,99.12,0,0,0,4,0
7594,990.31,19,48,2,778.47,14.28,1,0,1,5,0
7595,4660.81,9,57,4,898.21,12.72,0,1,0,1,0
7596,566.32,12,35,1,991.86,92.94,0,0,2,3,0
7597,227.47,16,55,3,216.46,39.07,0,0,1,4,1
7598,382.78,20,66,4,388.1,21.59,0,0,3,3,0
7599,2964.01,0,21,6,1026.5,62.63,0,0,0,3,0
7600,1414.78,19,38,2,2103.64,82.97,0,0,2,1,0
7601,964.03,15,64,2,974.22,99.3,0,0,4,2,0
7602,659.12,15,59,1,523.14,6.35,0,0,2,1,0
7603,1781.77,20,40,3,971.23,43.68,0,1,2,4,0
7604,469.14,2,62,4,815.99,56.69,0,1,1,2,0
7605,1488.71,1,39,4,287.62,6.19,0,0,0,4,0
7606,527.81,5,18,6,577.67,47.1,1,0,0,5,0
7607,446.9,10,42,4,763.33,1.62,0,0,1,4,0
7608,579.7,2,58,3,1182.9,20.89,0,0,0,4,0
7609,753.4,0,45,2,2074.38,9.44,0,1,0,4,1
7610,1044.37,10,54,3,2783.87,41.19,0,0,1,4,0
7611,1387.77,12,28,5,174.68,10.6,0,0,1,1,0
7612,27.43,4,39,3,572.1,77.83,1,0,0,4,0
7613,488.99,17,42,3,2200.99,6.46,0,0,1,2,0
7614,741.32,14,38,3,1234.84,70.91,0,0,1,1,0
7615,4939.71,17,53,4,1283.93,5.21,0,0,0,3,0
7616,372.41,14,37,1,371.28,29.21,0,0,0,1,0
7617,1290.51,19,33,1,383.11,59.95,0,0,1,2,0
7618,4890.4,19,45,0,1126.8,8.81,0,0,0,1,0
7619,295.02,19,46,2,453.63,69.79,1,0,1,5,0
7620,1626.16,6,67,3,268.22,153.32,0,0,1,5,0
7621,491.63,16,43,5,721.59,23.37,0,0,2,3,0
7622,662.07,7,57,2,569.89,0.01,0,0,0,4,0
7623,491.22,12,19,2,1332.74,32.39,0,0,3,1,1
7624,527.5,15,66,2,924.25,116.36,0,0,1,2,0
7625,16679.11,9,27,4,3126.08,54.68,0,0,2,3,0
7626,2551.55,13,30,5,301.36,60.75,0,0,1,1,0
7627,3300.2,5,32,2,688.66,78.62,1,0,0,3,0
7628,1793.62,19,26,3,1045.83,119.41,0,0,2,1,0
7629,220.03,21,44,2,1014.99,6.67,0,1,0,2,0
7630,1627.76,6,25,1,816.7,44.61,0,0,3,5,0
7631,3206.48,5,23,1,165.04,110.24,0,1,0,1,0
7632,467.13,16,53,2,138.39,74.78,0,0,0,4,0
7633,2879.37,20,67,4,281.49,14.31,0,0,1,5,0
7634,2217.94,23,41,2,989.46,103.81,0,0,0,4,0
7635,6988.63,7,20,2,145.57,17.41,1,1,0,2,0
7636,722.14,11,43,3,1128.54,26.46,1,0,1,3,1
7637,365.91,3,53,2,522.0,10.27,1,0,1,5,1
7638,763.85,9,38,2,508.39,108.24,0,0,1,2,0
7639,4608.1,5,30,0,3147.14,4.88,0,0,2,5,0
7640,176.2,6,69,1,2780.7,256.72,0,0,0,4,0
7641,138.6,20,28,4,388.05,19.93,0,0,1,1,0
7642,1199.18,7,25,2,1236.38,62.03,1,0,1,5,0
7643,704.45,2,63,2,685.83,6.89,0,0,1,3,0
7644,1105.14,7,63,1,1318.66,33.46,0,0,0,4,0
7645,2822.31,14,65,1,486.38,2.05,0,1,0,3,0
7646,631.08,20,31,3,228.66,105.35,0,0,0,1,0
7647,168.51,0,50,1,643.23,29.57,1,0,1,1,0
7648,8471.66,12,19,2,1273.05,67.89,0,0,1,1,1
7649,404.55,21,69,1,595.48,112.46,0,0,0,3,0
7650,380.3,17,18,3,1287.04,3.55,0,1,1,3,0
7651,3306.75,14,28,3,1842.51,35.81,0,0,0,5,0
7652,746.59,6,23,3,1707.8,10.51,1,1,0,1,0
7653,1029.28,14,49,3,968.83,3.58,0,1,0,4,1
7654,1777.19,2,32,3,231.57,48.65,0,1,0,1,0
7655,3240.82,13,29,6,137.12,6.06,0,1,2,2,0
7656,785.67,19,54,7,1065.57,33.86,0,1,0,3,0
7657,5013.81,3,46,3,1242.95,10.96,0,0,0,1,0
7658,129.57,3,61,2,670.61,11.01,0,0,1,3,0
7659,2344.41,2,39,4,820.97,37.01,0,1,0,5,1
7660,473.65,4,63,3,616.51,40.53,0,1,0,4,1
7661,4325.45,10,31,7,702.85,0.17,0,1,1,5,0
7662,1264.01,7,36,3,902.43,34.73,0,0,0,2,0
7663,559.53,1,22,4,1371.03,55.4,0,1,0,3,0
7664,2127.79,15,52,1,727.57,56.74,1,0,2,2,0
7665,2678.97,9,42,2,674.89,94.82,0,0,0,3,0
7666,2083.69,17,67,4,592.75,112.83,0,0,1,3,0
7667,391.62,6,55,3,800.55,48.76,0,0,0,2,0
7668,675.86,4,26,0,134.02,32.87,0,0,2,2,0
7669,1092.18,6,24,4,1381.28,11.41,0,0,1,5,0
7670,1052.31,20,35,2,570.76,6.78,0,0,1,1,0
7671,2320.98,5,19,1,355.41,46.97,0,0,2,5,1
7672,146.22,23,69,3,2001.56,146.48,1,0,0,3,0
7673,1532.0,0,27,3,534.11,16.3,0,0,1,2,0
7674,820.59,10,61,2,287.89,5.24,0,1,0,5,1
7675,474.14,12,19,4,1204.39,27.57,0,0,0,4,0
7676,521.92,11,62,4,454.05,0.02,0,0,0,5,0
7677,884.89,0,25,1,492.58,40.32,0,0,1,4,0
7678,29.93,20,24,4,1320.58,2.54,1,0,1,1,0
7679,543.87,14,52,5,1462.29,133.66,0,0,0,5,1
7680,456.77,0,40,9,226.6,101.99,0,0,1,4,0
7681,1868.3,2,25,3,623.81,6.1,0,0,1,4,1
7682,490.03,14,38,4,208.63,7.94,0,0,0,2,0
7683,884.38,8,50,4,471.43,153.36,0,0,0,4,0
7684,5127.0,13,64,5,353.43,83.98,0,0,1,1,0
7685,2964.17,22,18,6,1543.86,142.39,0,0,2,1,0
7686,2703.42,21,29,6,277.28,20.36,0,0,1,4,0
7687,665.23,23,28,6,1028.36,5.88,0,1,0,5,0
7688,1887.54,7,65,3,524.23,47.78,0,0,1,5,0
7689,867.92,21,47,4,185.44,170.12,0,0,0,5,0
7690,901.36,3,21,6,343.87,6.96,0,0,0,3,0
7691,1651.91,19,51,3,235.42,85.43,0,1,0,3,0
7692,603.66,19,40,4,345.45,22.28,1,1,0,4,1
7693,4880.5,5,49,0,296.8,6.14,0,0,0,1,0
7694,934.37,0,20,3,510.79,30.72,1,0,0,1,1
7695,2035.22,17,45,1,1431.94,33.54,0,0,0,4,0
7696,4701.33,5,21,5,336.54,0.46,0,0,0,2,0
7697,3076.83,13,67,2,268.83,32.17,0,0,1,1,0
7698,268.03,10,29,5,410.11,52.13,0,0,0,4,0
7699,1711.11,16,41,3,522.32,72.34,0,1,2,1,0
7700,2567.58,8,50,1,356.84,5.19,0,1,2,3,0
7701,2675.42,21,20,3,236.05,104.59,1,0,1,4,1
7702,360.22,6,21,1,1214.67,9.18,1,0,0,2,0
7703,568.48,13,47,4,1054.99,53.69,0,0,1,4,1
7704,2964.78,16,23,3,614.57,40.22,0,0,1,5,0
7705,511.96,7,66,5,2223.57,106.02,0,0,2,2,0
7706,812.65,15,47,1,4810.91,1.97,0,0,0,2,0
7707,5302.19,11,25,7,1923.7,10.63,0,0,0,1,0
7708,1045.45,11,35,3,123.64,6.5,0,0,1,2,0
7709,530.18,4,33,3,853.53,19.84,0,1,0,1,1
7710,455.95,4,23,4,355.3,20.69,0,0,1,4,0
7711,1529.54,13,41,2,499.5,4.64,0,0,0,3,0
7712,289.12,5,68,4,184.66,36.11,1,0,1,5,1
7713,856.34,6,45,2,820.68,6.18,0,0,1,2,0
7714,1530.32,22,49,1,2657.36,3.86,1,0,1,3,0
7715,4020.45,20,42,2,631.4,1.69,0,0,2,3,0
7716,2137.83,16,45,2,1499.16,132.35,1,0,0,1,1
7717,536.97,8,38,3,875.81,25.27,0,0,0,1,0
7718,3563.22,21,25,1,1224.75,16.68,0,0,0,5,0
7719,812.8,12,53,5,108.24,32.92,0,0,0,4,0
7720,318.71,8,26,1,939.44,8.58,0,0,1,1,0
7721,923.3,15,57,2,1311.31,26.06,0,0,0,4,0
7722,4620.09,3,38,5,2598.88,10.57,0,1,0,4,1
7723,1293.67,1,68,3,210.25,18.15,0,0,2,3,0
7724,1110.45,12,18,4,2472.2,128.99,0,0,0,2,0
7725,5637.59,12,21,2,510.69,8.05,0,1,0,3,0
7726,262.08,18,27,5,773.59,32.11,0,0,0,5,0
7727,303.2,11,43,2,1415.26,54.07,1,0,0,2,0
7728,217.93,3,57,3,1394.11,125.05,0,0,1,3,0
7729,1591.84,9,20,0,167.61,128.2,0,0,0,5,1
7730,1295.29,15,61,5,729.85,14.2,0,0,0,2,0
7731,5129.36,23,26,4,285.01,143.37,1,0,1,4,0
7732,1398.95,18,49,2,694.6,20.13,0,0,1,5,1
7733,732.05,7,20,1,408.89,112.65,0,0,0,4,1
7734,1098.6,5,21,3,176.21,4.89,0,0,4,2,0
7735,1233.62,3,23,4,295.74,11.05,0,0,1,5,0
7736,206.07,6,26,6,1042.0,4.11,0,1,0,5,1
7737,16487.07,13,43,3,877.99,17.76,0,0,1,3,1
7738,1844.33,12,19,3,275.78,103.52,0,0,2,4,1
7739,1352.9,20,19,3,420.1,8.67,0,0,1,4,0
7740,2028.73,4,67,3,810.91,12.73,0,1,1,5,0
7741,2229.23,8,38,1,839.62,12.18,1,0,0,5,0
7742,952.84,2,39,2,1142.66,16.06,0,0,1,1,0
7743,583.33,9,20,3,800.3,0.94,0,0,2,3,0
7744,1997.1,14,52,4,1067.26,27.57,1,0,1,4,0
7745,1612.77,19,67,3,631.12,187.1,0,0,2,4,0
7746,487.9,20,55,1,992.07,29.72,1,0,3,5,1
7747,4532.53,16,50,3,2401.45,83.92,0,0,0,4,0
7748,1470.49,22,32,4,2338.71,42.37,1,0,1,2,0
7749,2275.19,23,28,5,684.97,0.75,0,0,0,5,0
7750,4411.28,5,27,6,260.8,44.04,0,1,0,4,0
7751,1120.9,2,53,1,1949.81,146.42,0,0,3,2,0
7752,1505.61,17,31,2,101.52,40.32,0,0,3,5,0
7753,2465.2,4,19,2,1008.4,37.53,1,0,0,1,0
7754,531.2,12,62,2,980.47,55.47,1,0,1,4,0
7755,1157.54,0,65,7,691.08,102.35,0,0,2,3,0
7756,1243.33,16,61,4,913.28,41.59,0,1,0,2,0
7757,421.55,2,54,2,231.3,26.08,0,0,0,5,1
7758,11132.64,18,68,3,286.95,1.89,1,1,0,4,0
7759,268.46,20,46,2,238.86,5.89,1,0,1,4,0
7760,299.43,19,52,3,263.54,52.31,0,0,1,4,0
7761,4081.53,21,37,2,378.95,48.24,0,0,1,1,0
7762,2237.84,11,38,1,577.26,13.66,1,1,0,4,0
7763,393.09,7,51,1,1477.37,63.46,0,0,1,3,0
7764,2012.81,7,66,5,3181.03,16.4,1,1,1,3,0
7765,4759.27,14,60,3,342.91,18.19,0,0,0,1,0
7766,1063.94,10,50,6,626.3,3.17,0,0,0,1,0
7767,14747.41,19,36,1,719.74,39.96,0,0,1,2,0
7768,195.57,0,25,3,326.51,16.96,0,0,0,4,0
7769,2194.75,15,48,4,459.43,85.45,0,0,0,4,0
7770,3521.1,13,28,4,2575.69,80.84,0,0,1,5,0
7771,2674.04,6,25,2,1733.19,6.87,0,0,0,2,0
7772,893.95,5,42,1,1912.87,8.72,0,0,2,1,0
7773,820.21,20,66,3,1035.41,19.36,1,1,1,5,1
7774,1709.82,3,37,3,1311.14,43.48,0,1,2,1,1
7775,2479.36,21,55,4,889.62,20.97,0,0,1,3,0
7776,2003.14,7,24,2,2389.2,21.56,0,0,0,3,0
7777,3102.79,21,30,6,64.43,7.54,0,1,1,1,0
7778,395.89,18,56,4,277.09,20.44,1,0,2,3,0
7779,873.26,2,60,5,203.82,31.78,1,0,0,3,1
7780,428.37,3,27,3,385.33,209.06,0,0,2,5,1
7781,745.37,12,25,1,693.86,91.0,0,0,0,1,0
7782,3026.68,20,59,1,592.71,78.75,0,0,2,5,1
7783,1221.68,1,60,3,336.04,41.03,0,0,1,2,0
7784,14866.4,10,37,3,761.68,22.32,0,0,1,3,0
7785,1330.63,15,34,6,877.2,97.23,1,0,0,1,0
7786,1164.09,9,28,1,1015.34,21.34,0,0,0,5,0
7787,1219.48,14,33,3,1223.57,44.92,0,1,0,3,0
7788,579.51,9,54,6,403.76,14.86,0,0,2,2,0
7789,1035.01,1,59,5,1482.06,74.9,0,0,1,4,0
7790,3387.3,5,49,2,627.75,36.13,0,1,1,2,0
7791,1229.02,13,43,4,1214.85,112.77,0,0,0,2,0
7792,495.98,1,69,2,401.32,42.07,0,0,0,3,0
7793,434.81,9,54,2,2625.69,8.97,1,1,0,4,0
7794,699.1,16,69,1,995.74,247.72,0,1,0,3,0
7795,1180.7,7,26,3,727.84,34.85,0,0,2,1,0
7796,3617.67,15,52,2,252.09,14.43,0,0,0,3,0
7797,287.01,13,20,6,1586.63,19.97,0,0,0,1,0
7798,796.46,9,48,5,279.25,6.46,0,0,0,5,0
7799,1266.88,12,59,3,3919.63,3.84,0,0,0,3,0
7800,175.26,0,24,4,1195.35,29.94,0,0,3,2,1
7801,476.47,9,19,5,234.25,151.7,1,0,2,3,0
7802,555.63,21,42,4,788.79,6.56,0,0,0,4,1
7803,494.74,11,57,4,3208.86,116.51,0,0,5,2,0
7804,1328.61,16,29,1,657.97,79.66,1,1,1,3,0
7805,933.97,23,47,4,499.4,82.1,0,0,3,2,0
7806,629.37,13,47,2,852.94,61.89,0,0,1,1,0
7807,1682.38,4,46,5,363.68,44.8,0,0,1,1,0
7808,6143.04,18,58,2,1933.99,6.47,0,1,0,4,0
7809,5649.13,4,28,5,335.29,42.86,1,1,0,3,1
7810,160.33,14,68,6,939.69,21.69,0,1,3,2,0
7811,1952.9,12,69,3,1809.05,5.56,0,0,1,1,0
7812,917.8,16,40,3,695.74,81.44,0,0,0,4,0
7813,1280.69,0,34,2,1868.31,39.54,0,0,1,4,0
7814,736.36,13,30,5,571.98,68.32,0,0,1,2,0
7815,1233.47,3,50,2,270.13,32.65,0,0,0,1,0
7816,1275.9,8,18,1,1204.49,40.12,0,0,0,4,0
7817,614.65,16,57,4,870.84,62.3,0,0,0,5,0
7818,447.48,2,30,4,308.98,14.18,0,0,1,2,0
7819,700.16,12,55,5,620.62,93.88,0,0,1,3,0
7820,1386.11,11,20,3,304.98,27.32,0,0,1,5,1
7821,1996.19,15,33,1,661.85,61.63,0,0,0,2,0
7822,2574.34,3,59,1,4129.36,19.73,0,0,1,4,0
7823,669.02,17,24,7,1432.48,60.61,0,0,3,4,0
7824,1456.58,22,20,1,1098.37,2.22,0,0,1,3,0
7825,2871.25,2,31,1,761.27,132.44,1,1,1,1,1
7826,3517.81,16,33,4,1539.63,77.3,0,0,0,3,0
7827,1033.98,0,21,2,707.71,54.65,1,0,1,1,1
7828,879.25,18,48,6,158.53,19.57,0,0,0,5,0
7829,1327.59,21,30,5,227.85,92.44,0,0,1,5,0
7830,347.34,3,44,1,428.8,72.98,0,0,0,4,0
7831,903.6,16,18,2,474.87,30.17,0,0,2,3,0
7832,2309.04,6,42,1,678.93,11.0,0,0,1,2,0
7833,2083.8,1,54,6,1719.03,9.65,0,0,2,2,0
7834,836.92,11,67,3,908.39,33.49,0,0,0,2,0
7835,1363.37,4,61,2,766.97,76.49,0,0,1,2,1
7836,480.75,15,28,7,275.31,62.67,0,0,1,4,0
7837,2216.07,7,26,1,588.06,34.02,0,0,1,2,0
7838,1014.53,22,24,2,404.94,11.43,0,0,1,4,0
7839,832.18,7,31,6,293.51,13.67,0,0,0,2,0
7840,763.78,12,47,2,57.14,2.97,0,0,0,4,0
7841,1029.79,13,41,2,258.06,9.73,0,0,1,3,0
7842,700.73,10,20,1,2686.49,0.64,0,0,1,5,0
7843,2117.82,5,65,2,1689.78,56.12,1,0,0,4,1
7844,738.57,15,56,3,336.03,44.37,1,0,2,4,0
7845,5393.58,22,44,5,451.86,220.96,0,0,2,5,0
7846,4746.73,21,18,2,4971.35,71.94,0,0,1,4,0
7847,449.64,14,55,4,4465.09,14.13,0,0,1,3,0
7848,1175.8,15,43,2,790.31,61.53,0,0,1,1,0
7849,572.12,12,23,4,1210.14,0.61,1,0,2,5,1
7850,791.04,11,59,2,844.48,214.0,0,0,2,4,0
7851,8122.78,17,29,5,517.37,47.65,1,0,1,3,1
7852,806.28,17,68,6,829.77,6.37,0,0,1,2,0
7853,1572.19,13,55,1,1101.32,34.51,0,0,0,5,0
7854,1884.32,1,63,3,1544.0,141.19,0,0,1,2,0
7855,403.17,21,52,4,865.02,94.76,0,0,1,3,0
7856,466.34,1,27,3,854.93,17.76,0,0,0,5,0
7857,328.32,2,26,5,241.78,25.22,0,0,0,4,0
7858,452.16,23,40,6,343.68,96.06,1,0,2,1,0
7859,63.43,7,47,5,156.16,115.14,0,0,2,1,0
7860,1890.47,10,69,4,971.39,123.02,0,0,1,4,0
7861,8554.34,11,68,4,421.23,147.72,1,1,2,3,0
7862,1271.33,3,39,3,567.15,34.71,0,1,0,2,0
7863,266.06,8,64,2,712.55,98.85,0,0,2,3,0
7864,576.64,23,26,2,846.62,21.31,0,0,2,5,0
7865,693.06,16,36,5,145.0,91.04,0,0,0,1,0
7866,396.4,23,25,5,905.77,21.34,0,0,0,1,0
7867,2591.99,15,21,3,485.06,46.87,0,0,0,4,1
7868,2465.77,16,22,1,1345.5,31.6,0,0,2,5,1
7869,345.35,14,36,4,514.93,111.72,0,0,1,5,0
7870,2264.44,19,63,6,407.92,3.44,0,0,0,1,0
7871,5048.33,21,35,4,1656.05,148.59,1,0,1,2,0
7872,7350.75,6,46,4,307.36,31.0,0,0,0,5,0
7873,19248.95,9,36,2,441.18,32.83,0,0,1,3,0
7874,444.97,3,23,5,317.09,87.96,0,0,1,4,0
7875,18475.86,23,22,2,457.47,54.86,1,0,0,3,1
7876,769.54,23,60,1,2555.08,153.64,0,0,1,5,0
7877,606.4,13,22,2,252.36,39.55,1,0,1,4,0
7878,1520.92,13,25,4,542.78,40.9,0,0,1,1,0
7879,612.74,13,44,2,1248.66,178.25,0,0,2,3,0
7880,1634.42,13,54,5,556.21,130.48,0,0,0,3,0
7881,292.93,21,60,9,909.79,11.7,0,0,0,3,0
7882,863.72,19,62,2,433.96,18.33,0,0,2,3,0
7883,3966.27,17,55,3,610.67,49.09,0,1,0,4,1
7884,1035.81,14,54,0,541.61,140.15,1,0,0,2,0
7885,1263.44,22,35,2,573.13,41.43,0,0,1,4,0
7886,1763.86,18,43,6,1700.96,65.99,0,0,1,5,0
7887,3535.68,12,59,4,409.5,4.94,0,0,1,2,0
7888,209.51,11,33,1,852.35,36.97,0,0,1,3,0
7889,1967.51,18,39,1,1433.64,7.99,0,0,3,1,0
7890,838.71,18,63,2,1034.38,15.1,0,0,2,1,0
7891,1295.48,19,40,6,535.78,9.09,0,0,0,1,0
7892,3165.13,1,64,0,1958.47,9.07,1,0,0,4,0
7893,332.23,20,20,3,756.86,239.62,0,0,1,5,0
7894,398.36,2,20,1,1334.53,17.71,0,1,1,5,0
7895,158.31,9,29,2,435.91,41.68,0,0,3,2,0
7896,633.23,4,40,2,1062.91,1.01,0,0,0,1,0
7897,4148.21,11,64,4,1139.24,82.09,0,0,0,1,0
7898,972.06,6,28,4,360.32,57.01,1,0,1,2,0
7899,287.11,8,59,3,1970.59,12.99,0,0,2,3,0
7900,674.74,1,69,1,1641.37,1.84,0,1,0,1,0
7901,247.68,9,64,1,432.13,16.05,0,1,1,3,0
7902,355.96,5,67,1,214.48,49.52,1,0,1,4,1
7903,1617.79,11,63,1,577.2,0.77,0,0,0,3,0
7904,339.04,5,46,7,614.41,3.92,0,0,1,2,0
7905,3336.36,2,23,2,411.01,26.33,0,0,1,3,0
7906,1021.35,9,63,0,456.8,9.68,0,0,1,4,0
7907,1194.63,8,33,1,1292.49,49.96,0,0,2,2,0
7908,830.17,19,51,3,2393.35,9.6,0,0,1,1,0
7909,2375.23,4,68,2,1243.26,252.69,0,1,0,1,0
7910,2399.85,2,54,4,1810.47,28.62,0,0,0,5,0
7911,1533.11,4,28,5,667.82,8.03,1,0,2,5,0
7912,1929.06,7,28,0,194.5,3.84,1,1,0,1,0
7913,887.06,7,42,5,427.9,27.28,1,0,0,4,1
7914,1885.98,13,36,3,372.88,82.8,0,0,1,4,1
7915,782.21,23,49,1,1462.33,28.89,0,0,1,1,0
7916,1099.08,21,67,4,123.89,7.6,0,1,2,4,0
7917,833.27,16,25,1,751.54,33.54,0,0,0,2,0
7918,694.21,10,29,7,588.31,20.58,0,0,1,3,0
7919,550.53,15,58,4,888.18,34.84,0,0,1,2,0
7920,1750.56,5,52,2,309.98,24.81,0,0,1,2,0
7921,4066.78,10,23,2,1689.2,52.19,0,0,1,4,0
7922,3537.24,9,38,3,766.56,81.39,0,1,0,1,0
7923,312.13,22,43,2,270.34,108.78,1,0,0,1,0
7924,3980.66,8,18,1,303.48,67.6,0,0,0,1,0
7925,797.79,23,34,6,471.63,21.93,0,0,0,3,0
7926,1999.66,23,52,4,1019.95,29.75,0,0,1,1,0
7927,443.1,14,44,4,362.13,51.33,0,0,1,1,0
7928,1263.93,6,67,2,1079.6,12.41,0,0,1,4,0
7929,1500.75,17,67,3,642.08,60.49,0,0,1,5,0
7930,248.49,0,19,3,2185.02,52.46,0,0,1,5,1
7931,2014.78,14,53,3,415.97,53.43,0,0,2,4,1
7932,4213.02,1,18,2,636.11,20.27,0,0,1,1,0
7933,920.9,21,27,3,1342.18,46.01,1,0,0,5,0
7934,4273.41,1,48,5,339.2,11.02,1,0,0,1,1
7935,907.15,9,54,4,318.19,10.52,0,0,4,2,1
7936,2564.67,19,22,4,263.09,73.16,0,0,0,3,0
7937,119.27,14,58,1,1063.79,23.87,1,0,2,1,0
7938,12317.52,9,63,0,209.29,39.33,0,0,0,4,1
7939,4892.5,18,30,1,836.36,17.32,0,0,0,4,0
7940,824.99,21,62,1,380.47,13.45,1,0,0,4,0
7941,152.61,12,41,4,382.09,75.68,1,0,1,3,0
7942,1462.68,23,44,3,146.66,79.04,0,1,0,1,0
7943,258.8,10,18,6,613.12,90.48,0,1,2,5,0
7944,1711.03,21,66,3,365.93,96.36,1,0,0,2,0
7945,1655.02,1,37,3,559.22,26.5,0,1,1,1,0
7946,427.77,20,25,5,564.54,82.77,0,0,0,3,0
7947,3364.27,12,20,3,2652.58,21.23,0,0,0,1,0
7948,2454.25,21,66,3,319.65,2.7,1,1,1,2,0
7949,2909.75,21,49,2,995.49,58.45,0,0,0,3,0
7950,1106.39,20,61,6,504.82,11.09,0,0,1,5,0
7951,266.26,0,42,1,1060.65,30.03,1,0,2,1,0
7952,2915.72,4,42,4,573.71,8.95,0,0,1,3,1
7953,836.84,20,67,4,2756.01,24.84,0,0,0,1,0
7954,273.2,21,31,3,634.17,108.08,0,0,1,3,0
7955,4238.82,6,60,4,721.25,47.49,0,0,1,2,0
7956,8949.99,12,44,0,1721.66,8.02,0,0,1,4,0
7957,1052.32,12,65,5,498.93,64.64,0,0,0,1,0
7958,9500.7,19,49,1,1518.57,94.14,0,0,1,3,0
7959,1201.49,22,44,6,1728.47,9.1,0,0,0,3,0
7960,749.6,20,21,4,426.83,68.15,0,0,2,3,0
7961,583.79,5,67,5,1266.69,39.83,0,0,1,2,0
7962,5636.86,19,56,0,308.62,46.35,1,0,0,4,1
7963,502.63,11,28,1,786.97,139.86,0,0,2,1,0
7964,2287.62,7,65,2,393.68,1.86,0,0,1,3,0
7965,626.93,8,65,2,630.15,50.91,0,0,3,1,1
7966,692.07,17,20,6,1151.16,4.25,1,0,1,1,0
7967,3072.51,10,42,4,1637.24,77.93,1,0,0,3,0
7968,749.92,19,41,1,102.81,113.23,0,0,0,5,0
7969,731.58,10,26,1,331.1,4.53,0,0,1,4,0
7970,3404.33,23,25,1,1968.51,1.31,0,0,0,3,0
7971,5417.54,23,56,3,665.21,155.8,1,1,1,2,0
7972,2089.52,14,48,3,648.48,130.54,0,1,0,1,0
7973,569.77,8,34,2,1471.76,128.69,0,0,0,1,0
7974,658.12,2,60,4,93.65,140.41,1,0,1,1,0
7975,1187.87,16,48,2,299.85,34.67,0,1,1,2,0
7976,1511.61,16,21,1,1468.41,188.4,0,0,1,3,1
7977,408.35,2,21,2,173.36,111.43,1,0,1,4,0
7978,2259.81,18,54,2,684.49,5.14,0,0,1,3,0
7979,1194.54,8,25,2,127.84,83.75,0,0,1,5,0
7980,197.21,16,59,4,432.13,62.32,0,0,0,2,0
7981,433.15,22,66,1,1639.32,7.2,0,0,1,4,0
7982,662.4,17,23,2,150.13,66.96,0,0,0,4,0
7983,1019.58,22,26,1,515.09,33.17,0,1,0,5,0
7984,7253.79,14,59,1,1352.59,96.15,1,1,1,5,1
7985,1391.55,0,25,2,333.44,85.41,0,0,0,2,0
7986,473.06,9,49,1,864.91,142.65,0,0,1,3,0
7987,1367.35,7,32,2,2841.91,3.91,0,0,0,1,0
7988,771.17,9,35,6,1189.73,61.94,0,1,1,1,1
7989,1517.41,1,40,4,787.73,23.67,0,0,0,4,1
7990,1959.74,18,22,2,2401.7,74.8,0,0,2,5,0
7991,3674.71,13,67,6,747.73,46.14,1,0,2,4,0
7992,1070.32,7,44,3,597.7,34.22,0,0,1,2,0
7993,5647.46,18,50,2,285.94,0.21,0,1,2,4,0
7994,2719.01,0,19,5,1312.51,46.72,0,0,0,3,0
7995,540.54,15,59,2,3409.63,27.27,0,0,1,3,0
7996,9995.15,23,55,2,120.45,20.21,0,0,0,1,0
7997,1520.8,14,45,3,339.37,224.46,0,0,3,2,0
7998,475.74,19,41,5,621.7,60.26,0,0,0,5,0
7999,5726.8,23,68,1,330.46,38.81,1,0,0,1,0
8000,8758.48,4,38,5,1260.03,101.52,0,0,2,4,1
8001,1061.01,2,48,1,1090.8,12.88,0,0,0,4,0
8002,662.72,16,28,5,918.75,48.37,0,0,1,3,0
8003,923.0,9,67,3,2891.12,98.64,0,0,1,4,0
8004,2241.12,4,45,2,861.76,6.6,0,0,1,5,0
8005,3935.75,10,65,4,432.68,13.47,0,0,4,3,1
8006,1940.09,5,57,4,265.19,4.31,0,0,0,1,0
8007,1214.06,3,21,3,974.54,244.27,0,0,0,5,0
8008,4905.01,6,60,2,271.03,43.48,0,0,1,3,0
8009,802.04,18,59,7,1204.0,33.62,1,0,0,3,0
8010,3074.57,6,33,4,453.54,20.66,0,0,1,4,0
8011,822.16,13,29,2,129.79,29.84,0,0,1,1,1
8012,1687.53,16,39,4,1498.59,74.77,0,1,0,2,1
8013,978.91,22,52,1,1049.08,124.28,1,0,1,3,0
8014,1037.06,16,60,4,1259.69,5.54,1,0,2,5,0
8015,751.91,12,33,0,191.92,17.81,0,0,1,4,0
8016,4208.47,0,41,0,1931.28,10.48,1,0,0,4,1
8017,526.93,1,52,2,2939.24,28.59,0,0,1,1,0
8018,523.1,17,45,6,304.38,37.8,0,0,2,5,1
8019,9145.28,3,59,3,910.07,63.88,1,0,0,4,0
8020,2915.65,12,46,2,486.45,104.24,0,0,1,5,1
8021,100.98,0,38,6,478.65,39.06,0,0,0,4,0
8022,623.12,3,65,4,827.2,33.55,1,0,2,2,0
8023,179.11,1,42,3,415.44,42.87,0,0,2,5,0
8024,423.82,3,56,5,579.62,109.65,0,0,0,5,0
8025,47.54,15,48,2,3246.35,52.28,0,0,0,3,0
8026,956.24,3,32,2,237.59,77.41,0,0,0,5,0
8027,350.04,8,64,3,871.75,63.56,0,0,1,4,0
8028,1164.33,16,59,2,4178.79,128.53,0,0,1,3,0
8029,215.91,20,52,4,692.87,84.9,1,0,1,3,0
8030,1191.43,22,55,4,1181.57,20.87,0,0,1,5,0
8031,724.21,19,67,1,362.65,96.33,0,0,1,3,0
8032,4924.38,20,39,2,330.58,31.5,0,0,0,5,0
8033,4497.86,1,22,7,227.6,93.94,0,1,0,5,0
8034,2405.1,2,65,4,716.11,118.09,0,0,1,3,1
8035,791.07,22,30,1,2880.01,57.8,0,0,1,4,0
8036,7985.48,14,49,3,1107.29,63.45,0,0,1,3,0
8037,232.05,6,20,4,762.52,7.61,0,0,1,1,0
8038,269.47,3,32,6,477.65,19.57,0,0,1,5,0
8039,1008.5,11,44,6,448.62,40.79,0,0,0,2,0
8040,10446.67,0,69,1,340.94,0.18,0,1,0,2,0
8041,895.75,16,44,6,375.39,93.96,1,0,0,2,0
8042,913.02,3,47,2,998.32,23.06,0,0,2,2,0
8043,259.33,3,23,2,4652.53,64.26,0,0,0,5,0
8044,2824.06,21,42,3,1327.56,73.33,0,0,2,5,0
8045,2844.6,22,45,2,440.91,39.71,0,0,2,3,0
8046,2414.08,8,39,3,360.42,78.09,0,0,1,3,0
8047,584.51,20,21,3,341.2,57.35,1,0,1,2,0
8048,540.93,9,32,3,4152.86,22.3,0,1,2,5,1
8049,300.93,18,43,2,1380.63,84.68,0,0,0,3,0
8050,1192.58,18,35,5,924.61,50.54,0,0,0,3,0
8051,372.26,14,26,4,1663.72,8.73,1,0,0,3,0
8052,337.84,21,69,0,1170.04,74.1,0,0,2,5,0
8053,717.88,16,21,2,117.11,56.38,0,1,0,1,0
8054,672.39,6,65,3,290.05,16.75,0,0,2,2,0
8055,640.35,2,67,2,1678.06,92.25,0,0,0,3,1
8056,1748.38,4,22,4,3791.19,23.42,0,0,0,3,0
8057,1186.84,15,62,4,1944.27,40.23,0,0,4,2,0
8058,822.09,22,23,1,643.5,21.02,0,0,1,5,0
8059,1316.87,6,68,2,1011.82,64.43,0,0,1,4,0
8060,406.86,15,29,4,312.35,43.51,0,0,1,2,0
8061,1218.38,8,48,5,944.84,31.77,1,0,1,2,0
8062,1274.87,0,64,4,821.47,1.03,0,0,1,4,0
8063,243.95,2,26,2,671.58,46.72,1,0,1,4,0
8064,2968.15,7,24,3,1147.35,48.69,0,0,0,2,0
8065,454.21,17,46,2,760.24,10.0,0,0,1,3,0
8066,1200.28,23,31,2,68.8,20.2,0,0,0,4,0
8067,3513.65,23,68,3,411.56,105.51,0,0,0,1,0
8068,2767.44,17,37,4,388.2,39.83,0,0,0,1,0
8069,1134.94,23,65,1,591.43,28.55,0,0,0,2,0
8070,763.19,18,49,2,854.84,137.41,0,0,0,3,0
8071,2828.53,6,39,1,934.35,83.55,0,0,1,4,0
8072,2153.17,19,53,2,562.23,5.13,0,1,1,2,0
8073,590.89,5,61,2,607.14,97.92,0,0,0,4,0
8074,495.27,10,35,5,101.36,8.11,0,0,0,1,1
8075,138.05,4,57,5,1562.27,9.61,0,0,0,3,0
8076,1279.25,11,66,4,765.14,3.92,1,0,1,1,0
8077,1009.59,0,42,5,580.81,32.83,1,0,2,5,1
8078,3415.88,18,48,4,523.48,51.74,0,0,2,1,0
8079,1570.35,10,52,4,202.97,70.06,0,0,1,4,0
8080,4163.99,14,43,0,3227.31,1.35,0,0,1,5,0
8081,546.01,15,21,1,396.17,9.79,0,0,2,1,0
8082,3422.58,2,59,2,186.52,48.54,0,0,0,5,0
8083,646.18,10,65,3,577.13,37.28,0,0,0,1,0
8084,2386.53,10,37,2,683.49,2.64,1,0,1,3,0
8085,254.99,9,51,9,1638.32,136.98,0,0,2,1,0
8086,1387.33,1,29,2,592.65,71.05,0,0,1,1,0
8087,150.7,19,33,3,541.81,22.22,0,0,0,1,0
8088,839.55,4,59,6,360.42,38.44,0,0,1,3,0
8089,1703.35,22,22,7,200.83,23.44,0,0,0,3,1
8090,651.34,22,61,3,230.29,30.38,0,0,0,1,0
8091,383.59,7,52,4,1035.16,45.34,0,0,1,4,0
8092,2555.79,12,61,5,958.38,25.41,0,0,1,3,0
8093,988.84,14,44,1,1440.0,48.47,0,0,0,5,0
8094,672.11,1,18,1,580.14,31.29,0,0,0,5,0
8095,1143.55,11,51,3,2228.96,53.54,0,0,0,4,0
8096,15316.24,23,60,1,317.73,15.21,0,1,0,1,1
8097,3475.53,7,49,3,468.79,9.39,0,0,0,3,0
8098,3507.2,20,61,3,611.46,0.68,0,0,1,4,1
8099,1695.18,18,56,3,606.87,46.06,1,0,1,1,0
8100,1295.28,22,50,1,344.1,197.59,0,0,0,2,0
8101,99.87,0,48,4,300.45,27.27,0,0,0,5,0
8102,556.14,7,30,3,101.4,11.95,0,0,1,4,0
8103,678.19,9,62,2,2331.58,0.66,0,0,3,3,1
8104,168.19,12,19,0,673.9,35.95,0,0,0,2,0
8105,344.67,4,47,2,498.15,246.03,0,1,0,2,0
8106,151.28,21,27,2,352.56,206.06,0,0,1,2,0
8107,1055.4,8,40,3,715.85,5.34,0,0,0,1,0
8108,2486.83,9,50,1,585.59,84.75,0,0,1,5,0
8109,3316.86,13,56,2,2655.95,9.52,1,0,1,3,0
8110,1660.35,23,62,4,450.89,82.87,0,0,1,3,0
8111,418.47,10,46,2,517.31,96.05,0,0,1,1,0
8112,158.85,13,47,2,1225.63,0.39,1,0,0,4,0
8113,189.26,2,51,5,1130.52,13.54,0,0,1,1,0
8114,308.28,20,69,3,253.67,2.91,0,1,0,1,0
8115,450.85,15,56,4,1017.93,34.55,0,1,1,1,0
8116,934.72,19,34,1,1752.38,1.35,1,0,0,2,0
8117,397.75,16,39,7,2112.12,49.19,0,0,2,2,0
8118,1539.14,4,22,4,248.42,40.86,0,0,0,2,0
8119,869.33,6,28,1,647.92,23.85,1,0,1,1,0
8120,1108.26,16,39,6,278.33,30.98,0,0,0,2,0
8121,3429.78,19,49,4,1322.66,230.74,0,0,0,1,0
8122,336.89,21,41,3,752.55,9.18,0,1,1,5,0
8123,1666.87,10,28,4,1739.73,65.66,0,0,1,2,0
8124,1081.42,11,28,4,1020.27,51.83,0,0,0,4,0
8125,785.65,23,34,5,321.39,54.49,0,0,1,5,0
8126,2657.81,1,49,3,710.21,21.21,1,0,1,3,0
8127,2641.27,18,36,2,365.45,12.2,0,0,3,4,1
8128,425.6,4,44,3,281.78,52.61,1,0,0,4,0
8129,914.01,10,49,4,441.42,121.93,0,0,1,2,0
8130,1452.75,22,42,2,775.61,186.46,0,1,0,2,0
8131,834.63,18,45,7,306.76,32.78,0,0,0,1,0
8132,1968.49,6,57,2,733.77,27.72,0,1,0,3,0
8133,1452.72,20,69,4,226.08,21.46,0,0,1,4,1
8134,6853.82,21,44,3,145.43,83.03,0,1,0,2,0
8135,237.39,5,31,0,2773.48,14.75,0,0,2,4,0
8136,970.26,10,59,4,480.04,35.98,0,0,0,4,0
8137,442.08,13,56,2,565.76,21.16,0,0,1,1,0
8138,2006.42,3,19,2,496.49,104.25,0,0,1,5,1
8139,217.64,7,34,1,1000.07,16.61,0,1,0,1,0
8140,1550.47,8,18,2,757.3,58.0,0,0,1,4,0
8141,584.03,1,62,3,1356.93,44.43,0,0,1,5,0
8142,526.28,10,49,1,832.69,19.9,0,0,1,5,0
8143,258.14,19,36,1,653.37,14.7,0,0,1,3,0
8144,688.78,21,31,4,1493.1,81.43,0,0,0,2,0
8145,3243.8,6,48,3,493.7,35.72,0,0,0,5,0
8146,1069.36,3,35,4,637.06,47.27,0,0,1,5,0
8147,2054.28,23,69,2,543.72,163.62,1,0,0,2,0
8148,5794.37,13,31,2,1988.04,25.38,0,0,0,3,0
8149,1427.61,23,64,4,869.19,84.18,1,0,0,5,0
8150,627.16,0,31,1,701.19,50.91,0,0,1,3,0
8151,1749.79,23,41,4,116.55,45.01,0,0,1,3,0
8152,636.32,11,22,3,885.45,2.81,0,0,0,5,0
8153,662.21,18,33,3,1166.22,121.72,0,1,1,2,1
8154,239.87,4,22,1,1384.46,12.98,0,1,0,3,0
8155,2769.04,7,30,3,565.92,32.05,0,0,0,2,0
8156,745.46,10,33,2,1119.79,69.72,0,0,3,4,0
8157,1315.67,21,32,2,958.03,36.94,0,0,1,5,0
8158,389.18,3,48,4,131.18,0.22,0,0,0,1,0
8159,1695.86,14,22,4,1632.03,148.83,1,0,0,5,1
8160,511.86,19,38,4,583.7,1.03,0,0,0,2,0
8161,951.74,11,47,3,803.72,4.71,0,1,0,5,0
8162,2638.13,19,40,4,403.97,12.69,0,0,0,4,0
8163,2418.15,21,55,6,1163.42,45.68,0,0,3,3,0
8164,1072.74,22,46,2,888.96,177.26,0,0,0,1,0
8165,187.14,20,30,2,175.04,127.98,0,0,3,2,0
8166,21868.68,9,49,4,384.36,52.68,1,0,0,2,0
8167,6284.61,23,65,4,2067.2,67.68,1,0,1,1,0
8168,2258.99,15,59,1,1258.97,62.22,0,0,1,5,0
8169,516.36,22,44,1,510.82,58.07,0,0,1,1,0
8170,978.88,7,51,3,515.9,83.67,1,0,2,2,0
8171,636.88,19,62,2,327.24,20.77,1,0,1,5,0
8172,3881.03,7,66,8,342.0,12.5,0,1,1,2,1
8173,1425.82,5,50,3,781.16,21.36,0,0,2,2,0
8174,500.61,2,21,3,2471.49,2.49,0,0,1,4,0
8175,684.88,7,35,3,517.05,170.62,0,0,0,3,0
8176,3365.02,22,23,2,681.85,67.26,0,0,0,3,0
8177,5432.19,9,45,5,371.14,12.0,0,1,1,1,1
8178,5056.0,4,61,2,616.53,14.77,0,0,1,5,0
8179,2337.96,10,44,3,874.63,245.37,0,0,1,2,0
8180,851.82,3,43,7,3034.71,73.07,0,0,2,3,0
8181,42.88,16,37,4,1701.1,27.73,0,0,0,1,0
8182,1476.1,2,30,2,1700.75,11.57,0,1,0,5,0
8183,1094.63,17,45,1,462.81,2.06,0,0,1,5,0
8184,1261.41,7,51,1,320.06,55.33,0,0,2,5,0
8185,1157.36,23,66,4,665.39,75.7,1,0,0,1,0
8186,291.12,11,40,1,408.97,5.7,1,1,1,2,1
8187,1914.88,20,27,1,467.06,0.12,0,1,0,1,0
8188,2063.62,15,68,5,829.43,22.11,0,0,0,1,0
8189,2169.69,13,47,5,1110.96,55.05,0,0,0,4,0
8190,2825.89,20,39,3,1743.49,128.72,1,0,0,4,1
8191,2006.31,15,22,3,1003.56,105.82,0,0,0,5,0
8192,727.76,3,61,2,749.13,58.32,0,0,0,4,0
8193,1021.64,0,67,6,346.76,84.11,0,0,1,2,0
8194,1201.26,0,26,5,1752.27,21.99,0,0,2,2,0
8195,1221.33,21,60,1,1241.67,14.06,0,0,2,4,0
8196,2975.65,14,21,3,473.24,6.63,1,0,1,3,0
8197,2087.39,19,59,4,1312.44,10.02,0,0,2,5,0
8198,8754.68,19,18,3,727.39,164.75,0,0,1,5,0
8199,9961.36,2,51,3,1647.95,132.93,0,0,1,5,0
8200,1187.55,13,58,3,549.86,2.4,1,0,0,5,0
8201,23.65,8,43,0,566.01,31.74,1,0,1,2,0
8202,3777.56,18,35,3,186.89,23.37,1,0,1,2,0
8203,638.82,7,33,1,460.47,52.75,0,0,0,5,0
8204,492.02,1,40,0,2519.64,19.9,0,0,0,3,0
8205,736.24,3,63,4,5627.2,16.47,0,0,0,1,0
8206,701.6,0,53,4,950.56,82.82,0,0,3,5,0
8207,2022.86,10,43,3,448.39,146.98,0,0,0,2,0
8208,230.57,4,19,2,534.23,11.33,0,0,0,2,0
8209,373.26,1,61,3,640.39,13.41,0,0,0,1,0
8210,1545.59,12,69,1,510.68,27.16,0,0,0,1,0
8211,2044.57,16,22,1,1252.03,61.26,0,0,0,3,0
8212,2082.95,16,46,3,221.46,9.14,0,0,0,2,1
8213,499.18,17,21,3,682.27,31.55,0,1,0,1,1
8214,412.29,20,64,3,2880.56,91.9,1,0,1,2,0
8215,660.74,8,52,0,1534.54,13.33,0,0,0,3,0
8216,1393.92,5,39,3,3419.12,2.44,1,0,1,2,0
8217,4843.91,19,66,3,599.34,118.67,0,1,0,4,0
8218,141.54,2,25,1,398.72,77.45,0,0,1,1,0
8219,879.43,7,61,2,858.04,60.0,0,0,0,1,0
8220,289.26,2,38,3,361.3,4.57,1,0,0,3,0
8221,210.14,0,25,0,440.89,114.8,0,0,1,3,0
8222,2884.07,19,69,2,562.71,18.21,0,0,1,3,0
8223,1890.55,12,69,5,1775.81,11.88,0,0,2,1,0
8224,1718.89,20,22,2,1411.92,33.42,0,0,2,1,0
8225,2754.6,4,38,5,1004.0,128.07,1,1,0,4,1
8226,678.77,15,44,1,723.39,260.65,0,0,0,1,0
8227,711.49,20,55,5,2733.38,47.61,0,0,3,2,0
8228,9756.91,23,22,2,946.87,155.62,0,0,1,1,1
8229,856.99,15,38,2,319.63,30.2,0,0,2,1,0
8230,2287.31,23,25,4,764.99,1.51,0,0,0,3,0
8231,1103.65,11,39,1,313.65,16.12,0,1,0,1,0
8232,172.73,12,35,2,439.5,17.96,0,0,0,4,1
8233,141.94,3,21,3,2012.46,76.33,0,0,0,2,0
8234,614.63,8,21,6,852.6,6.63,0,0,0,4,0
8235,3152.97,15,54,4,729.65,9.61,0,0,0,5,1
8236,2412.19,0,32,2,824.54,47.63,0,1,0,2,0
8237,2735.52,4,55,1,627.58,7.0,0,0,0,5,1
8238,408.69,20,44,3,123.07,34.21,1,0,0,1,0
8239,5518.56,4,38,2,1205.3,1.78,0,0,0,3,0
8240,417.84,23,65,4,1140.58,55.26,0,1,0,4,0
8241,1356.72,18,63,3,770.51,119.5,0,1,0,2,1
8242,1085.34,8,63,4,383.68,103.93,0,0,2,2,0
8243,921.61,7,65,6,2769.05,3.82,1,1,0,3,0
8244,4182.2,18,21,0,454.76,44.7,0,0,2,4,0
8245,541.8,17,28,4,352.94,5.48,0,0,0,3,0
8246,284.4,14,36,4,722.58,2.75,0,0,0,5,0
8247,1118.78,3,36,6,1173.89,47.13,1,0,0,1,0
8248,735.22,14,44,3,991.9,42.49,1,0,1,5,0
8249,32124.78,12,57,5,1053.25,4.93,0,0,2,3,0
8250,2157.07,17,59,4,1723.66,22.3,0,0,1,2,0
8251,728.26,19,45,2,842.62,19.04,0,0,0,4,0
8252,381.42,4,22,5,1954.51,20.96,0,1,0,2,0
8253,167.29,17,65,3,995.24,20.26,0,1,3,3,0
8254,393.38,7,42,2,625.04,87.05,0,0,0,3,0
8255,1230.21,0,20,2,468.48,21.82,0,0,2,2,1
8256,4570.27,18,43,4,2026.4,20.06,0,0,0,2,0
8257,3366.7,22,27,2,1128.19,1.5,0,0,1,2,0
8258,1378.97,16,41,4,513.8,78.13,0,0,1,4,0
8259,793.8,1,46,4,471.16,53.92,0,0,0,1,0
8260,1434.85,18,62,0,294.34,20.88,1,0,0,1,0
8261,652.86,15,24,3,2593.91,30.06,0,0,1,3,0
8262,6114.17,17,61,7,979.87,79.01,0,0,0,4,0
8263,907.61,1,40,2,2162.56,21.1,0,0,0,2,0
8264,1005.92,5,63,5,3596.05,32.06,0,0,0,1,0
8265,119.6,6,44,5,2987.16,1.0,0,0,1,4,0
8266,901.96,5,59,2,482.72,125.25,0,0,0,2,0
8267,2531.29,5,26,4,6813.82,23.2,0,0,1,4,0
8268,377.01,8,61,5,1235.68,17.58,0,0,1,4,0
8269,517.64,7,20,4,264.18,46.97,0,0,1,5,0
8270,2422.88,23,30,5,818.69,37.4,0,0,0,4,0
8271,250.47,21,23,4,730.67,25.62,0,0,0,5,0
8272,3158.34,20,55,1,945.1,127.78,1,0,0,3,0
8273,644.1,8,38,1,851.83,22.55,0,0,1,4,0
8274,743.55,11,36,4,1104.73,321.07,0,0,2,1,0
8275,356.42,17,42,6,382.37,77.83,1,0,1,4,0
8276,1600.46,22,56,4,865.48,116.82,0,0,0,1,0
8277,12834.24,5,21,1,477.6,16.62,0,0,2,2,0
8278,2395.86,22,39,1,785.67,3.64,0,1,1,1,0
8279,462.07,3,22,2,586.24,27.17,0,1,1,3,0
8280,3413.93,6,18,2,482.45,18.8,0,0,1,4,0
8281,798.97,17,67,0,1226.44,3.13,0,0,1,5,0
8282,4335.04,19,34,3,1005.37,3.71,0,0,0,4,1
8283,2456.95,4,26,3,942.05,9.57,0,1,0,5,1
8284,57.79,17,26,2,471.06,23.72,0,0,1,5,0
8285,401.79,9,41,3,1066.02,136.85,1,0,0,4,0
8286,2819.7,7,27,2,651.93,53.61,1,0,1,1,1
8287,1276.22,0,37,4,481.25,25.41,0,0,3,2,0
8288,393.96,14,34,1,1493.86,80.32,1,0,0,1,0
8289,581.97,2,30,4,1288.09,42.02,0,0,0,1,0
8290,163.0,14,46,1,60.33,27.02,0,1,0,3,0
8291,1003.88,13,53,0,120.53,7.8,0,0,0,2,0
8292,10003.49,0,40,2,2339.61,130.89,0,0,0,1,0
8293,2452.67,20,44,1,245.21,48.89,0,0,1,2,1
8294,9802.74,7,35,3,232.88,28.92,0,0,1,5,0
8295,2650.22,6,35,2,593.46,28.84,1,1,0,4,0
8296,3064.01,8,26,3,821.9,72.42,1,0,1,4,0
8297,7895.74,17,20,2,451.58,9.89,0,0,0,4,0
8298,1599.21,11,24,0,57.89,27.02,0,0,0,2,0
8299,909.39,7,32,1,753.32,3.25,0,0,1,1,0
8300,3079.92,7,47,4,2811.93,4.16,1,0,2,2,0
8301,4693.06,5,26,1,221.27,37.36,0,0,0,4,1
8302,678.6,2,58,0,2487.11,23.97,0,1,0,1,0
8303,532.95,1,44,0,532.22,63.56,0,0,0,3,0
8304,1259.99,13,53,2,2772.04,216.12,0,0,1,4,1
8305,2518.7,7,35,2,1095.53,98.1,0,0,0,1,0
8306,2435.95,5,48,5,429.84,29.16,0,1,1,1,0
8307,263.97,3,34,1,1101.03,23.73,0,1,1,5,1
8308,7417.56,4,23,3,1899.6,43.98,0,0,1,3,0
8309,577.57,20,56,2,206.67,4.81,0,0,1,3,0
8310,841.29,12,42,4,726.33,219.75,0,0,1,5,1
8311,444.68,8,59,5,1522.54,198.15,0,1,1,1,1
8312,16290.36,12,59,5,505.53,128.17,0,0,1,3,0
8313,1396.98,8,55,0,232.14,54.27,1,0,0,3,0
8314,468.26,23,55,1,3425.26,34.97,0,0,0,2,0
8315,2601.71,23,48,2,156.82,61.33,0,0,1,1,0
8316,2366.43,15,68,5,517.21,18.87,0,0,2,5,0
8317,908.93,11,46,3,627.86,95.6,1,1,0,4,0
8318,2541.75,1,57,1,3551.77,7.23,1,0,0,5,0
8319,480.44,18,26,4,112.17,81.35,0,1,0,2,1
8320,669.87,15,18,3,657.05,101.05,0,0,0,2,0
8321,146.9,23,33,4,399.37,9.33,1,0,1,4,0
8322,291.79,12,55,2,397.39,32.56,0,0,0,1,0
8323,6685.06,4,40,1,2324.94,111.12,0,0,0,3,0
8324,5661.41,22,25,3,305.54,160.07,1,0,0,5,1
8325,1171.21,23,64,6,243.33,83.4,0,0,0,5,1
8326,5784.47,5,29,2,259.5,141.44,0,0,0,4,1
8327,934.42,20,27,5,758.59,138.23,1,0,1,1,0
8328,859.71,23,33,1,651.92,194.91,0,0,2,1,0
8329,1160.39,16,64,4,536.89,26.67,0,0,1,3,0
8330,967.85,16,60,3,434.24,16.91,0,0,0,5,0
8331,884.31,16,41,2,2072.98,50.11,1,0,2,5,0
8332,3440.59,2,56,5,137.62,10.47,0,0,0,4,0
8333,1274.28,12,25,2,1751.46,40.71,0,0,1,5,0
8334,2236.08,11,28,2,217.17,43.29,0,0,1,1,0
8335,3075.99,5,58,4,1570.52,82.11,0,0,0,1,0
8336,1616.77,21,43,5,1271.82,22.45,1,0,0,3,0
8337,415.6,20,24,1,1101.84,46.04,0,0,0,4,0
8338,283.48,12,32,0,618.61,116.79,0,0,1,5,0
8339,1272.55,13,32,3,471.91,27.39,0,0,0,3,0
8340,924.03,6,65,6,774.03,42.4,0,0,2,1,0
8341,1196.78,4,20,0,1637.11,77.41,0,0,2,1,0
8342,1079.17,13,33,7,515.64,14.36,1,0,0,3,0
8343,14524.23,17,32,2,441.45,5.46,0,0,0,2,0
8344,289.97,3,42,3,642.7,57.25,0,0,1,2,0
8345,149.91,0,50,3,540.36,23.14,0,0,0,4,0
8346,1529.01,6,31,5,583.81,24.03,0,1,4,1,0
8347,752.63,19,41,2,2501.24,133.03,0,0,0,3,0
8348,1504.28,12,28,4,358.55,26.2,0,1,1,2,0
8349,1966.25,3,20,1,1824.46,153.61,0,0,0,4,0
8350,3960.42,12,26,4,1392.77,5.62,0,0,2,1,0
8351,242.93,3,23,1,209.96,21.0,1,1,1,3,0
8352,628.47,2,48,3,375.87,59.04,0,1,0,4,0
8353,1683.72,7,33,4,638.86,6.73,0,0,1,5,0
8354,2369.57,19,28,4,634.07,24.47,0,0,1,5,0
8355,9832.51,7,67,5,434.21,95.44,0,0,1,4,0
8356,2851.8,16,34,3,1496.07,71.72,1,0,2,2,0
8357,1036.09,14,66,2,782.19,16.57,0,0,2,4,0
8358,450.14,3,20,5,704.72,22.04,0,1,0,2,1
8359,623.73,5,36,3,1875.95,35.17,1,0,2,2,0
8360,606.25,23,41,1,371.93,65.71,0,0,1,3,0
8361,2111.67,21,64,3,419.24,8.24,0,1,2,1,0
8362,1417.99,5,59,2,487.12,37.5,0,1,0,3,0
8363,291.88,9,25,0,217.68,3.81,1,0,0,1,0
8364,709.17,3,66,2,653.53,25.36,1,0,1,1,1
8365,2637.4,8,53,5,1096.53,10.6,0,0,2,3,0
8366,1558.79,15,57,7,241.55,18.48,1,0,0,1,0
8367,1936.51,6,19,0,287.39,20.13,0,1,1,2,1
8368,1608.28,13,40,4,687.33,73.51,0,0,1,5,0
8369,5577.14,5,57,5,874.93,15.41,0,0,1,2,0
8370,1388.59,0,47,4,545.43,54.5,0,0,0,4,1
8371,745.44,17,42,3,485.93,38.1,0,0,0,1,0
8372,438.89,11,24,5,1957.71,81.54,1,0,2,3,0
8373,1407.56,21,45,3,417.61,19.4,0,0,1,5,0
8374,95.52,14,58,4,2231.6,261.6,1,0,2,3,0
8375,912.06,0,67,5,423.63,17.53,0,0,1,1,0
8376,892.62,14,34,4,1006.6,43.32,1,0,0,5,0
8377,280.21,14,49,6,415.46,50.01,0,0,1,1,0
8378,433.43,15,18,4,471.75,38.63,0,0,1,1,0
8379,2464.29,20,44,2,400.45,97.89,0,0,2,1,0
8380,1381.21,0,61,1,1191.26,5.99,1,0,0,4,0
8381,1214.14,2,53,5,2449.86,45.47,1,0,1,5,1
8382,1489.73,11,66,3,722.33,35.29,1,0,1,4,0
8383,1203.06,6,24,1,287.76,27.0,0,0,0,2,0
8384,3800.4,4,20,5,1099.08,21.25,0,0,0,4,0
8385,1240.7,0,47,3,2165.97,8.3,0,0,1,2,0
8386,255.13,0,18,8,1335.77,52.49,0,0,1,5,0
8387,5597.81,14,68,2,219.99,6.26,0,0,0,3,0
8388,1588.17,7,51,3,408.27,88.39,0,0,3,5,0
8389,608.35,10,55,4,346.7,29.69,0,0,0,2,0
8390,313.12,13,60,0,697.33,46.5,1,1,1,5,0
8391,1629.31,22,53,6,1053.03,4.05,1,0,1,5,0
8392,975.38,12,50,6,1622.94,4.9,0,0,0,4,0
8393,5293.03,18,60,2,916.71,13.45,0,0,0,1,0
8394,775.95,11,33,2,2234.52,75.65,0,0,0,1,0
8395,474.67,21,55,3,2920.08,33.26,1,0,0,1,0
8396,2685.97,18,28,1,2096.97,18.62,1,0,0,4,1
8397,2766.34,3,25,1,387.87,94.68,0,0,0,4,0
8398,1298.09,3,69,2,1162.22,10.65,0,0,0,2,0
8399,2156.75,2,18,2,1032.76,15.02,1,0,0,2,0
8400,1056.07,5,31,4,3027.33,74.97,1,0,0,1,0
8401,1385.57,4,47,4,8184.69,1.37,1,0,1,1,0
8402,3515.69,10,38,3,492.66,12.44,0,0,1,4,0
8403,2049.43,8,38,1,804.63,36.84,0,0,2,5,0
8404,925.86,2,51,4,748.86,123.28,1,0,2,4,0
8405,4240.19,8,55,4,1804.22,15.45,0,0,0,3,0
8406,103.04,11,43,1,628.41,11.98,0,0,0,1,0
8407,8536.22,2,58,4,1209.42,184.28,0,0,0,4,0
8408,199.15,19,31,5,718.22,37.17,0,0,2,2,0
8409,585.76,16,57,1,208.36,3.23,1,1,1,4,1
8410,1052.67,20,52,3,687.53,16.18,1,0,1,3,0
8411,947.21,11,59,3,829.39,38.14,0,0,0,3,0
8412,3000.13,17,35,4,873.07,3.74,0,0,0,1,0
8413,380.76,3,37,3,1620.76,58.97,0,0,0,1,0
8414,1423.35,9,26,1,509.96,36.96,0,0,1,3,0
8415,615.1,17,58,3,306.62,61.85,0,0,1,2,0
8416,1473.12,7,68,3,2231.01,20.91,0,0,3,5,1
8417,1027.85,8,62,2,496.19,27.23,0,0,0,2,0
8418,1203.44,18,50,3,836.21,131.65,0,0,0,1,0
8419,632.75,12,66,2,756.88,11.83,0,0,0,1,0
8420,658.48,5,21,5,212.39,2.02,0,0,1,4,0
8421,1461.58,21,21,1,2321.05,201.46,0,0,2,5,0
8422,2817.81,6,65,2,913.53,0.37,1,1,1,5,0
8423,602.88,20,33,4,1183.06,109.57,0,1,1,2,0
8424,460.0,5,64,3,1988.53,87.43,1,0,1,2,0
8425,2025.27,10,43,2,650.09,33.44,1,0,0,4,0
8426,1061.56,16,23,4,1170.34,61.1,0,1,3,1,1
8427,2516.18,18,54,3,835.9,5.55,0,0,1,2,0
8428,443.28,11,39,2,1375.56,72.13,1,0,0,4,0
8429,185.04,20,59,4,544.15,76.57,0,0,1,3,0
8430,643.55,20,56,5,2580.52,2.64,1,0,1,3,0
8431,509.61,23,24,2,295.13,34.38,0,0,0,4,0
8432,1013.55,12,59,1,2207.14,147.97,1,0,0,3,0
8433,580.07,17,47,5,2358.22,150.94,0,1,1,3,0
8434,2300.81,6,27,4,941.17,208.39,0,0,0,3,0
8435,822.09,22,32,1,692.44,53.45,0,0,0,1,0
8436,1274.71,4,23,2,2192.42,7.61,1,0,2,4,0
8437,1283.87,15,41,5,1553.48,26.63,1,0,1,5,0
8438,1332.69,21,19,3,376.02,64.9,0,0,0,1,0
8439,1070.49,3,57,4,1137.9,16.69,0,1,0,2,0
8440,1827.31,22,69,2,599.4,83.07,1,1,0,3,0
8441,494.89,0,32,2,1030.0,98.79,0,1,1,3,0
8442,4444.48,3,38,3,1181.87,72.1,1,0,0,1,0
8443,865.63,2,35,2,384.43,20.94,1,0,0,3,0
8444,295.44,3,22,3,236.59,67.64,0,0,0,2,0
8445,1323.55,0,42,4,458.6,3.75,0,0,1,2,0
8446,468.16,11,53,3,1982.08,20.41,1,0,0,3,0
8447,2133.11,12,27,1,808.06,72.54,0,0,0,5,0
8448,9992.65,1,68,4,2022.52,79.19,1,0,3,4,0
8449,499.41,8,63,10,2993.85,19.19,0,0,0,3,0
8450,1529.0,6,40,1,812.44,161.34,0,0,0,1,0
8451,189.52,12,41,0,1080.18,15.96,1,0,1,4,0
8452,1726.59,21,62,5,1433.4,53.94,1,0,3,4,0
8453,452.27,1,27,2,143.33,105.58,0,0,1,2,0
8454,587.08,0,23,3,436.06,40.08,1,0,1,3,0
8455,364.57,17,30,3,705.0,26.59,0,0,1,1,0
8456,2280.5,6,38,5,1751.3,11.88,0,0,0,1,0
8457,3002.81,17,49,3,227.77,10.94,0,1,1,4,0
8458,1122.58,18,60,3,1333.65,8.65,0,1,1,4,0
8459,462.0,7,32,4,479.51,29.26,0,0,2,1,0
8460,5375.05,22,19,4,1128.36,39.69,0,0,1,3,0
8461,517.8,11,32,5,539.26,91.33,1,0,1,3,0
8462,126.21,10,68,7,591.12,12.25,1,0,0,3,0
8463,1734.35,8,34,1,493.5,70.37,0,0,2,4,0
8464,363.3,3,37,3,541.64,59.23,0,0,3,5,1
8465,2947.19,6,67,3,1932.19,50.33,0,0,0,5,0
8466,749.09,16,23,5,318.57,20.73,1,1,2,3,0
8467,2005.63,10,32,3,239.38,19.14,0,0,0,4,0
8468,4453.74,1,34,3,281.65,71.14,0,0,0,4,1
8469,327.39,22,43,4,477.36,16.05,0,0,0,4,0
8470,622.7,17,39,5,659.66,20.0,0,0,2,4,1
8471,1016.71,21,26,2,833.99,167.9,0,0,0,5,0
8472,5102.83,11,29,3,662.41,323.94,1,0,1,5,1
8473,567.71,8,39,2,438.57,0.09,0,0,0,3,0
8474,605.16,10,40,5,3491.65,58.04,0,0,1,4,0
8475,1768.95,4,54,3,1178.01,38.34,1,0,2,5,1
8476,615.71,6,31,5,393.58,30.83,0,1,2,2,0
8477,1277.33,0,41,4,720.4,16.12,0,0,1,1,0
8478,232.4,23,25,4,1720.85,35.38,0,0,0,2,0
8479,10039.98,4,43,4,468.22,30.49,0,0,0,2,0
8480,284.94,5,49,1,608.25,25.65,0,0,0,2,0
8481,794.92,12,45,4,514.15,94.79,0,0,1,2,0
8482,1061.59,10,49,8,1811.53,15.78,0,0,0,2,0
8483,7425.6,7,39,4,1017.27,45.5,0,0,0,5,1
8484,291.53,19,66,4,429.77,99.83,1,0,0,3,0
8485,7972.11,1,26,4,4029.78,193.17,0,0,1,1,0
8486,2338.29,14,20,5,328.14,46.16,0,0,1,5,0
8487,1664.19,9,42,3,715.5,36.7,0,0,0,3,0
8488,409.68,7,56,2,1904.06,91.79,0,0,1,2,0
8489,1941.35,1,29,4,661.4,10.44,0,0,1,2,1
8490,531.93,20,46,2,559.97,49.71,1,0,1,5,0
8491,3891.93,14,20,4,1031.13,3.32,0,0,1,5,0
8492,415.27,5,58,2,829.75,53.94,1,0,2,3,0
8493,979.3,4,63,4,375.41,79.44,0,0,2,2,1
8494,629.37,21,40,4,1282.0,3.25,1,0,0,1,0
8495,408.49,21,40,4,376.68,94.33,0,0,0,5,1
8496,2301.51,2,35,0,240.39,6.58,0,1,0,3,0
8497,1873.3,10,28,6,860.84,9.67,0,0,1,1,0
8498,3673.9,10,53,3,367.84,90.52,0,0,0,1,0
8499,184.96,15,43,1,761.19,6.66,0,1,0,1,0
8500,3178.52,2,25,2,1011.16,56.02,0,0,1,5,0
8501,13432.72,8,45,0,864.9,17.46,0,0,0,3,1
8502,698.1,2,35,3,9107.16,14.28,0,0,1,2,1
8503,7296.49,18,30,3,2417.25,52.51,0,0,0,2,0
8504,842.89,10,53,3,1173.12,5.65,0,0,1,3,0
8505,277.99,13,59,1,1120.37,42.74,0,0,0,5,0
8506,807.84,1,57,4,1444.61,129.2,0,0,1,5,0
8507,3128.17,6,61,3,756.84,95.33,0,0,0,1,0
8508,474.29,9,68,5,705.3,95.23,0,0,0,3,0
8509,601.64,9,29,1,728.18,18.04,0,0,0,5,1
8510,1985.33,19,39,1,520.68,60.41,1,0,0,1,0
8511,1099.99,0,19,4,3845.57,75.73,0,0,1,4,0
8512,1967.7,5,57,3,339.77,115.84,1,0,2,2,0
8513,1391.07,20,45,3,1649.5,15.34,1,0,1,2,0
8514,1771.58,13,30,3,1462.92,71.54,0,0,0,4,1
8515,711.73,1,50,5,1332.43,13.22,0,1,0,4,1
8516,1382.61,5,20,5,802.95,1.41,0,0,0,2,0
8517,433.82,0,51,4,375.83,32.87,0,0,2,5,1
8518,3977.6,2,40,4,1105.63,72.6,1,0,0,2,1
8519,581.57,3,49,3,1105.41,12.06,0,1,1,5,1
8520,3390.89,12,37,1,5104.04,2.49,1,0,0,2,0
8521,868.17,2,45,4,1304.75,23.4,0,0,2,1,1
8522,1342.11,14,25,3,978.41,11.34,0,1,0,5,1
8523,668.5,12,20,1,787.96,24.07,0,0,1,1,0
8524,397.03,21,47,5,567.07,126.81,0,0,0,1,0
8525,191.57,10,42,2,959.14,68.11,0,0,0,1,0
8526,381.72,3,47,5,1275.84,23.34,0,0,1,1,0
8527,793.21,16,46,3,423.86,19.66,1,0,4,2,1
8528,1355.44,4,64,5,532.93,127.04,0,0,1,4,0
8529,3012.06,20,47,3,383.81,109.84,1,0,1,3,1
8530,702.22,23,51,2,1143.66,46.33,0,0,1,1,0
8531,453.97,7,42,1,1904.24,22.13,0,0,1,2,0
8532,259.12,20,34,4,88.84,78.59,0,0,0,3,0
8533,1772.35,23,41,3,597.31,54.49,1,0,3,2,0
8534,4372.96,9,55,1,3255.17,41.58,0,0,0,1,0
8535,3890.65,6,45,5,1405.78,67.08,0,0,0,2,0
8536,2230.39,16,50,4,1057.4,7.22,0,0,1,3,0
8537,2076.72,6,53,3,298.06,133.07,0,0,1,4,0
8538,5988.66,23,68,3,1560.88,180.45,0,1,2,1,0
8539,1528.56,18,24,2,733.25,21.88,0,0,0,1,0
8540,2092.53,8,40,3,1422.34,146.68,0,0,0,1,0
8541,795.7,23,63,5,4671.17,79.44,1,1,1,2,1
8542,280.89,1,43,1,270.61,141.54,1,0,0,5,0
8543,553.44,21,31,4,2459.14,124.72,0,0,2,1,0
8544,1086.63,19,59,4,610.33,11.21,0,0,0,1,0
8545,1165.36,18,45,2,2085.59,15.06,0,1,0,2,0
8546,7527.26,5,41,3,479.32,15.1,0,0,1,2,0
8547,1189.49,9,24,3,350.68,4.95,0,0,1,1,0
8548,3564.73,12,65,4,1402.96,25.35,1,0,0,5,1
8549,709.76,1,53,1,203.08,22.52,0,0,0,2,0
8550,802.98,9,56,1,415.16,21.08,0,0,2,2,0
8551,290.32,9,32,0,415.8,21.46,1,0,0,1,0
8552,522.0,4,66,3,445.45,3.2,0,0,0,5,0
8553,1857.49,21,20,1,1258.05,10.29,0,1,0,3,0
8554,1104.96,3,65,5,1164.86,17.54,0,0,0,3,0
8555,2815.62,22,19,7,699.13,109.9,0,1,2,1,0
8556,1314.56,1,24,5,410.37,130.54,0,0,0,5,0
8557,770.89,6,33,5,664.41,16.79,0,0,1,5,1
8558,9398.42,17,38,2,270.93,59.23,0,0,1,2,0
8559,998.34,16,26,5,269.63,95.06,0,0,1,1,0
8560,3508.7,10,29,1,419.69,35.28,0,1,1,3,0
8561,734.21,20,46,2,232.11,70.44,0,0,1,2,0
8562,2229.65,17,41,3,825.42,186.21,0,0,0,1,0
8563,2773.92,7,50,1,1186.5,8.85,0,1,1,2,0
8564,1350.85,11,31,1,744.32,3.65,0,0,0,1,0
8565,104.12,23,60,3,303.3,51.09,1,0,3,2,0
8566,1116.83,0,35,5,510.31,35.51,0,0,1,2,0
8567,3753.56,19,22,2,1539.43,17.59,0,0,2,5,0
8568,1858.42,20,32,5,1882.06,124.2,1,0,0,4,1
8569,1712.72,11,24,3,280.16,93.48,0,0,0,1,0
8570,195.93,5,42,2,1050.22,15.35,0,0,0,5,0
8571,533.55,2,31,3,381.45,74.4,1,0,0,1,0
8572,1654.67,4,69,7,1899.46,88.13,0,0,1,5,1
8573,1653.06,13,57,4,1984.23,19.68,0,0,1,3,0
8574,3694.74,11,53,5,100.45,5.22,1,0,1,5,0
8575,948.74,12,52,2,346.78,95.0,0,0,1,3,0
8576,1645.54,12,61,3,1028.0,5.09,0,1,0,3,0
8577,1114.74,16,67,2,123.74,32.56,0,1,1,2,0
8578,408.73,23,41,5,2386.02,10.81,1,0,1,4,0
8579,114.92,14,32,3,1007.73,131.18,1,0,0,1,0
8580,1687.51,5,28,3,210.93,5.67,1,0,0,3,0
8581,1304.99,11,41,3,1618.12,6.22,0,0,0,1,0
8582,591.01,1,28,1,1628.24,60.49,0,0,0,2,0
8583,217.2,3,61,4,1155.82,11.51,0,1,3,4,1
8584,2058.51,19,68,7,1029.22,7.1,0,0,1,2,0
8585,840.57,20,34,2,1429.55,9.21,0,0,0,4,0
8586,1913.85,11,23,3,296.66,45.3,1,1,0,3,0
8587,7073.06,2,38,1,825.26,12.59,0,0,1,5,0
8588,128.84,16,25,5,371.33,23.68,0,0,1,4,0
8589,544.79,5,32,3,1728.7,94.77,1,0,0,2,0
8590,889.47,23,69,3,684.17,9.66,0,1,1,1,0
8591,4697.69,16,49,5,114.16,87.51,0,0,0,3,1
8592,213.49,16,27,2,204.93,74.67,0,0,1,4,0
8593,7599.68,10,45,3,656.23,88.94,0,0,2,3,0
8594,1256.21,22,32,2,430.99,21.31,1,0,0,3,0
8595,996.25,6,29,5,445.22,31.97,0,0,0,4,0
8596,899.59,1,60,1,364.51,61.38,0,0,2,1,0
8597,708.92,18,35,4,341.94,1.91,0,0,1,3,0
8598,3127.9,1,54,2,896.23,54.5,0,0,0,3,0
8599,376.71,21,61,1,1213.01,6.4,1,0,0,2,0
8600,1549.08,12,41,0,821.32,16.99,1,0,0,3,0
8601,746.82,23,54,0,1131.6,82.98,0,0,0,3,0
8602,511.77,23,46,5,699.58,50.45,0,1,1,3,0
8603,14559.15,15,27,2,193.16,48.62,0,1,0,3,0
8604,1667.45,16,31,7,2203.4,12.87,0,0,1,1,0
8605,2024.88,10,33,1,2091.2,55.11,1,0,0,5,0
8606,3421.3,8,54,1,1095.11,7.06,0,1,1,5,0
8607,264.71,23,28,2,248.18,167.33,0,0,0,5,0
8608,6325.17,8,68,3,204.58,14.56,0,0,1,3,0
8609,89.21,13,43,5,369.36,87.65,0,0,0,5,0
8610,508.38,12,57,0,3718.75,126.38,1,0,1,1,0
8611,692.96,10,36,4,896.57,9.42,0,0,0,2,0
8612,1962.01,11,69,2,676.35,0.49,0,1,1,4,0
8613,1364.74,21,35,2,735.61,103.69,0,0,0,3,0
8614,928.14,2,47,8,487.53,72.19,0,0,1,3,0
8615,1083.56,0,49,0,634.14,8.38,1,1,1,3,0
8616,412.39,7,40,4,718.03,88.71,0,0,0,2,0
8617,245.37,18,29,0,419.49,83.16,0,0,0,2,0
8618,2267.68,12,30,5,252.41,30.93,0,0,3,5,0
8619,2194.49,6,38,3,725.58,146.71,0,0,1,4,0
8620,5348.09,12,38,2,359.8,43.63,0,1,1,1,0
8621,497.69,5,46,2,1579.63,29.25,0,0,2,4,0
8622,2192.54,2,46,1,985.66,0.67,1,0,0,1,0
8623,825.75,5,67,0,611.33,152.64,0,0,0,4,0
8624,3606.43,2,44,0,374.83,6.87,0,1,0,4,0
8625,3047.15,12,46,2,1147.22,17.56,1,0,2,4,0
8626,1354.53,12,32,1,1184.89,65.36,0,0,0,2,0
8627,780.92,12,64,2,461.65,0.27,0,0,0,2,0
8628,2866.74,0,29,2,885.2,39.11,0,0,1,4,0
8629,2094.15,7,58,1,334.82,8.65,0,0,2,3,0
8630,553.11,4,36,5,758.69,1.14,1,1,0,4,0
8631,290.67,19,29,1,345.73,51.31,0,0,0,5,0
8632,821.78,16,40,2,449.76,46.19,0,0,2,5,0
8633,4991.11,8,22,3,1326.85,66.27,1,0,1,3,0
8634,3451.23,12,43,4,1711.5,48.15,0,0,0,4,0
8635,360.57,12,69,2,218.5,29.17,0,0,1,3,0
8636,341.12,4,27,5,588.1,32.56,1,0,1,2,0
8637,3923.28,13,39,2,1143.86,12.43,0,0,0,3,0
8638,352.26,10,56,3,288.68,4.37,0,0,0,3,0
8639,1824.93,13,40,1,484.16,98.61,0,0,1,5,0
8640,592.25,6,28,1,1029.5,58.77,1,1,0,5,0
8641,5525.04,23,45,1,432.19,6.56,0,1,0,1,1
8642,507.54,16,48,2,229.55,15.34,0,0,0,1,0
8643,3440.46,3,25,2,508.84,99.47,0,0,1,2,0
8644,1319.3,9,56,5,561.76,160.73,0,0,1,3,1
8645,1411.2,9,65,4,2311.47,78.31,0,0,1,5,0
8646,152.89,14,45,2,4375.06,42.19,0,0,1,3,0
8647,121.16,19,33,5,870.29,101.68,0,0,2,1,0
8648,879.57,11,63,3,717.65,49.28,0,0,1,3,0
8649,1403.75,8,64,6,273.49,60.1,0,1,1,3,0
8650,355.95,2,69,0,217.65,87.71,0,0,2,5,0
8651,369.19,14,48,3,1684.78,21.85,0,1,0,3,0
8652,1922.67,11,58,1,204.91,76.75,0,0,0,5,1
8653,1925.33,14,65,3,1128.26,11.59,0,0,0,1,0
8654,955.52,0,33,3,4487.32,10.8,1,0,2,4,1
8655,2392.76,14,22,4,293.67,83.39,0,1,0,1,1
8656,338.93,10,52,2,143.58,41.48,0,0,1,3,0
8657,768.21,4,42,3,976.64,26.71,0,0,1,1,0
8658,5698.04,6,30,4,1860.28,37.06,1,0,1,4,0
8659,1174.18,11,46,2,301.21,190.65,0,1,0,3,0
8660,1244.28,19,44,2,1432.95,112.3,0,0,1,3,0
8661,11003.26,5,57,4,1804.51,35.42,0,0,1,3,1
8662,270.6,21,34,3,903.05,39.61,0,0,1,5,0
8663,2431.91,2,54,3,483.85,47.63,0,0,1,3,0
8664,5790.57,9,55,4,1268.97,78.23,0,0,1,3,0
8665,792.46,20,46,1,438.12,103.5,0,0,0,3,0
8666,2590.56,21,51,3,641.54,7.92,0,0,1,3,0
8667,410.75,3,47,4,497.07,49.47,0,0,0,3,0
8668,551.85,12,48,2,832.81,12.89,0,0,1,3,0
8669,1611.57,18,39,1,765.85,48.61,0,0,1,3,0
8670,2437.11,4,63,4,651.54,9.4,0,0,1,2,0
8671,3364.17,22,42,3,548.03,82.5,0,0,2,2,1
8672,5269.17,21,21,4,1070.61,54.08,1,0,0,1,0
8673,1025.11,17,52,1,371.1,100.49,0,0,0,1,0
8674,3617.77,0,58,5,347.63,144.51,1,0,0,3,0
8675,778.75,20,67,3,1650.37,135.85,0,0,1,3,0
8676,2702.93,20,61,3,1399.26,7.84,1,0,0,3,0
8677,1349.5,15,26,3,382.32,23.65,0,0,0,1,0
8678,1712.45,15,43,3,363.66,32.99,0,0,1,5,0
8679,1674.9,15,44,4,380.42,77.78,0,0,1,1,0
8680,220.37,21,44,2,151.91,0.75,0,1,1,3,0
8681,356.34,18,35,2,1416.2,129.81,0,0,2,4,1
8682,1215.05,15,47,4,887.8,26.15,0,0,1,2,0
8683,202.9,0,62,2,324.45,49.86,0,0,0,4,1
8684,2517.98,19,63,3,1171.54,197.16,0,1,2,1,0
8685,2621.64,19,48,4,1349.53,107.13,0,1,0,5,0
8686,1521.07,9,59,3,639.0,22.49,0,0,0,4,0
8687,357.4,1,20,4,955.06,33.13,1,0,1,4,0
8688,4359.61,13,46,1,938.9,73.47,0,0,0,2,0
8689,8410.28,7,24,3,657.48,68.04,1,0,0,1,0
8690,1270.39,5,35,6,680.99,61.01,0,0,0,5,0
8691,1827.19,2,33,3,891.34,0.54,0,0,3,1,0
8692,1341.76,15,66,2,784.85,11.1,0,0,1,1,0
8693,1863.79,16,49,2,467.52,12.53,0,0,1,5,0
8694,973.06,11,55,2,427.88,14.43,0,0,0,2,0
8695,1059.38,18,42,2,2386.59,5.06,0,0,1,3,0
8696,2712.75,23,61,3,492.33,82.15,0,0,1,4,0
8697,11448.62,19,49,1,238.68,20.87,1,1,0,1,0
8698,270.41,2,36,1,1707.96,74.71,0,1,0,5,0
8699,988.5,12,20,4,642.89,134.06,0,0,0,3,0
8700,336.82,15,52,2,626.58,18.77,0,0,3,1,0
8701,5388.51,10,67,4,635.76,30.24,0,0,1,4,1
8702,609.27,19,46,5,1816.08,4.58,0,1,0,4,0
8703,258.99,15,28,6,305.34,17.47,1,0,0,1,0
8704,2075.98,19,23,2,1601.0,39.51,0,0,0,1,0
8705,6274.89,1,36,0,867.55,9.93,0,0,1,3,0
8706,2129.4,3,54,3,1387.64,38.5,0,1,1,4,1
8707,1345.87,3,62,3,462.5,18.76,0,0,1,5,0
8708,1651.01,16,44,2,5689.24,230.5,0,1,1,1,0
8709,4513.56,0,22,5,608.4,23.56,0,0,1,5,0
8710,457.51,0,43,3,633.0,1.99,0,0,2,3,0
8711,980.59,4,52,1,321.18,32.02,1,0,0,1,0
8712,697.37,21,36,2,600.35,20.32,0,0,1,2,0
8713,341.09,11,34,1,334.41,23.1,0,0,0,2,0
8714,789.68,5,52,6,3757.61,23.14,0,1,0,5,0
8715,3320.0,5,64,3,157.83,106.5,0,1,0,1,1
8716,1932.56,16,66,5,103.87,34.48,1,0,1,5,0
8717,2088.73,21,30,5,425.45,14.57,0,0,0,4,0
8718,1269.62,12,31,6,891.98,78.63,0,0,2,3,0
8719,1850.71,7,47,5,1968.51,29.3,1,0,1,1,0
8720,492.46,23,65,1,741.45,7.85,0,0,1,2,0
8721,804.72,11,60,1,509.79,325.06,0,1,1,5,0
8722,1328.76,14,34,2,668.84,1.39,0,0,1,2,0
8723,1447.39,18,54,4,1233.86,61.76,0,0,0,5,0
8724,1510.49,20,32,3,260.93,94.05,1,0,0,2,1
8725,954.96,19,35,5,1462.85,21.83,0,0,1,3,0
8726,751.88,16,65,2,149.85,8.56,0,0,2,1,0
8727,25790.75,8,31,1,546.78,28.68,0,1,1,4,0
8728,2715.65,20,31,4,614.68,32.94,0,0,1,3,0
8729,1657.64,17,62,0,212.35,406.18,0,1,0,4,0
8730,868.52,1,50,3,683.57,0.98,0,0,0,5,0
8731,698.39,10,55,3,468.53,53.34,1,0,0,3,0
8732,962.18,22,28,2,807.64,81.6,0,0,3,4,0
8733,1469.72,19,28,4,837.7,48.1,1,1,1,4,0
8734,167.26,16,65,6,895.57,49.7,0,0,1,2,0
8735,228.29,20,43,2,443.18,104.1,1,0,0,5,0
8736,580.05,17,20,4,751.04,41.64,0,0,2,5,0
8737,1349.03,14,42,2,1753.27,106.68,0,0,1,2,0
8738,863.27,6,34,5,1258.34,11.8,0,0,1,5,1
8739,4808.41,15,39,1,847.6,36.3,0,1,0,3,0
8740,249.04,0,46,2,307.01,1.71,1,1,2,5,0
8741,517.32,17,63,4,83.64,81.35,0,0,1,2,0
8742,5014.51,21,43,3,135.64,75.09,0,0,1,1,0
8743,1250.28,7,51,0,1109.41,38.72,0,0,0,1,0
8744,2656.71,6,43,3,349.98,25.19,1,0,0,2,0
8745,8529.17,1,26,2,238.94,23.11,0,0,0,3,0
8746,547.96,11,57,4,394.01,11.23,0,0,1,4,0
8747,992.96,15,28,1,596.44,27.92,0,0,1,4,0
8748,835.12,8,24,3,711.51,18.11,0,0,0,2,0
8749,155.31,19,47,4,369.92,43.1,1,0,0,1,0
8750,804.0,10,19,1,1382.91,77.2,0,0,1,3,0
8751,2646.68,14,47,1,558.53,59.23,0,0,0,4,0
8752,1882.94,2,21,6,543.5,36.07,1,0,1,5,0
8753,2036.69,22,31,3,317.45,148.41,0,0,1,5,0
8754,753.32,20,30,2,3162.93,10.99,0,0,1,1,0
8755,569.01,12,42,6,582.9,51.08,0,0,0,1,0
8756,3902.04,20,30,2,1027.0,4.61,0,1,1,3,1
8757,666.93,12,30,1,763.93,55.89,0,1,2,1,1
8758,1471.57,1,54,1,1799.1,64.61,0,0,0,1,0
8759,1291.21,5,61,3,337.46,76.3,0,1,1,1,0
8760,4730.17,5,23,3,1012.86,54.5,0,0,1,5,0
8761,2896.95,11,43,2,516.97,6.54,0,0,1,3,1
8762,300.29,3,31,4,773.89,2.27,1,0,0,4,0
8763,334.44,4,25,4,504.58,62.63,0,0,0,4,1
8764,1956.49,22,41,2,3075.48,80.03,1,0,0,4,0
8765,1028.3,7,39,4,607.95,1.66,0,0,2,1,0
8766,695.64,5,57,3,191.62,8.12,1,0,1,2,0
8767,3027.91,20,56,3,599.75,78.1,1,0,0,3,0
8768,1322.74,2,66,3,739.96,171.83,0,0,0,2,0
8769,1155.7,22,38,2,738.6,36.75,0,0,3,4,0
8770,2391.86,7,60,1,240.32,8.32,0,1,2,5,1
8771,753.62,18,43,0,257.96,19.38,0,0,2,5,0
8772,5263.33,20,27,4,2941.72,76.03,0,0,0,2,0
8773,498.67,10,30,4,555.16,39.18,0,0,0,1,0
8774,2115.25,17,59,4,603.32,2.98,0,0,2,2,0
8775,4600.1,9,31,2,3537.33,18.44,0,0,1,1,0
8776,276.64,19,26,4,1263.59,69.88,0,0,0,4,0
8777,777.95,11,24,2,647.23,19.71,0,0,0,1,0
8778,3436.5,19,56,4,803.22,28.31,0,0,1,2,1
8779,3488.56,7,48,3,3281.92,117.72,0,1,0,5,1
8780,923.81,18,67,3,400.74,208.81,0,0,0,3,0
8781,526.01,20,33,3,1296.86,70.78,0,0,0,4,0
8782,2852.46,15,25,3,1147.16,13.73,0,0,1,3,0
8783,3581.54,20,65,2,698.01,13.93,0,0,1,1,0
8784,342.18,17,68,3,429.74,18.14,0,0,0,2,0
8785,329.01,8,32,4,918.17,8.75,0,0,0,3,0
8786,1373.69,3,42,2,663.72,9.85,1,0,0,2,0
8787,2057.73,8,64,4,1182.26,14.79,0,1,0,1,1
8788,813.16,1,55,3,179.28,53.92,1,0,3,4,0
8789,2163.09,8,58,1,8488.65,47.4,0,1,0,5,0
8790,539.08,8,32,1,1070.16,20.84,0,0,0,4,0
8791,132.33,17,42,5,979.59,10.95,1,0,0,5,1
8792,717.73,10,24,1,3443.28,48.91,0,0,0,3,0
8793,1168.21,12,43,3,403.48,7.01,0,0,0,3,0
8794,832.27,5,25,3,381.59,7.91,0,0,1,2,0
8795,344.26,8,35,0,512.2,24.17,0,0,0,4,0
8796,178.46,15,38,1,3781.39,41.89,0,0,0,5,0
8797,655.84,3,33,2,617.64,65.15,0,0,0,1,0
8798,2690.97,1,64,1,6040.51,58.07,0,0,1,5,0
8799,3851.42,6,20,0,434.43,23.78,0,0,1,2,0
8800,3596.49,14,18,1,81.83,53.16,0,0,2,2,0
8801,484.97,5,30,1,173.16,11.87,1,1,2,1,0
8802,345.95,10,49,3,1066.25,34.04,1,0,1,3,0
8803,1801.97,19,29,1,1116.79,47.76,1,0,1,3,0
8804,2069.58,16,48,4,889.07,68.21,0,0,2,5,0
8805,1636.26,3,58,6,292.0,4.15,0,0,0,3,0
8806,146.34,18,19,3,256.0,5.33,0,0,0,5,0
8807,460.87,6,58,3,209.25,3.84,1,0,2,1,0
8808,1064.55,10,25,3,517.3,39.53,1,1,1,5,0
8809,1785.08,12,42,3,879.43,42.2,0,0,0,1,0
8810,2362.1,20,22,4,1858.99,0.55,0,0,0,1,0
8811,1266.81,2,62,5,1414.19,53.46,1,0,1,2,1
8812,1526.58,13,19,6,768.95,72.05,1,0,2,2,0
8813,1193.76,1,59,8,5696.12,6.2,1,0,3,5,0
8814,2176.82,17,55,6,693.78,20.57,1,0,2,5,0
8815,1499.47,4,56,3,109.18,94.85,0,0,0,2,1
8816,1171.15,12,20,2,229.28,58.11,0,0,0,3,0
8817,838.51,12,63,4,726.76,18.17,0,0,0,2,0
8818,1189.5,23,65,2,228.66,67.79,0,0,0,2,0
8819,1780.4,23,55,2,1909.25,109.14,1,0,1,2,0
8820,1432.93,13,39,3,801.61,18.5,0,0,0,2,0
8821,1604.92,11,57,2,1955.24,57.65,0,0,0,2,0
8822,4199.5,20,50,3,830.88,4.9,0,0,1,1,1
8823,1429.62,12,69,6,95.73,3.02,1,0,1,4,1
8824,573.07,17,49,2,2235.43,44.13,0,0,3,2,0
8825,2653.43,12,64,3,636.04,33.91,0,1,0,2,1
8826,279.72,3,34,3,662.51,83.06,0,0,1,1,0
8827,371.89,22,35,1,974.62,75.77,0,0,1,5,0
8828,1534.33,21,20,1,596.25,16.89,1,0,2,5,0
8829,1837.93,9,23,4,1048.77,35.9,1,0,0,3,0
8830,315.75,22,66,1,804.86,70.48,0,1,1,3,0
8831,747.84,4,30,3,643.08,15.8,0,0,0,4,1
8832,598.19,17,48,3,211.97,22.47,0,0,2,1,0
8833,674.06,7,34,4,689.21,3.09,0,0,1,1,0
8834,2817.48,13,38,3,605.79,6.99,0,0,1,2,0
8835,2222.76,1,33,2,1163.46,47.11,1,0,1,4,1
8836,1075.86,7,34,2,1262.53,34.33,1,0,0,1,0
8837,635.26,15,49,6,572.94,9.23,0,1,2,4,0
8838,284.39,6,18,4,521.01,0.37,0,0,1,3,0
8839,4537.74,2,65,2,1759.27,9.26,0,0,2,3,0
8840,1982.5,3,55,5,1194.18,69.24,0,0,0,2,0
8841,540.95,6,25,1,395.83,4.92,0,0,1,2,0
8842,2252.06,3,18,3,190.59,25.75,1,0,1,5,0
8843,1022.27,8,19,1,2838.73,13.64,0,0,3,1,0
8844,822.95,22,64,3,1282.46,39.86,0,1,1,1,0
8845,1694.62,16,54,2,1414.87,35.83,0,0,0,5,0
8846,522.44,16,41,6,270.8,203.59,0,0,0,1,0
8847,777.62,19,44,2,1272.57,74.11,0,0,1,1,0
8848,1238.26,13,37,1,306.62,139.3,1,0,0,2,1
8849,665.51,13,64,2,1563.92,43.13,1,0,0,4,0
8850,2141.12,12,38,2,602.8,66.93,0,1,0,3,0
8851,7108.64,3,59,5,229.56,112.73,0,0,1,3,0
8852,515.79,12,54,1,773.49,2.1,0,0,1,3,0
8853,207.45,20,52,2,1012.94,123.52,1,0,0,1,0
8854,148.16,16,55,2,1083.3,11.9,1,0,2,5,0
8855,943.44,14,32,4,694.23,61.04,0,0,1,5,0
8856,565.01,17,67,3,131.89,74.22,0,0,0,3,0
8857,1350.0,10,63,4,2156.9,5.79,1,0,0,2,0
8858,1252.13,3,59,1,1093.9,152.99,0,0,1,5,1
8859,220.7,19,47,3,698.88,130.56,0,1,1,2,0
8860,178.59,10,21,2,1861.08,53.15,0,0,0,1,0
8861,1474.29,9,60,3,233.63,8.44,0,0,1,1,0
8862,1255.68,21,69,2,497.77,41.74,0,0,1,4,0
8863,716.36,12,56,1,1491.91,21.09,0,0,2,1,0
8864,209.11,21,32,6,3794.88,133.51,0,0,2,1,0
8865,1757.05,7,40,3,461.28,26.1,0,0,1,2,0
8866,3912.37,12,58,2,160.64,59.17,1,0,1,5,1
8867,1448.06,8,32,3,1195.32,50.67,0,0,1,5,0
8868,469.9,0,43,5,2009.03,15.81,0,0,1,3,0
8869,1146.6,0,29,5,162.12,38.34,0,0,0,2,0
8870,279.75,14,35,4,593.95,26.38,1,1,1,2,0
8871,3158.84,21,23,1,1634.55,23.47,0,0,0,4,0
8872,1190.16,3,35,3,2171.76,99.76,0,0,0,1,0
8873,187.14,19,67,0,188.73,7.53,0,0,1,5,0
8874,811.86,0,41,5,543.91,26.42,0,0,1,3,0
8875,1742.89,11,55,1,445.13,0.34,0,0,0,4,0
8876,786.0,10,45,4,294.99,15.18,1,0,0,4,0
8877,832.23,18,32,2,784.86,48.61,1,0,1,1,0
8878,322.34,14,36,2,868.2,4.58,0,0,2,5,0
8879,1932.44,20,22,3,2800.27,15.82,0,0,2,3,0
8880,573.37,9,21,4,95.44,106.11,0,0,1,2,0
8881,126.92,0,34,4,1018.45,58.86,0,0,1,1,0
8882,756.53,23,27,3,351.66,3.64,1,0,2,3,0
8883,2925.29,2,29,3,259.8,243.85,0,0,0,1,0
8884,744.77,13,22,5,535.6,145.15,0,0,1,2,0
8885,6235.32,14,24,4,834.89,7.64,0,0,0,2,0
8886,1684.07,0,61,7,416.15,127.47,0,0,2,3,1
8887,1538.8,9,40,4,538.34,39.92,0,0,2,1,0
8888,964.49,21,19,6,660.06,132.52,0,0,0,2,0
8889,1024.25,0,47,8,930.42,172.18,0,0,0,4,1
8890,842.67,14,69,3,1655.33,59.14,0,1,0,2,0
8891,810.56,2,66,3,567.64,17.22,1,0,2,3,0
8892,1864.72,20,62,3,720.5,129.29,1,0,0,5,1
8893,430.16,19,54,6,684.5,42.6,0,1,0,2,0
8894,373.94,22,22,2,2656.79,20.89,0,0,0,4,0
8895,356.67,21,37,3,980.86,30.81,0,0,0,5,0
8896,8481.6,11,43,2,906.22,26.06,0,0,2,5,0
8897,1863.74,18,61,4,644.04,136.89,0,0,1,3,0
8898,1486.96,15,61,3,678.89,85.69,0,0,1,4,0
8899,380.88,7,56,1,140.29,1.59,0,0,1,2,0
8900,2045.39,23,23,2,473.32,0.5,0,0,0,2,0
8901,975.97,13,46,2,1017.7,3.59,0,0,0,4,0
8902,1358.54,17,27,5,670.32,47.13,0,1,1,2,0
8903,412.97,22,68,3,582.69,84.23,1,0,0,1,0
8904,1287.26,0,33,5,2081.47,36.18,1,0,1,3,1
8905,717.78,1,51,1,913.14,38.26,0,0,1,3,0
8906,509.99,23,48,1,259.06,13.75,0,1,0,2,0
8907,2284.97,11,53,2,188.2,30.74,0,0,1,3,0
8908,235.64,16,58,2,1421.0,14.84,0,0,1,3,0
8909,1929.04,1,22,2,323.91,16.01,0,0,0,4,0
8910,2174.35,16,50,4,828.17,24.81,0,0,1,1,0
8911,455.03,20,60,4,1259.37,2.44,0,0,1,4,0
8912,482.83,6,36,2,825.21,155.01,0,1,3,4,1
8913,877.41,5,49,1,2354.13,122.82,0,0,0,4,0
8914,1453.95,5,40,3,582.04,79.55,0,0,1,2,0
8915,941.19,21,20,3,849.37,42.03,0,0,0,2,0
8916,1691.82,7,18,0,475.2,83.84,0,1,1,4,0
8917,6393.13,4,53,3,531.58,182.75,1,0,0,4,1
8918,660.03,14,58,3,1263.7,16.67,0,1,2,1,1
8919,197.32,6,45,5,1394.64,22.65,1,0,2,5,0
8920,2504.7,2,65,2,191.88,65.29,0,0,2,4,1
8921,5903.58,9,56,1,358.41,51.48,0,0,0,1,1
8922,1624.2,2,22,2,786.98,87.1,1,0,1,2,0
8923,369.54,13,30,1,1063.35,21.31,1,0,0,1,1
8924,968.85,21,28,2,250.01,18.59,0,0,1,1,0
8925,358.34,2,63,2,427.15,44.02,0,0,1,5,0
8926,2085.69,0,39,4,1025.03,7.88,0,0,3,5,0
8927,283.92,0,66,3,1186.58,2.02,0,0,0,4,0
8928,812.3,18,40,4,911.87,13.99,0,0,1,5,0
8929,401.68,3,29,6,585.57,8.62,0,0,2,3,0
8930,1244.92,1,38,1,298.96,0.33,0,0,1,2,0
8931,760.26,10,36,3,493.26,75.26,0,0,0,3,0
8932,1308.66,23,22,2,1495.28,39.18,0,0,1,2,0
8933,1121.42,11,41,3,1384.55,55.27,0,0,1,5,0
8934,408.85,12,47,4,334.24,8.9,0,0,1,2,0
8935,2052.63,15,25,7,2378.99,14.83,0,0,0,4,0
8936,1044.44,15,19,1,360.35,3.1,0,0,0,1,0
8937,408.08,18,66,6,750.17,299.05,0,0,1,2,0
8938,10310.59,22,51,4,287.16,5.44,0,0,1,5,0
8939,1765.93,19,40,1,2578.07,4.74,1,0,0,3,0
8940,940.81,20,20,3,1312.51,47.62,0,0,0,3,0
8941,4515.2,19,69,3,772.59,20.16,1,0,1,5,1
8942,6917.54,8,41,5,474.08,109.28,0,1,0,5,1
8943,948.28,15,35,2,3792.39,89.05,0,0,3,2,0
8944,1552.15,6,64,0,1008.52,101.31,1,0,1,4,0
8945,408.3,12,54,1,3399.18,66.43,0,1,2,2,0
8946,946.53,3,66,2,750.07,7.07,0,0,0,1,0
8947,898.69,12,48,2,768.03,3.29,0,0,0,5,0
8948,1319.26,7,31,4,1298.96,3.34,0,0,2,5,0
8949,1529.6,1,18,2,775.13,80.92,0,0,0,4,0
8950,1919.52,6,31,2,824.68,53.52,0,1,0,2,0
8951,1390.81,10,58,4,902.72,198.12,0,0,0,2,0
8952,326.77,16,22,4,1339.22,51.57,1,1,0,1,0
8953,429.03,23,48,10,358.98,14.34,0,1,1,1,0
8954,634.98,13,48,5,683.11,4.69,0,0,0,2,0
8955,826.96,12,47,5,445.86,22.75,0,0,1,1,0
8956,3136.22,14,53,1,1117.96,11.14,0,0,4,3,0
8957,342.77,21,18,4,677.26,49.5,0,0,1,4,1
8958,767.08,20,20,3,428.94,5.04,0,0,1,3,0
8959,2844.12,8,37,2,2112.54,74.03,0,0,3,2,0
8960,812.51,2,60,4,1713.51,59.63,0,0,0,4,1
8961,1737.87,12,65,0,1718.51,66.66,0,0,1,4,0
8962,953.8,12,60,3,1896.88,168.31,1,0,1,4,0
8963,1417.69,8,38,2,1065.32,52.57,0,0,1,5,0
8964,872.64,17,47,6,1140.17,77.69,1,1,0,2,1
8965,2136.8,4,59,7,580.05,4.46,0,0,1,3,0
8966,233.91,10,61,6,1953.96,143.31,0,0,0,4,1
8967,762.57,1,47,4,767.0,12.33,1,1,0,2,0
8968,1475.24,16,22,1,425.69,33.97,0,0,0,2,0
8969,1870.0,22,27,6,945.14,157.44,0,0,1,4,0
8970,4880.25,19,41,5,501.11,9.88,0,0,3,5,0
8971,741.72,20,62,3,1401.38,1.81,1,0,1,1,1
8972,4814.95,3,68,3,1238.08,17.62,0,0,0,5,0
8973,567.35,21,56,2,1340.83,8.5,0,0,0,1,0
8974,4140.81,17,65,1,215.87,55.14,0,0,1,1,0
8975,2483.61,23,23,3,166.17,16.31,0,0,0,4,0
8976,439.9,19,27,3,787.0,3.25,0,0,1,2,0
8977,1490.76,7,59,4,789.28,111.76,0,0,2,2,0
8978,1041.86,18,60,3,1938.16,2.54,1,0,1,1,0
8979,2049.98,11,27,3,412.63,15.82,0,1,1,1,1
8980,877.19,10,42,5,311.67,13.74,0,0,1,3,0
8981,806.54,15,31,3,371.74,1.19,0,0,0,1,0
8982,4311.73,4,64,1,285.34,9.03,0,0,0,2,0
8983,993.54,2,56,5,453.4,84.33,0,0,1,4,0
8984,2505.95,11,30,4,263.12,1.91,0,0,1,4,0
8985,875.37,14,28,5,719.47,1.18,0,1,1,1,0
8986,5806.09,15,56,4,687.57,50.26,0,0,1,3,0
8987,556.5,12,28,2,387.89,4.66,0,1,1,2,0
8988,593.39,6,63,2,304.95,23.23,0,0,0,2,0
8989,5036.75,14,66,1,273.21,0.11,1,0,0,2,0
8990,702.79,2,33,4,99.85,22.5,0,0,0,3,0
8991,5437.5,11,50,3,382.48,19.14,1,0,1,3,1
8992,2675.36,7,58,1,459.55,47.43,0,0,0,1,0
8993,939.5,11,58,2,132.38,34.57,0,0,1,3,0
8994,178.88,17,49,3,2040.96,56.74,0,0,0,4,0
8995,1075.65,2,27,3,1387.76,137.33,0,0,2,2,0
8996,1213.94,11,68,3,579.81,79.28,1,0,3,2,0
8997,3523.53,22,32,4,129.17,135.57,0,0,1,2,0
8998,5369.27,20,33,5,1638.97,2.79,0,1,0,3,0
8999,552.81,22,60,5,462.09,231.98,0,0,1,5,0
9000,2443.49,1,44,4,189.43,19.43,0,0,0,3,0
9001,2357.61,13,66,5,244.91,16.2,0,0,1,1,0
9002,3208.03,13,68,2,436.38,25.84,0,0,1,3,0
9003,1805.68,3,62,2,310.71,76.46,0,0,1,4,1
9004,157.2,16,49,2,394.94,154.27,1,1,1,4,1
9005,938.78,14,23,5,136.33,40.4,1,0,1,2,0
9006,345.26,15,64,1,2083.98,8.38,0,0,0,4,0
9007,895.51,4,65,2,1438.8,12.04,0,0,0,5,0
9008,2921.94,23,53,3,360.36,25.99,1,0,1,1,0
9009,1487.94,16,25,1,1324.77,22.77,1,0,0,1,0
9010,3456.77,22,42,3,457.07,13.61,0,0,3,2,1
9011,1543.42,6,24,1,680.79,94.93,1,0,1,2,0
9012,299.37,22,34,2,255.11,16.43,0,1,0,1,0
9013,88.16,14,65,3,1013.47,44.92,0,0,1,2,0
9014,1272.59,16,47,1,1270.43,32.63,0,1,2,3,0
9015,885.43,11,19,2,794.89,128.5,1,0,0,5,1
9016,412.84,10,34,1,435.94,49.57,1,0,0,3,0
9017,200.21,18,21,2,135.0,20.18,1,0,0,4,0
9018,525.98,10,43,3,1325.51,50.9,0,0,1,4,0
9019,902.81,1,31,3,565.75,19.2,0,0,0,3,0
9020,2134.27,14,25,3,356.88,4.76,0,0,1,4,0
9021,1324.29,4,22,1,405.1,33.2,0,0,1,5,1
9022,5475.66,17,22,5,830.62,98.38,0,0,0,2,0
9023,389.32,20,22,3,250.36,119.94,1,0,0,1,0
9024,2646.67,20,44,5,934.57,39.23,0,0,0,3,0
9025,1149.75,15,22,5,543.19,60.12,1,0,0,4,0
9026,2196.61,3,20,2,376.05,47.17,0,0,2,4,0
9027,708.74,22,55,4,352.21,83.25,1,0,0,3,0
9028,3202.48,9,47,5,880.13,5.45,1,0,2,4,0
9029,1473.25,21,18,2,91.5,25.66,0,0,2,3,0
9030,555.88,1,25,1,398.04,14.59,0,0,2,4,0
9031,1083.53,14,30,1,1114.59,0.33,0,1,1,1,0
9032,863.03,3,37,2,611.27,88.57,0,0,0,2,0
9033,1788.58,15,23,1,1754.59,7.2,0,0,0,5,1
9034,337.05,6,67,3,741.54,19.53,0,0,1,4,0
9035,1064.91,11,67,1,392.08,100.82,0,0,0,1,0
9036,1628.33,2,65,3,548.74,63.88,0,0,2,3,0
9037,1133.45,16,25,2,746.66,41.93,1,1,2,4,0
9038,4217.26,8,47,4,347.94,18.57,1,0,0,5,0
9039,2378.02,7,66,4,1082.0,36.21,0,0,2,5,0
9040,1088.46,22,57,6,2849.24,2.89,0,0,1,4,0
9041,1361.97,5,32,2,261.47,64.97,0,0,2,3,0
9042,1473.9,14,27,3,1096.33,13.55,0,1,0,4,0
9043,1641.39,9,50,4,357.48,32.62,1,0,0,3,0
9044,176.68,22,26,2,384.07,4.96,0,0,0,3,0
9045,811.17,5,66,3,492.46,62.03,0,1,0,4,0
9046,248.53,14,69,3,412.7,113.09,0,1,0,3,0
9047,3937.42,13,50,2,1111.55,30.43,0,0,3,2,0
9048,1031.89,18,26,3,691.46,4.34,0,0,1,3,0
9049,903.85,12,31,4,570.42,145.09,0,0,2,1,0
9050,2688.66,13,49,3,883.76,29.62,0,0,0,3,0
9051,1672.92,2,54,3,927.01,4.19,0,1,1,2,0
9052,354.73,3,23,2,654.34,10.44,0,1,0,2,0
9053,1021.57,13,22,5,1482.04,6.38,0,1,1,5,0
9054,784.33,13,21,1,719.14,11.0,0,0,1,2,0
9055,191.61,7,65,2,3605.31,8.47,0,1,2,4,0
9056,549.89,9,33,4,320.2,128.12,1,0,1,4,1
9057,912.75,8,27,3,200.41,11.73,1,0,0,3,0
9058,977.55,13,48,2,775.15,29.17,0,0,1,2,0
9059,249.08,7,48,0,1379.4,65.44,0,0,0,4,0
9060,3469.15,10,31,3,507.09,56.5,0,0,1,2,1
9061,990.19,9,30,4,344.73,156.71,0,0,0,2,0
9062,1138.6,17,21,6,667.93,169.11,0,0,1,5,0
9063,1637.03,3,63,3,543.76,42.28,0,1,1,4,1
9064,498.66,3,43,4,571.94,69.78,0,1,1,3,0
9065,1730.83,11,41,2,356.71,24.39,0,0,0,4,0
9066,759.7,17,26,4,439.67,28.04,1,0,0,5,0
9067,447.38,7,52,3,1430.6,5.51,0,1,1,3,1
9068,1945.84,2,59,4,1841.19,55.95,0,0,2,3,0
9069,4874.02,17,32,3,583.22,15.78,0,0,1,2,0
9070,2263.87,6,41,3,278.14,4.16,0,0,0,4,0
9071,2759.98,0,48,3,297.68,5.17,0,0,1,1,0
9072,651.56,21,36,1,242.66,64.07,0,1,1,1,0
9073,221.93,12,19,6,1363.52,13.0,0,0,0,1,0
9074,4866.54,2,19,6,762.65,73.48,0,0,2,2,0
9075,8557.09,2,58,0,569.37,118.18,0,0,0,1,0
9076,5129.72,14,53,1,1353.12,20.84,0,1,2,1,0
9077,783.85,20,54,4,923.74,78.96,0,0,1,3,0
9078,345.63,18,51,1,94.5,28.0,0,1,1,3,0
9079,377.78,3,56,5,373.82,73.97,0,0,1,1,1
9080,203.62,12,36,3,642.88,18.32,0,0,0,2,0
9081,984.98,12,55,3,2746.19,134.04,0,0,0,5,0
9082,5462.59,14,40,4,2484.55,217.94,0,1,2,2,1
9083,951.78,18,33,3,114.25,24.4,0,0,1,5,0
9084,1483.74,15,63,4,240.61,11.09,0,1,0,3,0
9085,4339.86,6,61,3,746.8,57.81,0,0,0,1,0
9086,732.09,2,23,4,1101.2,43.8,0,0,0,4,0
9087,8396.17,19,43,2,392.79,238.2,0,0,1,5,0
9088,8039.28,1,39,3,1006.29,83.46,0,0,0,1,0
9089,961.88,17,62,4,391.03,90.12,0,1,0,3,0
9090,615.52,10,64,4,414.1,64.82,1,0,0,1,0
9091,2202.26,0,41,3,272.56,21.6,0,0,1,1,0
9092,774.7,15,63,3,222.66,137.32,1,0,0,4,0
9093,344.97,16,57,5,443.97,31.34,0,0,0,5,0
9094,3949.08,15,38,3,1642.61,25.49,0,0,1,1,0
9095,3701.33,9,47,5,977.22,10.8,1,1,1,5,0
9096,1281.15,16,69,4,825.9,18.12,0,0,0,5,0
9097,310.17,2,28,3,529.7,0.11,0,0,1,2,0
9098,320.69,17,26,3,932.72,53.93,0,0,1,4,0
9099,1220.76,18,29,10,455.32,46.5,0,0,4,3,0
9100,665.23,13,43,4,350.24,25.79,0,0,1,2,0
9101,779.7,20,55,4,1017.17,170.73,0,0,2,3,0
9102,3047.15,1,68,3,422.34,59.06,0,0,0,2,0
9103,2282.85,11,20,1,283.07,13.9,0,0,0,5,0
9104,4350.92,10,50,5,939.54,23.8,1,0,1,1,0
9105,407.23,16,32,5,224.45,36.26,1,0,1,5,0
9106,778.06,5,64,0,907.77,39.41,1,0,0,1,0
9107,2342.52,18,22,1,920.48,16.12,0,0,0,1,0
9108,1716.56,12,41,1,237.58,14.35,1,1,0,2,0
9109,5076.52,6,28,2,250.9,17.79,0,1,2,5,0
9110,1669.93,21,50,2,1889.31,165.32,0,0,0,4,0
9111,6961.21,10,40,4,1093.98,22.28,0,0,0,2,0
9112,1881.86,6,27,4,981.1,23.43,0,0,0,3,0
9113,3172.16,12,69,4,790.77,63.69,0,0,2,4,0
9114,793.53,12,60,3,1177.82,8.88,0,0,1,2,0
9115,1112.41,20,45,3,1177.8,51.52,0,0,0,3,0
9116,2726.96,0,56,5,349.37,54.85,0,0,1,3,1
9117,5502.61,18,34,5,571.31,3.33,1,0,1,4,0
9118,2273.87,18,61,0,468.4,10.53,0,0,1,4,0
9119,1009.11,22,43,3,1052.29,31.41,0,0,4,2,0
9120,4347.41,14,42,5,761.35,90.22,1,0,1,1,0
9121,122.49,13,53,3,1829.89,65.9,0,1,1,1,0
9122,264.48,2,29,4,831.29,103.36,0,0,1,5,0
9123,2168.16,20,20,3,684.99,95.19,0,0,0,3,0
9124,1112.21,19,67,6,1277.68,35.82,0,1,2,2,0
9125,2009.24,3,46,1,1287.74,48.68,0,0,1,2,0
9126,1169.59,6,61,5,1768.83,126.79,0,0,3,3,0
9127,1940.97,0,41,3,783.45,67.56,0,1,1,3,1
9128,485.7,22,36,2,3441.77,22.15,0,0,1,5,0
9129,1940.08,23,30,6,1394.09,21.57,0,1,1,3,0
9130,2964.35,18,33,6,3556.54,22.83,1,0,0,4,0
9131,3716.55,2,57,2,712.29,34.18,0,0,0,1,0
9132,8213.66,19,44,4,4084.31,22.51,0,0,1,5,0
9133,1399.82,14,23,0,1178.6,10.38,1,0,3,1,0
9134,1442.18,12,59,2,292.97,45.18,0,0,1,2,0
9135,239.09,21,27,1,310.5,101.71,0,0,1,3,0
9136,644.57,13,55,4,524.62,33.92,0,0,2,3,0
9137,904.08,6,25,1,519.63,12.37,0,0,0,1,0
9138,3134.8,0,35,1,873.23,83.85,0,0,0,5,0
9139,595.26,12,49,1,2715.6,70.48,1,0,0,4,0
9140,2431.69,3,34,2,861.77,60.23,0,0,0,2,0
9141,1094.86,11,59,3,297.3,56.15,0,0,1,1,0
9142,918.58,6,19,1,944.55,76.23,0,0,1,4,0
9143,1406.55,1,61,6,482.16,88.68,0,0,1,1,0
9144,741.62,16,37,5,502.59,114.24,0,0,2,3,0
9145,714.06,0,27,1,573.1,47.07,0,0,0,5,0
9146,199.38,13,26,1,495.84,25.01,0,1,3,2,0
9147,855.81,21,65,2,235.97,4.71,0,0,0,4,0
9148,678.6,20,56,3,718.01,64.08,0,0,0,5,1
9149,654.6,0,58,3,2677.57,7.61,0,0,0,3,0
9150,1663.82,2,42,3,1262.04,101.44,0,0,0,3,0
9151,2118.86,10,42,2,256.89,26.03,0,0,1,5,0
9152,1383.25,6,41,5,87.8,104.43,1,0,0,5,1
9153,2967.32,8,23,1,866.16,36.54,0,0,1,1,0
9154,1949.96,21,47,1,1056.22,30.21,0,0,0,5,0
9155,816.43,2,27,6,1054.3,22.59,0,0,1,4,1
9156,690.31,0,56,1,727.95,3.17,1,0,1,2,0
9157,1499.4,18,48,4,290.48,0.58,0,0,0,1,0
9158,1946.46,1,35,2,2515.01,35.53,0,0,0,4,0
9159,4437.49,20,60,5,601.62,115.69,0,0,1,5,0
9160,3608.95,23,50,3,439.01,44.11,0,1,1,3,0
9161,638.12,4,36,3,987.5,99.16,1,0,0,5,0
9162,990.29,16,40,4,444.19,415.55,0,0,0,4,0
9163,2145.26,18,22,4,268.75,9.84,0,0,0,2,0
9164,3190.71,4,43,0,450.51,53.88,0,0,1,2,0
9165,2804.47,22,46,6,807.45,26.97,0,0,2,5,0
9166,1028.77,20,41,2,1895.48,11.71,0,0,0,5,0
9167,312.93,13,23,1,157.05,13.78,0,0,0,2,0
9168,403.86,9,56,3,933.77,14.03,0,0,2,3,0
9169,1440.34,20,21,3,1303.39,65.4,0,0,0,4,0
9170,1544.14,6,65,2,921.15,21.93,0,1,1,3,0
9171,365.52,7,59,3,1105.57,14.77,0,0,0,2,0
9172,1146.62,7,43,0,2060.75,108.56,0,1,1,4,0
9173,2061.57,6,32,2,1413.45,1.75,0,0,1,1,0
9174,346.81,12,30,1,484.16,66.52,0,0,1,4,0
9175,3310.97,13,57,4,1429.73,161.64,1,0,0,3,0
9176,751.8,18,39,3,757.37,49.13,0,0,0,3,0
9177,3856.88,10,30,6,1245.55,39.72,0,0,0,4,0
9178,643.26,1,56,3,244.83,3.17,1,0,2,5,1
9179,392.83,16,34,3,578.44,34.95,0,0,1,4,1
9180,693.58,5,53,1,1077.82,22.42,0,0,0,2,0
9181,997.1,8,56,3,600.93,75.28,0,0,2,4,0
9182,743.61,18,65,3,1018.47,83.51,0,0,2,3,0
9183,883.59,4,42,2,1947.13,9.17,0,0,0,5,0
9184,1531.44,8,51,1,534.64,36.93,0,0,1,5,0
9185,924.1,6,38,6,1350.06,98.28,0,0,1,5,0
9186,1026.48,3,42,2,292.19,48.98,0,0,0,1,0
9187,198.5,17,42,2,1220.98,32.79,0,0,0,3,0
9188,1622.46,17,39,5,180.19,114.17,0,0,0,5,1
9189,1003.05,19,40,4,778.64,169.79,0,0,0,5,0
9190,5487.86,16,42,3,758.99,13.41,0,0,0,3,0
9191,428.56,3,31,2,2635.31,10.09,0,0,1,1,0
9192,179.77,21,31,3,450.99,100.06,1,0,0,5,1
9193,2034.63,15,43,5,134.75,13.92,0,0,0,5,1
9194,1550.8,21,57,4,1012.26,94.14,0,1,1,3,1
9195,400.04,22,47,6,295.91,17.92,0,0,0,3,0
9196,237.52,4,43,1,698.17,0.97,0,0,1,4,0
9197,5102.05,8,55,1,392.28,27.4,0,0,1,1,0
9198,4510.26,1,39,2,563.98,2.06,0,0,1,2,0
9199,91.15,1,56,3,119.41,11.66,0,0,0,2,0
9200,693.52,3,56,2,166.66,32.63,0,0,2,2,0
9201,5791.76,19,51,1,902.84,1.96,0,0,1,2,0
9202,681.26,19,42,1,592.26,1.69,0,0,0,2,0
9203,671.42,16,53,3,266.18,8.43,1,0,3,1,1
9204,826.53,19,30,2,427.58,31.06,0,0,2,3,0
9205,357.49,20,46,4,984.98,182.52,0,0,0,3,0
9206,199.38,18,59,3,532.62,4.9,0,0,0,2,0
9207,3141.79,2,26,3,941.73,48.64,0,0,1,1,0
9208,173.65,4,32,0,330.09,34.37,0,0,0,4,0
9209,1404.27,9,48,4,1031.63,3.1,0,1,0,4,1
9210,2661.33,5,61,4,549.39,1.74,0,0,0,4,0
9211,256.92,2,44,3,902.8,12.54,0,0,2,1,0
9212,435.17,16,48,4,839.98,57.72,1,0,0,5,0
9213,3689.25,9,27,3,481.49,164.02,0,0,3,4,0
9214,1868.5,23,68,1,500.64,40.61,0,0,1,3,0
9215,591.53,11,54,1,589.23,2.34,0,0,1,2,0
9216,3649.15,0,24,7,1148.64,14.92,0,0,1,5,0
9217,3664.82,17,49,2,2649.65,142.64,0,0,1,2,0
9218,1435.19,18,69,6,353.84,0.63,0,0,1,3,1
9219,445.79,21,28,4,1441.54,46.1,0,1,0,2,0
9220,725.28,19,65,6,538.4,9.86,0,0,0,1,0
9221,1460.28,3,62,2,612.15,3.43,0,0,2,1,0
9222,908.15,14,45,3,835.1,14.68,0,0,1,3,0
9223,2804.43,8,21,1,463.03,138.22,0,0,0,4,0
9224,237.51,5,65,3,499.22,71.72,0,0,1,4,0
9225,246.1,11,62,3,2971.71,9.39,0,0,1,2,0
9226,1314.05,17,48,2,711.56,3.4,0,0,1,3,0
9227,670.79,22,46,1,988.88,33.98,0,0,0,3,0
9228,585.78,14,50,2,2852.29,2.7,0,0,0,1,0
9229,187.16,18,21,3,2782.52,25.88,0,0,0,4,0
9230,1118.28,8,64,5,577.6,80.53,0,1,0,4,0
9231,1040.28,21,43,3,357.61,34.72,0,0,0,5,0
9232,2107.97,23,48,2,281.62,113.57,0,0,2,1,0
9233,1174.86,12,48,1,259.48,78.33,1,0,0,4,1
9234,960.44,15,44,2,472.49,40.51,0,0,1,4,0
9235,3558.17,12,42,6,275.51,78.13,0,0,0,2,0
9236,295.16,0,65,4,631.95,4.98,0,0,1,4,0
9237,1875.05,17,53,0,374.91,11.24,0,0,0,2,0
9238,206.2,21,66,5,508.0,60.27,1,0,0,4,1
9239,474.2,2,48,3,614.14,0.29,0,0,1,2,0
9240,326.15,16,60,4,515.05,0.23,1,0,1,1,0
9241,2396.93,21,54,5,286.74,23.93,0,0,0,2,1
9242,1027.2,4,62,0,883.72,100.9,0,0,0,4,1
9243,1081.92,5,61,5,1780.32,197.77,0,0,0,1,0
9244,362.59,20,40,2,1746.57,52.47,0,0,1,3,0
9245,812.65,16,52,2,1320.61,150.06,0,0,1,4,0
9246,511.08,16,21,4,534.95,94.09,0,0,0,4,0
9247,1609.14,0,45,0,401.26,11.25,0,0,1,5,0
9248,407.04,6,59,4,1169.58,25.87,0,0,1,5,0
9249,4145.56,21,58,2,864.1,48.88,1,1,0,1,1
9250,205.29,15,59,1,1169.56,8.2,0,0,0,3,0
9251,489.55,4,30,3,2914.69,18.78,0,0,2,2,0
9252,5867.6,15,18,6,653.45,70.61,0,0,0,5,0
9253,709.71,3,29,5,363.04,21.13,1,0,0,3,0
9254,294.45,10,60,3,435.78,130.14,0,0,0,3,0
9255,1365.22,13,57,1,744.24,26.11,0,0,1,1,0
9256,681.71,12,43,2,421.03,12.41,0,0,0,2,0
9257,475.39,23,63,2,1208.86,11.79,0,0,0,1,0
9258,366.55,7,63,3,1165.28,58.11,0,0,0,3,0
9259,17472.33,20,69,3,1865.67,22.96,1,0,0,2,1
9260,852.73,19,40,2,1877.09,13.54,1,0,0,4,0
9261,159.88,14,66,2,88.34,59.19,0,0,0,5,0
9262,4883.95,17,39,7,354.98,27.36,0,0,0,2,0
9263,2020.44,6,68,3,725.84,93.54,0,1,3,5,1
9264,509.55,20,69,3,271.56,39.81,0,0,1,4,0
9265,431.33,18,45,6,635.31,179.09,0,0,0,1,0
9266,2150.54,8,34,2,358.18,23.46,0,1,0,1,0
9267,856.69,10,23,5,477.58,16.57,0,0,0,3,0
9268,159.82,9,31,3,2536.89,51.72,0,0,1,1,0
9269,6550.13,13,67,4,1780.4,61.61,0,0,1,2,0
9270,710.53,15,34,4,681.18,0.86,0,0,2,5,0
9271,4893.05,7,55,1,329.49,55.34,0,0,2,2,0
9272,3938.03,0,22,0,876.99,9.98,0,0,1,5,0
9273,403.02,11,30,6,120.2,159.54,0,0,2,4,1
9274,3081.56,2,65,3,1144.17,42.9,0,0,0,5,0
9275,571.67,1,26,1,1061.5,6.77,0,0,0,3,0
9276,169.58,15,61,1,263.45,2.71,0,0,3,1,0
9277,717.23,3,59,3,1969.59,105.85,0,0,3,2,0
9278,1632.12,1,43,5,419.5,95.06,0,1,0,2,0
9279,690.39,11,30,4,324.68,28.47,0,0,2,1,0
9280,806.7,23,36,3,778.02,4.58,0,0,2,4,0
9281,3441.17,16,65,2,235.42,24.71,0,0,0,5,0
9282,1219.86,19,34,1,338.55,71.47,0,1,0,2,0
9283,471.87,20,33,3,894.52,54.16,0,0,0,3,0
9284,2212.84,9,47,7,470.86,100.19,0,0,1,2,0
9285,1336.32,19,49,2,2091.18,69.55,1,1,1,1,0
9286,88.09,7,31,5,194.7,20.03,0,0,0,3,0
9287,1683.03,17,65,3,729.07,20.86,1,0,1,4,1
9288,1622.67,17,32,1,1502.92,52.17,1,0,1,2,1
9289,1118.92,17,29,4,1273.93,18.57,1,0,0,5,0
9290,2674.99,1,54,1,387.28,101.12,0,0,0,3,0
9291,559.82,11,28,3,2904.71,19.85,0,0,1,2,0
9292,1535.33,9,22,2,150.88,33.56,1,0,0,5,0
9293,228.84,7,28,0,652.04,2.21,1,0,1,3,0
9294,1647.63,18,51,5,1402.6,6.28,0,0,1,5,0
9295,7731.51,9,36,2,1775.84,7.07,0,0,2,3,0
9296,405.51,10,43,2,325.74,21.09,1,0,1,5,1
9297,512.96,13,43,6,752.01,6.2,0,0,1,5,0
9298,539.15,14,34,4,1264.44,30.54,1,0,0,2,0
9299,1248.87,23,48,0,583.07,15.68,0,1,0,3,0
9300,378.78,22,36,2,257.17,15.9,0,1,1,4,0
9301,1671.12,9,61,2,168.85,29.48,0,0,1,5,1
9302,2557.64,3,37,1,394.91,96.15,0,0,1,2,0
9303,1871.22,6,40,1,428.29,71.72,0,0,0,2,0
9304,187.09,10,42,11,363.13,107.59,0,0,1,3,1
9305,2966.59,23,45,3,2957.95,231.14,0,0,0,2,0
9306,2799.98,21,54,5,1039.19,0.56,0,0,0,1,0
9307,2515.34,21,29,3,529.43,58.97,0,1,0,5,0
9308,1592.15,2,65,5,557.59,6.38,0,0,0,3,0
9309,1366.75,4,18,3,585.07,138.09,1,1,0,1,1
9310,3079.09,1,19,4,1071.27,12.86,1,1,0,5,0
9311,7506.42,11,27,5,280.84,21.54,0,0,2,3,0
9312,422.83,20,51,4,309.6,193.29,0,0,1,3,0
9313,3223.19,4,49,2,651.68,100.94,0,0,0,4,0
9314,1006.05,6,42,4,73.24,2.42,0,0,0,2,0
9315,963.26,3,27,7,348.64,2.4,0,0,0,3,0
9316,235.91,10,67,3,1363.75,85.42,0,1,0,2,0
9317,824.86,21,18,3,1249.66,3.65,0,0,1,1,0
9318,404.53,8,49,3,183.63,95.44,0,1,0,2,0
9319,689.62,3,54,1,608.84,129.26,0,0,1,4,0
9320,365.7,21,29,1,230.84,1.21,1,0,2,1,0
9321,700.01,8,66,10,361.12,12.42,0,1,4,4,0
9322,730.62,11,68,1,401.98,1.17,0,0,1,4,0
9323,1208.04,15,35,2,1123.25,3.78,0,0,1,1,0
9324,218.16,0,47,4,1405.21,38.19,0,0,0,4,1
9325,258.39,7,30,3,441.26,65.5,1,0,0,5,0
9326,1574.85,0,20,1,198.28,32.65,0,0,1,2,0
9327,494.01,19,38,2,156.78,24.38,0,0,2,1,0
9328,3211.62,18,59,3,1640.32,11.58,1,0,2,4,0
9329,1373.71,3,31,6,528.49,13.5,0,0,1,1,0
9330,2011.75,13,57,3,558.53,43.66,0,0,0,4,0
9331,4494.87,22,27,7,263.77,96.82,0,0,1,2,0
9332,804.55,13,19,6,1378.27,25.92,1,0,0,3,0
9333,617.4,8,62,1,1077.02,140.36,1,0,2,2,0
9334,2622.03,8,54,3,468.21,2.68,0,0,3,4,1
9335,1825.33,16,28,4,314.06,88.37,0,1,1,4,0
9336,909.3,14,18,3,764.17,20.68,1,1,1,4,0
9337,4409.24,9,43,4,149.81,101.54,1,1,2,1,0
9338,886.92,16,59,3,976.76,125.92,0,0,0,1,1
9339,1133.17,8,30,3,517.8,60.27,1,0,1,1,0
9340,1120.16,3,45,3,765.5,21.93,0,0,2,3,0
9341,430.7,13,53,3,642.16,30.53,0,0,2,4,0
9342,1185.1,2,38,5,1305.32,40.12,0,0,1,5,0
9343,4432.68,20,27,4,1373.49,31.0,0,0,0,1,0
9344,1711.23,11,29,4,1525.49,78.31,0,0,1,1,0
9345,1131.23,21,63,4,718.75,73.82,1,0,3,4,0
9346,932.84,0,44,2,622.9,0.64,1,0,0,3,0
9347,1526.7,0,20,2,386.44,8.22,0,0,1,5,0
9348,2321.03,12,45,1,416.09,22.59,1,0,1,1,0
9349,2016.74,13,19,3,879.29,55.8,1,0,0,2,0
9350,786.93,15,45,7,673.1,13.05,0,0,1,5,0
9351,1517.44,6,68,1,1758.22,19.49,1,1,0,5,1
9352,1772.13,9,48,5,550.86,31.0,0,0,1,5,0
9353,400.54,14,60,0,210.28,44.53,0,0,1,5,0
9354,1297.55,7,38,1,747.81,116.04,0,0,1,5,0
9355,126.3,10,24,1,1395.57,81.64,0,0,0,4,0
9356,1776.74,23,67,5,1001.7,22.25,0,1,0,5,0
9357,2122.49,13,48,7,970.41,73.05,0,1,0,5,0
9358,2315.88,12,31,4,1491.52,89.39,1,0,0,2,0
9359,738.75,22,56,3,786.48,36.94,0,0,1,3,0
9360,1493.75,12,56,2,178.11,17.55,0,0,1,3,0
9361,4554.88,8,26,3,1304.57,143.3,1,0,1,1,0
9362,4508.72,16,40,2,832.07,163.84,1,1,0,1,0
9363,1065.1,17,29,2,601.21,12.72,0,0,1,4,0
9364,1260.57,18,46,2,249.55,76.87,0,0,1,5,1
9365,3330.61,12,55,2,350.85,2.13,0,1,0,3,0
9366,244.5,11,56,1,151.94,0.12,0,0,1,1,0
9367,793.87,20,39,3,432.5,21.66,1,0,0,3,0
9368,4169.58,19,21,3,410.44,31.04,0,0,0,3,0
9369,2907.94,19,65,7,601.78,39.52,0,0,2,3,0
9370,1586.47,7,24,3,2319.86,23.76,0,0,1,1,0
9371,243.27,23,57,5,1429.25,6.89,0,0,0,5,0
9372,1043.24,10,25,4,683.5,21.14,0,0,2,1,0
9373,607.95,6,69,5,363.22,86.25,0,0,0,3,0
9374,1526.97,0,52,5,264.7,20.45,0,0,0,5,0
9375,488.16,9,26,6,1563.28,44.86,0,0,0,3,0
9376,393.18,14,68,1,238.16,57.11,0,0,1,3,0
9377,139.09,3,30,2,261.15,65.92,0,0,1,2,0
9378,3721.21,0,56,3,5176.08,33.47,0,0,1,1,0
9379,735.26,10,37,3,567.42,6.72,1,0,2,5,0
9380,1283.24,4,38,0,3497.93,115.38,0,0,0,4,0
9381,1094.18,18,64,1,500.99,15.08,0,0,1,3,0
9382,377.12,18,36,5,1803.86,20.7,0,1,1,5,0
9383,311.36,3,19,3,823.85,74.31,0,0,2,3,0
9384,401.29,1,61,5,380.68,72.1,0,0,0,2,0
9385,532.1,6,57,3,325.51,113.35,0,0,1,2,0
9386,1582.25,12,47,2,112.2,1.72,0,1,0,5,1
9387,494.86,19,40,6,299.04,103.78,1,0,2,4,0
9388,6288.58,20,57,5,1151.65,78.57,0,0,0,1,0
9389,3063.0,11,30,0,625.63,37.23,0,0,0,1,0
9390,2461.09,1,50,2,421.14,8.69,1,0,1,1,0
9391,972.96,21,49,4,605.01,39.37,0,0,2,2,0
9392,4985.46,8,45,0,1421.2,10.78,1,1,3,4,0
9393,881.83,15,41,3,219.45,167.56,0,0,2,4,0
9394,1062.88,7,59,1,874.48,61.69,0,0,2,2,0
9395,1299.81,23,45,1,200.17,45.35,1,0,0,1,0
9396,2212.38,17,47,1,71.52,83.93,0,0,0,4,0
9397,2073.32,3,58,2,405.21,38.01,0,0,1,4,0
9398,681.89,23,46,6,450.15,3.11,0,1,0,2,0
9399,643.55,10,51,4,509.26,14.99,1,0,3,1,0
9400,2079.54,16,68,1,609.89,200.01,0,0,1,1,0
9401,2242.25,7,39,3,1008.6,95.13,0,0,0,2,0
9402,740.0,18,42,3,364.96,131.17,0,0,1,4,1
9403,224.26,7,31,6,227.21,5.15,0,1,1,4,0
9404,891.3,5,27,0,1564.96,14.25,0,0,0,5,0
9405,2045.76,22,27,3,1820.27,3.27,0,0,0,4,0
9406,6670.28,1,25,1,777.72,86.34,0,0,0,2,0
9407,330.97,14,31,3,952.83,9.55,1,0,0,4,0
9408,715.82,0,62,2,1465.03,26.39,0,0,0,1,0
9409,742.93,5,55,6,1476.82,15.7,0,1,0,1,0
9410,4254.81,18,49,3,251.29,133.22,0,0,1,1,0
9411,1058.98,3,62,2,546.35,46.87,0,0,0,3,0
9412,442.6,12,49,4,174.42,80.35,0,0,0,3,0
9413,1917.34,14,20,6,822.33,46.08,0,0,1,2,0
9414,731.69,8,37,2,1067.64,47.41,0,0,1,4,0
9415,322.34,2,30,2,220.13,24.14,0,0,1,1,0
9416,449.09,1,40,2,1119.12,13.66,0,0,3,1,1
9417,6210.78,15,36,3,1414.41,21.42,0,0,2,3,1
9418,1610.35,17,33,5,2191.29,17.47,0,0,1,5,0
9419,1221.41,17,53,4,584.75,58.76,0,0,1,3,0
9420,854.15,5,52,0,971.94,27.46,1,1,2,2,0
9421,1468.72,17,64,1,1909.55,39.94,1,0,1,3,0
9422,1451.33,10,64,5,257.77,73.69,0,0,0,2,0
9423,1468.75,6,67,1,593.46,15.5,0,0,1,1,0
9424,1230.09,22,24,3,236.68,27.55,1,0,1,5,1
9425,2614.42,22,69,4,688.74,36.65,1,0,1,2,0
9426,1122.27,13,54,1,553.62,2.77,0,0,1,3,0
9427,412.43,17,25,2,398.09,8.25,0,0,2,1,0
9428,594.41,6,42,4,1088.0,3.28,0,0,0,4,1
9429,151.56,9,40,5,361.61,69.77,1,0,1,4,0
9430,8323.33,7,27,2,483.38,17.83,0,0,0,4,0
9431,2598.67,23,47,4,1625.54,27.46,0,0,0,2,0
9432,478.15,13,50,1,3342.85,55.79,0,1,0,1,0
9433,827.29,17,28,2,2090.2,169.77,0,0,1,5,0
9434,580.06,4,52,3,820.61,83.31,0,0,0,5,0
9435,5128.39,13,44,3,1196.65,2.98,0,1,0,1,0
9436,265.1,21,20,1,841.5,18.24,1,0,0,4,0
9437,1229.64,21,64,3,131.75,2.52,0,0,0,4,1
9438,983.85,21,66,2,182.3,3.18,0,0,0,4,1
9439,2506.99,9,67,3,529.73,6.82,0,0,1,1,0
9440,988.3,14,25,6,3092.96,19.36,0,0,0,5,0
9441,189.01,5,30,4,256.38,13.17,1,0,0,2,0
9442,853.1,8,59,4,1192.15,21.71,0,0,1,4,0
9443,414.82,9,20,5,245.05,86.3,0,0,0,3,0
9444,1187.47,22,37,2,1379.31,79.9,1,0,1,4,1
9445,4601.68,16,63,3,1039.83,21.6,1,0,1,4,0
9446,192.59,0,62,1,242.12,53.91,1,0,0,5,1
9447,492.64,13,52,2,729.86,23.31,0,0,1,4,0
9448,631.0,3,30,4,1123.22,24.38,1,0,0,1,0
9449,748.72,1,37,4,799.58,56.31,1,0,0,3,1
9450,2298.76,2,41,6,1728.42,24.25,0,0,1,5,0
9451,921.92,6,26,4,1180.55,39.84,0,0,0,4,0
9452,1662.04,22,47,4,2916.16,6.12,1,0,1,1,0
9453,586.53,13,42,2,2362.48,38.7,0,0,0,2,0
9454,1380.12,11,33,2,991.53,67.74,0,0,0,4,0
9455,2387.01,18,25,2,1286.64,109.63,0,0,2,4,0
9456,527.26,17,61,3,561.47,7.96,1,1,0,1,0
9457,2395.53,14,45,7,928.19,26.44,0,0,3,5,0
9458,1155.6,0,29,3,1138.66,33.29,0,0,0,1,0
9459,3119.6,2,68,3,429.93,117.6,0,0,0,2,0
9460,896.57,14,41,4,2262.91,14.88,0,0,3,3,0
9461,1605.59,3,66,2,490.25,9.06,1,0,0,4,1
9462,1053.0,14,46,1,850.11,7.63,0,0,0,2,0
9463,996.04,9,32,2,575.12,8.41,0,0,2,4,0
9464,1420.74,5,35,6,2156.87,101.83,1,0,2,1,0
9465,1875.83,12,24,1,220.97,48.35,1,0,1,1,0
9466,314.33,6,30,1,239.08,27.3,0,0,0,1,0
9467,4599.18,21,36,0,413.51,100.77,0,0,1,3,0
9468,170.77,0,65,3,491.79,17.69,0,0,1,3,0
9469,552.91,21,60,1,695.04,131.46,0,0,0,2,0
9470,997.98,10,22,4,239.27,71.12,1,0,2,5,0
9471,1656.32,13,43,2,813.55,1.04,0,0,0,2,0
9472,5303.77,5,19,2,235.9,31.05,0,0,2,4,0
9473,171.01,4,50,2,741.33,92.41,0,0,0,2,0
9474,660.04,18,65,5,1724.34,25.22,0,0,0,3,0
9475,130.73,18,54,3,1321.24,217.7,1,0,0,2,0
9476,1131.86,12,42,5,503.44,93.73,0,0,1,1,0
9477,1438.97,6,42,4,408.81,69.93,0,0,0,5,0
9478,5381.89,7,56,1,5196.38,7.28,0,0,0,1,0
9479,1237.24,13,47,3,1155.45,5.71,0,0,1,4,0
9480,3115.13,18,58,0,1122.12,51.25,0,0,0,1,0
9481,1966.16,18,21,2,1493.51,54.15,0,0,2,3,0
9482,709.64,22,36,4,1049.86,7.98,0,0,0,4,0
9483,268.01,11,44,2,1043.69,96.2,0,0,1,1,0
9484,1443.75,22,69,2,885.05,103.47,1,1,2,1,0
9485,246.63,8,64,5,863.12,26.94,1,1,1,2,0
9486,4004.63,13,56,3,533.2,46.79,0,0,1,5,1
9487,932.56,5,41,2,629.37,35.74,0,0,0,1,0
9488,3623.43,14,67,0,2265.69,1.82,1,0,0,5,0
9489,678.43,12,54,4,1322.02,4.74,0,1,0,4,0
9490,1434.9,6,42,2,347.32,75.66,1,1,0,5,0
9491,1352.01,10,46,7,1409.28,33.5,0,1,2,1,0
9492,1048.33,9,48,4,632.56,47.2,0,0,0,1,0
9493,711.48,0,62,3,370.47,47.45,0,0,1,3,0
9494,1623.69,6,52,2,936.14,23.87,0,0,1,2,0
9495,434.34,17,45,1,338.7,1.49,1,0,2,5,1
9496,327.2,22,55,3,325.6,77.3,0,0,2,5,0
9497,3800.27,2,61,5,1871.33,31.6,0,0,2,2,0
9498,2269.17,8,67,1,252.36,7.48,0,0,2,5,1
9499,1171.33,4,67,6,787.99,1.07,0,0,0,2,0
9500,5797.27,22,21,1,1357.32,0.88,0,0,1,4,0
9501,839.02,23,45,0,347.99,1.7,1,0,1,4,0
9502,4116.27,12,69,6,1619.86,8.42,0,0,0,5,0
9503,1307.11,15,48,4,1105.2,13.16,0,0,0,3,0
9504,393.57,15,40,2,10556.58,14.19,0,0,1,1,0
9505,6960.73,11,31,5,761.71,50.0,0,1,0,5,0
9506,2953.4,17,45,3,3034.4,13.82,0,1,3,4,1
9507,971.63,10,31,3,258.73,56.04,0,0,1,5,0
9508,2269.17,16,18,2,361.01,86.68,0,0,1,2,0
9509,732.38,6,60,1,1648.34,24.29,0,1,0,2,0
9510,2512.79,14,49,3,436.22,63.36,0,0,0,4,0
9511,100.38,5,58,4,467.96,5.5,0,0,1,1,0
9512,395.52,5,35,4,3070.69,19.87,1,0,0,2,0
9513,2919.77,17,22,6,1173.06,57.39,1,1,1,4,0
9514,854.35,18,59,1,1053.66,134.25,0,0,2,3,0
9515,1349.57,19,32,2,859.04,47.8,0,0,0,4,0
9516,285.21,18,59,2,929.11,22.61,0,0,2,4,0
9517,6959.53,1,33,6,168.29,18.82,0,0,1,1,0
9518,3606.63,2,53,3,778.29,24.84,0,0,2,1,1
9519,897.23,13,53,4,390.89,52.91,0,0,1,1,0
9520,731.65,21,57,3,1537.68,19.8,0,0,0,3,0
9521,3070.53,3,47,3,386.69,31.74,1,0,3,2,0
9522,7962.28,21,55,5,436.36,71.15,0,0,0,4,0
9523,2846.26,16,40,2,228.58,13.58,0,0,0,1,0
9524,9621.95,5,28,4,1127.25,63.03,0,0,1,2,1
9525,436.0,18,42,3,2129.93,71.66,1,0,1,2,0
9526,483.29,8,62,4,331.35,99.64,1,0,0,3,0
9527,333.97,3,68,2,397.42,1.21,0,0,0,5,0
9528,1705.75,6,60,3,1505.56,6.04,0,0,0,3,0
9529,1307.15,3,19,0,644.07,154.87,0,0,1,2,1
9530,942.04,10,52,5,802.86,6.72,0,1,0,3,0
9531,2463.3,21,64,3,1028.23,33.46,0,0,0,1,0
9532,3760.58,22,41,3,555.55,9.13,0,0,2,1,0
9533,238.49,1,30,2,501.94,83.54,0,0,0,3,0
9534,603.67,9,59,1,321.25,5.07,0,0,0,2,0
9535,2490.26,5,54,6,296.87,4.48,0,1,0,1,1
9536,686.95,7,47,2,147.69,35.13,0,1,1,4,0
9537,493.63,14,28,5,758.22,13.6,0,0,0,4,0
9538,3036.73,12,40,5,757.92,54.17,1,0,0,3,0
9539,302.02,21,63,1,966.3,57.73,0,0,1,1,0
9540,811.12,1,45,7,1352.7,44.1,0,0,2,2,0
9541,1523.31,19,46,4,799.4,89.98,0,0,0,2,0
9542,617.81,0,69,3,218.95,59.76,0,0,1,2,0
9543,2399.84,14,32,6,384.32,10.38,1,0,3,1,1
9544,620.87,6,62,5,301.51,4.08,0,0,2,4,0
9545,4485.56,23,20,3,308.21,68.87,0,0,1,5,0
9546,967.05,17,26,2,1046.32,67.36,0,0,1,2,0
9547,2145.81,9,25,1,702.51,94.96,0,0,0,4,0
9548,2312.36,14,64,3,327.33,11.3,0,0,0,2,0
9549,585.5,4,50,1,1195.42,12.63,0,0,2,5,0
9550,140.68,23,51,2,563.93,42.98,0,0,0,3,0
9551,1573.02,10,26,2,368.02,8.46,0,0,0,3,0
9552,1178.84,7,34,2,925.99,17.57,0,0,1,3,0
9553,1911.85,20,58,2,1998.23,83.68,1,0,0,1,0
9554,874.34,7,18,0,400.59,20.34,0,0,1,3,0
9555,713.06,5,57,3,314.26,0.57,0,0,0,2,0
9556,8172.03,14,22,7,952.21,52.61,0,0,0,5,1
9557,251.55,14,47,1,767.03,9.96,0,0,2,5,0
9558,2284.61,4,28,8,471.89,10.9,0,0,2,1,0
9559,617.33,12,45,3,410.42,0.83,0,0,0,5,0
9560,783.85,13,55,5,749.54,43.14,1,0,0,3,0
9561,798.63,10,34,0,262.48,41.27,0,0,1,1,0
9562,491.06,19,67,7,478.8,5.07,0,0,0,3,0
9563,1941.52,20,40,4,382.05,2.59,0,0,0,1,1
9564,4405.65,11,35,4,319.55,33.75,0,1,5,3,0
9565,1754.63,19,54,3,812.67,76.0,0,0,3,2,0
9566,1216.07,0,44,2,2931.78,153.68,0,0,0,3,1
9567,408.94,2,42,3,192.78,3.91,0,1,1,5,0
9568,1838.72,7,22,1,1329.6,61.58,1,1,2,4,1
9569,9474.41,22,36,2,717.95,10.63,0,1,0,1,0
9570,749.42,11,44,5,28.34,1.73,0,0,2,1,0
9571,752.96,14,30,2,497.29,20.38,0,1,0,1,0
9572,625.72,22,24,2,10338.99,42.65,0,1,1,4,0
9573,672.22,2,43,5,129.25,45.98,1,1,1,3,0
9574,70.44,21,31,0,1718.53,2.52,0,0,1,1,0
9575,1644.24,7,44,3,930.7,131.41,0,0,0,1,1
9576,470.81,23,25,1,323.04,2.81,0,0,0,3,0
9577,219.15,18,48,2,989.55,12.24,0,0,0,4,0
9578,2328.99,19,52,2,935.16,28.33,0,1,1,5,1
9579,371.66,5,44,2,632.78,145.62,0,0,0,5,0
9580,781.59,17,21,2,518.02,236.83,0,0,1,2,0
9581,4752.58,10,59,2,486.0,0.02,1,0,0,1,0
9582,267.95,11,21,1,845.27,12.71,0,0,0,1,0
9583,236.84,22,35,4,1008.35,34.79,0,0,1,4,0
9584,1435.55,1,40,3,1457.24,59.27,0,0,1,2,0
9585,3461.6,4,49,1,585.3,53.46,0,0,1,1,0
9586,227.16,3,29,3,886.48,14.48,1,0,0,4,1
9587,1648.61,8,69,0,237.0,11.0,0,0,0,4,0
9588,1960.59,12,37,1,166.11,0.72,1,0,0,3,0
9589,139.89,12,64,2,470.86,92.53,0,0,0,5,0
9590,2436.95,14,62,2,262.88,23.8,0,0,2,2,1
9591,2634.91,1,29,2,660.37,99.88,1,0,0,5,0
9592,802.89,22,25,3,925.4,19.56,0,0,1,1,0
9593,3836.62,12,39,1,711.69,70.54,0,0,0,1,0
9594,3416.79,6,44,2,439.8,3.61,0,0,0,5,0
9595,1215.75,22,58,6,337.42,83.42,0,0,1,2,0
9596,698.23,16,69,4,1173.19,110.83,0,0,0,5,1
9597,414.54,7,58,4,1581.7,15.39,0,0,1,1,0
9598,1056.2,17,34,3,670.35,7.65,0,0,3,5,0
9599,1938.67,14,49,3,359.62,10.92,1,0,3,4,0
9600,793.0,14,50,3,1212.12,101.17,0,0,1,3,0
9601,121.81,4,48,4,245.01,16.86,1,0,2,4,1
9602,3899.93,1,23,2,283.95,13.16,0,0,2,2,1
9603,1326.4,15,56,5,1113.34,192.88,0,0,2,3,0
9604,750.23,4,26,3,184.39,55.43,0,0,0,1,0
9605,2584.17,22,59,3,239.88,89.26,0,1,0,5,0
9606,5037.37,5,49,6,1747.01,68.73,0,1,0,5,0
9607,66.56,11,53,2,179.98,23.42,0,1,1,5,0
9608,1693.01,4,33,4,512.84,99.3,0,0,1,5,1
9609,263.31,19,29,3,2705.97,44.36,0,0,0,1,0
9610,1806.43,7,58,0,1071.08,53.56,0,0,1,5,0
9611,1246.29,10,20,3,291.5,19.73,0,0,2,2,0
9612,2070.88,13,44,4,882.06,198.6,0,0,0,4,0
9613,665.64,23,44,2,933.05,96.41,0,0,0,5,0
9614,168.47,16,26,2,275.39,8.02,0,0,0,2,0
9615,698.99,9,34,4,1012.79,11.4,0,1,0,3,0
9616,1647.23,1,63,4,1918.39,69.03,0,1,0,2,0
9617,3027.2,2,22,1,2343.06,1.3,0,0,1,3,0
9618,339.74,12,43,4,953.64,20.43,0,0,1,3,0
9619,3062.73,16,38,4,1276.68,38.02,0,0,0,5,0
9620,573.71,2,18,2,323.22,11.47,0,0,2,4,0
9621,1575.69,9,18,1,2648.11,103.24,0,1,0,4,0
9622,658.59,7,52,5,328.74,110.03,0,1,0,4,0
9623,1315.76,3,26,3,387.39,157.15,1,0,0,1,0
9624,2675.46,12,40,5,475.37,7.91,0,1,1,3,0
9625,321.5,6,55,3,437.02,4.13,0,0,1,2,0
9626,555.63,6,58,1,261.86,40.61,0,0,1,5,0
9627,1319.44,15,21,2,530.34,78.62,0,0,0,3,0
9628,12107.54,4,69,1,2257.96,17.2,0,0,1,4,0
9629,462.58,16,36,3,401.79,13.79,1,0,1,1,0
9630,8434.91,9,54,3,417.2,36.46,0,0,0,3,1
9631,8139.01,3,22,7,2055.14,32.89,0,0,1,4,0
9632,994.95,22,45,1,135.17,32.65,0,1,1,1,0
9633,813.91,13,63,3,1276.12,25.98,0,0,0,1,0
9634,548.91,4,59,2,559.27,64.92,0,0,1,2,0
9635,1024.33,1,65,1,983.91,47.69,0,0,1,5,0
9636,268.62,13,40,2,848.3,33.45,0,0,1,1,0
9637,1016.13,23,55,2,2020.18,63.77,0,0,1,2,0
9638,4899.46,17,69,4,268.75,15.17,0,0,1,5,0
9639,595.21,23,40,4,227.81,111.21,0,0,0,4,0
9640,862.02,10,63,3,887.53,24.24,0,0,1,3,0
9641,200.11,15,35,4,270.48,19.84,0,0,0,4,0
9642,1594.1,17,46,4,1274.28,39.07,0,0,1,3,0
9643,1428.64,15,45,1,943.76,15.76,0,0,0,4,0
9644,1168.76,20,26,1,872.6,15.65,0,0,1,1,0
9645,882.87,3,56,3,388.32,4.05,0,0,1,1,0
9646,818.31,0,67,3,648.04,52.77,0,0,0,5,0
9647,1811.48,13,27,4,551.27,121.94,0,0,0,4,0
9648,1065.48,11,19,2,2589.91,57.8,0,0,1,2,0
9649,1502.63,23,30,4,533.03,41.94,0,0,0,4,0
9650,1359.65,9,55,4,390.85,62.2,1,0,2,4,0
9651,3372.56,18,44,6,1505.23,169.74,0,0,2,3,0
9652,2158.12,3,58,3,312.51,20.51,1,0,1,1,0
9653,1329.9,19,37,3,2862.61,28.17,0,0,0,2,0
9654,5006.15,20,57,3,186.21,16.86,1,0,1,5,0
9655,1669.48,2,27,3,2786.88,0.84,0,0,0,1,0
9656,4043.89,3,33,4,669.83,21.34,0,0,1,1,1
9657,2012.12,14,32,1,479.23,3.72,0,0,1,3,1
9658,173.83,10,30,4,2686.03,97.74,0,0,0,2,0
9659,4043.37,15,67,4,539.88,62.87,1,0,0,3,0
9660,1255.36,3,55,4,291.02,18.12,0,1,1,4,0
9661,1041.11,5,37,2,633.61,19.87,1,0,2,2,0
9662,1452.95,7,41,4,1101.83,42.15,0,0,1,1,0
9663,776.67,12,58,1,625.16,79.98,1,0,0,1,0
9664,1376.13,22,67,1,526.59,63.42,1,0,0,2,1
9665,606.75,19,24,3,518.15,1.46,0,0,0,2,0
9666,3921.67,3,40,6,1059.4,76.92,0,0,0,5,0
9667,978.88,4,41,6,262.1,106.57,0,0,0,3,1
9668,748.01,9,46,2,952.81,4.71,0,0,0,2,0
9669,434.88,4,22,0,2253.1,73.5,0,0,0,4,1
9670,1434.79,11,60,3,2069.09,14.5,1,0,0,4,0
9671,1322.27,0,62,2,2169.39,9.54,0,0,1,1,0
9672,1617.16,23,52,2,332.54,39.25,0,1,0,3,0
9673,392.58,9,18,3,2541.95,40.22,1,0,0,3,0
9674,221.15,4,53,5,591.33,31.83,0,0,0,3,0
9675,2049.99,18,68,2,924.8,116.04,0,0,1,1,0
9676,4839.86,18,35,2,673.12,13.83,0,0,0,5,0
9677,392.94,19,23,2,397.71,46.13,1,0,1,4,1
9678,5374.61,11,40,2,754.88,26.37,1,0,1,3,1
9679,1456.67,22,27,4,1252.25,103.49,0,0,1,2,0
9680,1088.92,15,24,4,1048.79,7.13,0,0,2,3,0
9681,736.9,4,61,4,916.24,4.33,0,0,0,1,0
9682,274.65,16,25,3,346.43,246.41,1,0,0,3,1
9683,2944.6,13,30,2,588.59,43.04,0,0,2,4,0
9684,504.92,11,47,0,818.14,121.49,0,0,0,4,0
9685,502.8,12,35,1,185.07,26.23,0,0,0,5,1
9686,2956.99,20,31,2,1077.55,46.35,0,0,1,1,0
9687,166.84,13,28,3,931.9,59.22,0,0,0,1,0
9688,238.99,4,59,2,2094.88,213.84,0,0,0,4,1
9689,1076.93,21,55,4,470.01,5.98,0,0,1,5,0
9690,1470.39,22,30,6,630.79,6.66,0,0,0,3,0
9691,1780.65,4,59,5,663.29,37.03,0,0,0,3,0
9692,810.95,17,61,1,1149.65,2.87,0,0,1,4,0
9693,13771.68,13,50,2,466.58,65.0,0,1,0,1,0
9694,873.15,17,67,4,1803.39,234.19,0,0,1,5,0
9695,870.63,19,30,1,556.04,83.42,0,0,0,5,0
9696,494.24,0,42,2,799.49,15.45,1,0,0,5,1
9697,1241.29,6,41,2,375.61,80.36,0,0,1,3,0
9698,2028.32,16,46,1,264.82,49.43,0,1,0,5,1
9699,3654.0,2,53,8,605.9,6.36,1,0,0,2,1
9700,247.33,9,23,0,335.85,41.73,0,0,0,1,0
9701,857.49,6,35,2,294.25,113.54,0,0,0,3,0
9702,1714.2,11,45,3,645.61,17.12,1,0,2,4,0
9703,1972.5,21,22,2,228.02,53.81,1,0,0,4,0
9704,1103.84,14,35,3,513.97,2.12,0,0,1,5,1
9705,1886.4,22,54,4,679.4,89.85,0,0,1,5,0
9706,488.35,20,24,1,1566.52,11.53,0,0,0,1,0
9707,5207.76,15,26,1,595.98,46.9,1,0,0,2,0
9708,2959.06,7,52,3,909.53,37.14,1,0,1,4,0
9709,285.74,5,29,4,240.81,39.72,1,0,4,3,0
9710,374.24,3,69,3,244.91,14.63,0,0,0,3,0
9711,384.94,10,63,1,1326.75,40.95,1,0,1,3,0
9712,2160.23,16,57,5,378.83,46.16,0,0,1,1,0
9713,303.47,1,61,2,302.06,27.71,1,0,1,5,0
9714,787.59,5,56,2,296.18,50.15,0,0,3,2,0
9715,1727.97,3,41,1,505.57,10.63,0,0,2,4,0
9716,1026.42,2,26,1,1108.41,35.93,0,0,3,4,1
9717,1420.68,6,29,4,115.96,63.08,0,0,0,5,0
9718,377.74,6,53,5,5445.44,22.94,0,0,0,2,0
9719,1987.94,15,54,3,701.08,26.48,1,0,0,2,0
9720,593.95,1,26,4,331.8,8.97,1,0,3,1,1
9721,792.65,7,56,1,582.63,47.91,0,1,3,4,0
9722,1390.94,14,63,1,305.81,6.59,0,0,0,3,0
9723,1215.7,15,69,6,764.53,34.74,0,1,2,5,0
9724,1123.25,0,39,7,348.78,11.81,0,1,1,5,0
9725,517.69,9,34,2,743.23,10.79,0,0,0,5,0
9726,812.77,6,50,10,450.42,5.04,0,0,1,1,0
9727,1099.03,15,64,7,1064.64,22.11,1,0,1,2,0
9728,277.25,9,41,2,2632.1,101.02,0,0,2,3,0
9729,690.54,11,32,3,376.4,46.43,0,0,1,1,0
9730,1615.95,16,46,1,639.35,75.5,1,0,0,5,0
9731,305.69,12,49,1,1130.31,6.08,0,0,0,1,0
9732,3486.25,11,50,2,1766.21,18.79,1,0,0,3,0
9733,3903.44,14,46,5,898.87,24.6,1,0,4,4,0
9734,315.72,13,32,4,364.89,98.31,0,0,2,5,0
9735,4262.54,18,44,3,253.78,54.59,0,1,1,2,0
9736,949.96,18,51,0,826.0,33.71,0,0,1,4,0
9737,1666.56,13,21,2,1138.75,17.87,0,0,1,2,0
9738,667.37,17,66,2,1007.87,71.35,0,0,2,2,0
9739,2760.16,4,65,4,1116.59,109.61,0,0,0,4,0
9740,1645.98,19,35,3,239.95,38.48,0,0,0,5,0
9741,485.82,5,38,5,421.33,2.22,0,0,0,3,0
9742,342.0,17,65,5,586.39,15.86,0,0,2,1,0
9743,254.6,13,25,6,809.6,68.48,0,0,0,2,0
9744,1323.38,3,23,4,830.0,24.52,0,0,2,2,1
9745,1943.94,22,37,1,873.24,49.16,0,0,2,3,0
9746,2102.68,0,19,3,137.96,37.17,0,0,1,3,0
9747,974.59,12,68,9,230.97,119.14,0,0,1,2,0
9748,344.81,10,62,2,692.68,18.34,0,0,5,1,0
9749,554.42,2,39,3,751.58,29.53,0,1,1,3,0
9750,3471.52,16,38,1,586.55,3.35,0,1,2,5,0
9751,675.44,17,23,4,918.3,81.73,0,0,4,5,0
9752,1265.75,9,49,2,1125.7,19.71,0,0,0,1,0
9753,374.04,15,23,5,273.63,63.99,0,0,5,1,0
9754,1535.46,20,30,2,167.03,0.15,0,0,3,2,0
9755,693.89,12,18,2,484.22,101.03,0,0,1,2,1
9756,3123.51,19,39,9,1134.38,178.71,0,1,0,3,0
9757,2376.91,11,41,2,815.86,31.74,0,0,2,2,0
9758,668.0,3,58,6,530.28,32.95,0,0,2,2,0
9759,966.17,7,47,2,1780.21,47.9,0,0,0,3,0
9760,632.0,11,39,5,3645.48,184.67,0,0,0,2,0
9761,265.22,18,61,1,1190.39,40.89,0,0,2,5,0
9762,465.24,14,29,3,2349.33,3.84,0,0,1,1,0
9763,1337.05,15,43,3,200.27,41.64,0,0,2,5,0
9764,1518.17,11,21,2,735.82,27.15,0,0,2,4,0
9765,1272.26,19,36,4,436.26,71.54,0,1,0,5,0
9766,811.0,17,33,3,1161.21,18.07,0,0,2,4,0
9767,2787.96,21,29,5,248.31,129.16,0,0,1,5,0
9768,1168.58,11,50,5,645.82,80.49,0,0,1,2,0
9769,2215.55,15,38,6,401.77,19.77,1,1,1,4,0
9770,186.09,19,53,1,1267.99,21.69,0,0,3,3,0
9771,21.71,10,26,3,445.96,36.47,0,0,0,3,0
9772,1456.49,21,56,3,191.38,5.25,0,0,1,5,1
9773,263.81,19,59,0,966.27,58.58,1,0,0,5,1
9774,886.74,13,62,1,1324.26,46.97,0,1,2,5,0
9775,810.7,1,25,1,326.87,19.19,0,0,0,1,0
9776,5363.65,12,37,1,1137.2,50.81,0,0,0,1,0
9777,1635.98,13,27,2,722.65,5.17,0,0,0,2,0
9778,1294.47,5,49,2,719.1,151.88,0,0,0,5,1
9779,2532.57,11,45,3,116.49,3.47,0,0,0,1,0
9780,1585.25,6,27,3,1667.81,19.94,1,1,0,2,0
9781,693.9,3,25,1,882.73,176.22,1,0,0,3,0
9782,3201.82,6,69,4,830.46,25.4,0,1,3,4,0
9783,361.5,12,64,0,929.14,108.4,0,0,3,2,0
9784,1515.12,10,50,4,808.93,8.18,0,0,0,4,1
9785,233.32,7,64,2,2184.4,3.45,0,1,0,4,0
9786,1344.72,18,66,2,1607.76,5.72,1,1,0,4,0
9787,1330.07,1,30,0,463.61,178.87,1,0,0,1,0
9788,5863.22,20,61,5,5950.49,4.65,0,0,0,2,0
9789,229.3,17,52,3,1231.84,52.74,1,1,2,2,1
9790,601.31,20,68,4,3166.96,29.04,0,0,2,3,0
9791,2496.59,9,46,2,796.1,98.59,0,1,2,2,0
9792,1533.51,5,22,2,731.95,17.43,0,0,2,5,1
9793,1313.31,23,20,1,246.45,1.47,0,0,2,3,0
9794,421.52,21,54,5,160.95,69.04,0,0,0,3,0
9795,607.4,3,58,4,675.3,44.43,0,0,1,3,0
9796,3808.69,18,23,3,506.77,28.5,0,0,0,3,0
9797,1041.58,13,65,3,916.75,19.51,0,0,0,3,0
9798,1596.17,13,59,4,384.72,114.85,0,0,0,2,0
9799,977.32,17,33,3,1185.04,6.49,0,0,3,2,0
9800,335.93,16,52,3,1373.23,7.62,1,1,2,1,0
9801,2790.04,17,35,6,2670.07,0.75,0,0,0,2,0
9802,1813.9,17,28,4,4423.25,3.77,0,1,0,1,0
9803,10999.85,4,68,6,1215.74,97.34,0,0,1,1,0
9804,397.19,8,40,4,3347.11,78.91,0,0,1,5,0
9805,2496.32,0,64,4,945.58,5.4,0,0,0,3,0
9806,295.44,3,28,2,831.46,75.66,0,0,2,5,0
9807,1283.5,6,46,4,302.27,51.23,0,0,0,3,0
9808,2911.74,10,59,3,715.6,24.51,1,0,2,1,1
9809,138.08,13,44,1,515.34,4.4,0,0,0,1,0
9810,893.43,9,26,2,311.45,46.11,0,0,0,2,0
9811,624.4,18,52,2,193.04,91.53,0,0,0,4,0
9812,543.51,7,26,8,654.14,27.3,1,0,2,3,0
9813,1611.97,2,35,1,275.58,27.62,0,0,0,4,0
9814,3363.33,7,61,5,593.3,87.63,1,0,2,1,0
9815,959.8,17,38,4,1264.56,11.82,0,0,0,3,0
9816,1346.8,4,65,2,326.45,9.47,1,1,1,1,0
9817,1229.43,19,53,1,247.78,59.47,0,0,1,2,0
9818,1098.61,10,18,6,229.5,53.42,0,1,0,1,0
9819,368.95,8,44,1,389.12,121.59,0,1,2,4,1
9820,3322.41,18,62,4,402.94,20.34,0,1,0,4,0
9821,1473.2,11,57,1,230.02,11.28,0,0,0,2,0
9822,1627.63,4,55,2,1417.96,28.0,0,0,2,2,0
9823,489.55,15,46,5,1045.84,24.21,0,0,0,1,0
9824,692.83,12,57,2,196.33,139.11,0,1,1,1,0
9825,919.53,5,36,2,285.22,124.81,0,0,0,4,1
9826,236.48,15,41,3,1307.83,27.94,0,0,1,2,0
9827,202.75,17,61,5,233.36,26.59,0,0,2,4,0
9828,601.4,16,18,7,309.66,29.44,1,0,1,2,0
9829,1849.22,11,53,6,562.34,65.63,0,0,3,5,0
9830,570.7,0,40,4,361.4,39.93,0,0,0,5,0
9831,395.91,6,30,0,3547.72,16.98,0,0,0,5,0
9832,485.57,13,47,4,955.43,73.21,1,0,1,2,0
9833,695.52,17,66,2,827.59,117.08,0,0,0,3,0
9834,769.81,22,68,5,640.57,63.25,0,0,0,5,0
9835,9561.71,0,68,5,1328.81,10.82,0,0,2,4,1
9836,3148.31,19,54,2,833.2,78.46,0,0,1,5,0
9837,3055.73,9,28,1,449.29,225.27,0,0,0,4,0
9838,3528.33,14,24,3,178.9,57.78,0,0,1,1,0
9839,403.9,10,52,2,400.46,13.98,0,1,3,2,1
9840,322.99,3,28,1,507.94,0.28,1,0,0,1,0
9841,362.54,14,66,0,973.96,24.34,0,0,0,1,0
9842,4165.14,20,60,4,1400.34,31.77,0,0,4,5,0
9843,634.48,15,64,1,665.0,120.21,1,0,0,4,1
9844,313.76,14,68,3,711.72,48.34,0,0,1,5,0
9845,712.66,16,57,3,255.19,16.54,0,0,0,2,0
9846,863.85,22,65,7,334.73,58.84,0,0,1,4,0
9847,1434.27,10,38,3,156.52,4.84,0,0,1,3,0
9848,1409.44,17,64,3,406.71,12.0,0,0,1,4,0
9849,479.06,15,20,4,863.31,68.22,0,0,2,5,0
9850,2176.9,14,47,3,1126.09,17.64,0,0,0,1,0
9851,578.71,10,41,3,387.95,1.58,0,0,0,1,0
9852,937.98,12,55,3,1560.52,34.34,0,0,0,3,0
9853,2179.33,17,20,3,2155.47,53.65,0,0,2,3,0
9854,577.19,7,54,2,1331.35,77.8,0,0,3,2,0
9855,620.58,8,50,1,1724.33,18.27,0,1,0,3,0
9856,1981.62,21,39,1,318.48,27.63,0,0,0,2,0
9857,465.11,10,48,1,210.29,40.66,0,0,0,2,0
9858,746.36,16,63,1,1383.97,3.88,1,1,1,2,0
9859,1911.69,0,29,2,2006.14,11.01,0,0,3,4,0
9860,8553.47,10,62,6,2521.37,23.04,0,1,0,4,0
9861,2009.02,6,31,5,174.74,15.54,0,1,0,1,0
9862,1759.24,7,29,3,693.08,31.35,0,0,3,5,0
9863,1864.6,18,44,7,269.04,52.6,1,0,1,4,0
9864,374.96,3,30,4,577.65,38.79,0,0,0,4,0
9865,1231.02,3,41,4,1311.59,74.41,0,0,0,5,0
9866,1064.47,18,55,2,896.66,49.22,0,0,1,1,0
9867,1512.6,23,64,4,205.58,17.26,0,0,0,2,0
9868,1232.14,8,65,5,573.31,6.39,0,0,2,5,1
9869,1603.11,16,26,2,436.93,51.04,0,0,1,1,0
9870,803.14,17,25,3,1390.12,11.91,0,1,1,4,0
9871,1162.83,0,54,4,371.04,19.19,1,0,1,2,1
9872,321.23,13,32,2,756.86,79.29,0,0,0,2,0
9873,796.39,3,24,6,514.7,12.42,0,0,2,1,0
9874,4406.49,9,41,4,2754.34,38.59,0,1,0,4,0
9875,1508.41,22,66,3,1159.35,4.98,0,0,1,5,0
9876,1073.93,13,33,3,603.08,26.94,0,0,1,2,0
9877,7303.6,6,41,2,495.4,196.3,0,0,0,3,0
9878,281.23,11,60,2,661.7,154.37,1,0,0,2,1
9879,361.6,21,24,3,3834.03,146.49,1,0,0,3,1
9880,6079.7,15,60,4,1064.55,45.21,0,0,1,2,0
9881,1148.21,4,45,3,854.44,17.46,0,0,1,1,0
9882,860.42,10,19,5,1154.33,21.92,1,0,2,4,0
9883,330.56,3,51,0,1055.33,11.54,0,1,0,5,0
9884,1715.91,12,55,7,1132.39,5.13,0,0,2,5,0
9885,1890.24,7,20,0,1151.31,9.25,0,0,2,1,0
9886,367.05,6,18,6,303.68,31.49,0,0,2,4,1
9887,953.1,10,48,3,235.55,1.37,0,0,2,5,0
9888,784.06,10,40,3,1161.91,140.01,1,0,0,1,0
9889,1416.55,16,37,1,893.1,41.23,0,0,0,2,0
9890,358.08,21,33,4,430.41,9.53,1,0,1,1,0
9891,3835.09,13,63,5,384.42,26.92,0,0,2,3,1
9892,2740.3,1,49,4,1002.58,23.6,0,0,2,2,0
9893,762.67,19,34,2,999.07,90.2,0,0,0,4,0
9894,883.23,20,35,4,200.36,6.42,0,0,2,4,0
9895,956.78,7,21,4,689.7,28.09,1,0,0,2,0
9896,503.55,21,52,2,601.15,62.12,0,0,0,1,0
9897,703.85,1,57,5,538.04,23.36,0,0,0,3,1
9898,836.92,20,53,2,278.72,22.13,0,0,3,4,0
9899,5502.01,14,40,8,382.44,20.81,0,0,0,5,0
9900,2826.0,4,32,2,516.53,71.78,0,0,0,1,0
9901,2792.39,5,30,1,150.34,6.35,0,0,0,5,0
9902,1587.52,16,31,5,1547.23,97.14,0,1,0,4,1
9903,358.77,7,31,5,628.7,3.68,1,0,2,4,0
9904,1052.06,18,54,2,418.95,19.21,0,0,1,4,0
9905,2894.27,4,22,4,295.15,24.64,0,0,0,1,0
9906,311.6,22,39,5,811.13,25.01,0,0,0,3,0
9907,2072.59,18,45,2,172.6,10.39,0,0,0,2,0
9908,11188.14,13,62,2,1186.95,46.21,1,0,1,1,0
9909,3171.05,9,21,2,1270.86,30.22,1,0,1,3,0
9910,4509.89,12,67,4,392.82,41.92,0,0,1,5,0
9911,1364.22,21,55,2,108.34,47.71,1,0,0,1,1
9912,2886.88,4,46,3,411.77,10.62,0,0,0,3,0
9913,534.94,6,54,1,519.02,126.47,0,0,0,4,0
9914,2430.53,9,52,2,600.63,88.63,0,1,0,3,0
9915,2109.88,10,37,3,2775.26,88.13,0,1,1,3,0
9916,1465.44,2,52,6,871.61,37.93,1,0,1,4,1
9917,4088.8,12,52,3,2590.19,85.75,1,0,1,2,0
9918,639.84,1,37,3,1254.7,49.37,0,0,1,2,0
9919,909.54,3,19,3,911.73,29.94,0,0,0,3,0
9920,1206.48,2,69,2,736.18,69.81,1,0,1,5,0
9921,391.66,14,35,2,137.72,45.81,1,0,0,3,0
9922,1375.99,3,47,6,127.73,0.1,0,0,1,5,0
9923,196.58,22,59,6,1217.09,290.5,0,0,1,4,0
9924,3124.27,20,46,3,625.62,28.09,1,0,1,2,0
9925,1148.99,3,56,3,1522.92,42.4,0,0,0,4,1
9926,651.39,14,69,4,190.05,26.04,1,1,1,2,1
9927,476.1,5,39,4,860.67,5.28,0,0,2,2,0
9928,867.33,22,46,5,961.21,89.79,1,0,0,1,0
9929,2182.57,4,63,2,399.82,57.37,0,1,0,1,1
9930,1896.45,11,27,1,283.68,88.16,1,0,1,1,1
9931,541.56,6,37,4,289.66,33.08,0,0,1,4,0
9932,470.58,2,33,1,378.05,78.44,1,0,1,3,1
9933,2115.19,6,23,3,447.56,79.9,0,1,1,1,1
9934,532.54,11,34,3,406.18,20.5,0,0,1,5,0
9935,1164.34,14,23,5,854.22,0.2,1,1,0,4,0
9936,1241.1,18,39,2,590.01,98.23,0,0,0,4,0
9937,1498.26,5,35,4,244.5,10.21,1,0,0,1,0
9938,2587.04,7,49,3,1030.95,101.52,0,0,0,2,0
9939,310.14,5,45,2,257.53,48.16,0,0,2,1,0
9940,162.2,2,59,4,502.69,50.36,0,0,1,1,0
9941,621.76,4,27,3,292.32,14.2,1,0,1,3,0
9942,6644.39,8,58,2,382.81,25.76,0,0,1,3,0
9943,8284.77,23,39,1,442.85,18.71,0,0,0,2,0
9944,6844.34,15,45,0,459.94,10.56,0,0,0,3,0
9945,904.17,21,32,0,551.24,64.46,0,0,1,3,0
9946,184.54,15,60,4,643.2,5.04,1,0,1,4,0
9947,105.32,8,46,2,1524.3,35.87,0,0,3,3,1
9948,593.46,17,24,1,290.62,38.39,0,0,0,1,0
9949,899.58,12,67,2,65.89,155.49,1,0,1,5,1
9950,4026.39,10,51,1,279.45,101.78,0,0,1,1,0
9951,2611.83,9,49,7,1577.4,33.83,0,0,2,3,0
9952,1376.65,9,19,3,1107.37,92.95,0,0,0,1,0
9953,450.41,5,43,1,349.59,78.17,1,0,1,1,0
9954,419.57,15,62,2,492.23,1.41,0,0,2,1,0
9955,1413.93,11,28,1,133.27,127.64,1,0,0,3,0
9956,2201.85,3,42,6,329.58,58.22,1,0,0,4,1
9957,1622.76,4,36,2,350.85,55.73,1,0,1,4,0
9958,389.71,1,37,8,1210.08,62.5,0,0,1,5,0
9959,2102.05,18,50,0,575.2,12.73,0,0,1,5,0
9960,1678.93,0,34,1,276.21,1.48,0,0,1,3,0
9961,375.9,3,69,1,213.16,13.19,0,0,1,4,1
9962,500.54,11,47,1,1293.43,79.13,0,0,0,2,0
9963,2183.09,1,35,3,587.47,45.48,0,0,1,5,0
9964,867.39,11,49,2,302.97,22.41,0,1,2,4,0
9965,5373.03,15,57,5,1440.46,13.82,0,0,2,4,0
9966,1810.09,1,62,2,1190.14,80.43,0,0,1,4,0
9967,674.09,16,21,3,439.9,30.61,0,0,1,1,0
9968,1085.5,1,49,2,250.14,47.3,0,0,1,5,1
9969,1168.39,3,36,6,2108.31,0.63,0,0,2,3,0
9970,529.33,5,20,6,1077.71,28.1,0,0,4,3,0
9971,440.28,22,55,4,585.72,0.78,1,1,0,3,0
9972,2211.42,6,45,7,244.57,77.42,0,0,2,1,1
9973,2553.64,22,55,1,928.37,14.33,0,0,1,4,0
9974,2005.77,14,23,4,286.23,9.14,0,0,0,4,0
9975,4990.63,19,57,5,1075.08,130.45,0,0,1,2,0
9976,637.93,11,34,2,984.43,0.91,0,0,2,1,0
9977,5850.43,4,59,3,372.5,11.02,0,1,0,5,0
9978,445.45,13,22,2,987.55,13.75,0,0,1,5,1
9979,398.34,15,36,4,446.22,86.52,0,0,0,5,0
9980,188.68,10,60,0,1468.06,61.91,0,1,0,4,0
9981,702.19,11,59,5,444.41,171.19,0,1,1,1,0
9982,662.67,18,52,2,1145.46,59.35,0,0,1,5,0
9983,1855.55,16,39,1,5230.06,13.48,0,1,1,4,0
9984,1399.53,23,41,1,345.73,9.13,0,0,0,3,0
9985,332.63,6,27,2,218.71,70.41,1,1,1,4,1
9986,740.46,8,19,1,693.46,115.58,0,0,0,3,0
9987,756.38,13,45,6,982.46,121.34,0,0,1,1,0
9988,185.68,19,58,4,327.27,73.72,0,0,2,2,0
9989,411.19,11,54,2,605.79,79.08,0,0,1,2,0
9990,507.34,14,34,3,347.38,54.29,1,1,1,5,0
9991,4599.14,11,23,4,192.04,66.56,0,0,0,3,0
9992,1328.03,20,60,2,802.31,6.17,0,0,0,3,0
9993,2126.36,20,22,3,650.73,19.96,0,0,0,5,0
9994,245.03,22,56,2,277.53,30.63,0,0,0,1,0
9995,3619.95,12,24,2,325.27,54.58,0,0,0,2,0
9996,4028.31,8,49,3,484.2,27.04,0,0,1,2,0
9997,148.66,23,21,3,591.41,23.5,0,0,0,5,0
9998,541.68,6,38,3,206.24,41.46,0,0,0,1,0
9999,1800.4,0,59,2,380.03,25.08,0,0,1,2,0
10000,2088.89,9,49,1,1609.83,3.77,0,0,0,3,0
